iddesa,B1_MarketAccess_score,B2_Perbankan_score,B3_AgriInfra_score,B4_Physical_Connectivity_score,B5_Digital_Connectivity_score,B6_HumanCapital_score,B7_Health_score
7401050016,1.0817970644988792,-0.3308759096727273,-0.2568479535287609,1.165864515410082,1.493666157058982,-0.2950771553274504,-0.17619452736707852
7401050019,-0.7770455076879406,-0.3308759096727273,-1.4752583028168516,1.165864515410082,1.493666157058982,-0.9267053735788015,-0.17619452736707852
7401050020,-0.2805050907575486,-0.3308759096727273,-1.4752583028168516,1.165864515410082,-0.4563259938515798,-0.06385709685093505,-0.17619452736707852
7401050021,1.3405081315880978,1.2997129154576343,-1.4752583028168516,1.165864515410082,0.3407842468524084,1.6236769575040588,-0.17619452736707852
7401050022,-0.2805050907575486,-0.3308759096727273,-1.4752583028168516,0.6455335836972547,-0.8120976633541652,-0.9267053735788015,-0.17619452736707852
7401050023,1.7919963850366225,-0.3308759096727273,0.5740252195702229,1.165864515410082,0.3407842468524084,1.846092740544121,-0.17619452736707852
7401050025,0.10372594694303011,-0.3308759096727273,0.9487834712310574,1.165864515410082,0.3407842468524084,-0.06385709685093505,-0.07771807336523329
7401050027,-0.6950200561406923,-0.3308759096727273,-1.4752583028168516,1.165864515410082,0.3407842468524084,-0.9267053735788015,-0.17619452736707852
7401050028,-0.9662173720700553,-0.3308759096727273,-1.4752583028168516,1.165864515410082,1.493666157058982,0.9920487392527079,-0.17619452736707852
7401050029,-0.21346575943873344,-0.3308759096727273,-0.09876982556191259,1.165864515410082,0.3407842468524084,1.6236769575040588,-0.17619452736707852
7401050030,-0.2618198457553564,-0.3308759096727273,-0.5429443347671257,0.6455335836972547,0.3407842468524084,0.567771121400416,-0.17619452736707852
7401050031,0.20104920594441034,-0.3308759096727273,-1.4752583028168516,0.6455335836972547,0.3407842468524084,2.19574557999327,-0.17619452736707852
7401050032,-0.6950200561406923,-0.3308759096727273,0.5740252195702229,0.6455335836972547,0.3407842468524084,1.4306193981282822,-0.17619452736707852
7401051008,3.397202137996461,2.5771340673209866,-1.4752583028168516,0.6455335836972547,1.493666157058982,3.7573142620551288,2.830721663073692
7401051009,-1.3484485207989154,1.2997129154576343,-1.4752583028168516,0.6455335836972547,-0.8120976633541652,-0.9267053735788015,-0.3445411374154851
7401051011,-0.42382274021132926,-0.3308759096727273,-0.38904166808209883,1.165864515410082,0.3407842468524084,-0.2950771553274504,-0.17619452736707852
7401051012,1.3774814196534788,-0.3308759096727273,0.021876634089951674,1.165864515410082,1.493666157058982,4.804415822722318,-0.17619452736707852
7401051013,-0.3127889074118329,-0.3308759096727273,-1.4752583028168516,0.6455335836972547,0.3407842468524084,1.6236769575040588,-0.17619452736707852
7401051014,-1.3484485207989154,-0.3308759096727273,-1.4752583028168516,0.6455335836972547,0.3407842468524084,-0.9267053735788015,-0.17619452736707852
7401051015,1.6842564675006255,-0.3308759096727273,0.5432722999676272,1.165864515410082,0.3407842468524084,1.831027557903118,-0.17619452736707852
7401051017,-0.6950200561406923,-0.3308759096727273,-1.4752583028168516,0.6455335836972547,-0.8120976633541652,-0.9267053735788015,-0.17619452736707852
7401051021,1.302025318771766,1.2997129154576343,-1.4752583028168516,0.6455335836972547,1.493666157058982,0.7012690850140524,-0.17619452736707852
7401051023,-0.9662173720700553,-0.3308759096727273,-0.4789352081313674,0.12520265198442712,0.3407842468524084,0.34408365424440207,-0.17619452736707852
7401052002,1.6303733447739845,1.2997129154576343,-1.4752583028168516,1.165864515410082,1.493666157058982,2.2628377670759114,-0.17619452736707852
7401052004,-0.5497025177151927,-0.3308759096727273,0.37982881145363784,1.165864515410082,-0.8120976633541652,-0.06385709685093505,-0.17619452736707852
7401052005,1.8946134482732215,-0.3308759096727273,3.378232376187587,0.6455335836972547,-2.3207512430633237,4.38894248030648,-0.07771807336523329
7401052006,-0.2618198457553564,-0.3308759096727273,-1.4752583028168516,0.6455335836972547,-0.8120976633541652,2.25530517575541,-0.17619452736707852
7401052007,-0.3127889074118329,-0.3308759096727273,-1.4752583028168516,0.6455335836972547,-0.8120976633541652,2.25530517575541,-0.3445411374154851
7401052008,-0.48466307536809655,1.2997129154576343,-0.4789352081313674,0.12520265198442712,0.3407842468524084,1.1993993396517673,-0.3445411374154851
7401052009,1.4473428571972657,-0.3308759096727273,-0.4789352081313674,1.165864515410082,0.3407842468524084,3.5260942035786136,-0.3445411374154851
7401052011,1.5432932001215434,-0.3308759096727273,-1.4752583028168516,1.165864515410082,0.3407842468524084,0.12920046252484146,-0.3445411374154851
7401060006,0.7571544116012536,1.2997129154576343,-0.833216177287312,0.6455335836972547,1.493666157058982,0.34408365424440207,-0.17619452736707852
7401060007,0.5081392486497995,4.207722892451349,-1.4752583028168516,0.6455335836972547,1.493666157058982,3.259184007417415,-0.17619452736707852
7401060008,-0.8668942240969559,-0.3308759096727273,-0.4789352081313674,0.6455335836972547,1.493666157058982,0.33655106292390086,-0.17619452736707852
7401060009,2.951776272036135,-0.3308759096727273,-0.833216177287312,0.6455335836972547,1.493666157058982,1.8385601492236197,1.3272635678533067
7401060010,0.6312746340973896,-0.3308759096727273,0.6639187596194914,0.6455335836972547,1.493666157058982,2.663245926850747,-0.3445411374154851
7401060011,-0.6950200561406923,1.2997129154576343,1.1594300120836565,0.6455335836972547,1.493666157058982,1.6236769575040588,-0.3445411374154851
7401060013,1.2975491544882598,1.2997129154576343,-1.4752583028168516,0.6455335836972547,1.493666157058982,0.9757118724957532,1.1589169578049001
7401060017,1.6764194205258398,1.2997129154576343,-0.4789352081313674,1.668253587092138,1.493666157058982,-0.06385709685093505,-0.17619452736707852
7401060018,0.29089792235342604,-0.3308759096727273,-0.4789352081313674,0.6455335836972547,1.493666157058982,0.9920487392527079,-0.3445411374154851
7401060019,0.755154522629534,-0.3308759096727273,-0.03476069892615435,0.6455335836972547,1.493666157058982,0.34408365424440207,-0.3445411374154851
7401060020,0.10372594694303011,-0.3308759096727273,-1.0310837936116386,0.6455335836972547,1.493666157058982,2.2628377670759114,-0.17619452736707852
7401060021,0.3664685155673155,2.9303017405879963,-1.4752583028168516,0.6455335836972547,1.493666157058982,2.2032781713137717,-0.17619452736707852
7401060022,-0.04159159148246938,-0.3308759096727273,-1.4752583028168516,0.6455335836972547,-2.3207512430633237,0.567771121400416,-0.3445411374154851
7401060029,0.06944224131702698,-0.3308759096727273,-0.2713374373427947,0.6455335836972547,-0.8120976633541652,1.1993993396517673,-0.3445411374154851
7401060030,2.1634469274870294,-0.3308759096727273,-0.5429443347671257,0.6455335836972547,0.3407842468524084,0.9845161479322064,-0.3445411374154851
7401060031,0.5513214295239584,-0.3308759096727273,0.4533787599183585,1.165864515410082,0.3407842468524084,-0.5099603470470111,-0.3445411374154851
7401061025,0.047842935244669815,-0.3308759096727273,-1.4752583028168516,0.6455335836972547,0.3407842468524084,-0.2950771553274504,-0.3445411374154851
7401061027,-0.12361704302971765,-0.3308759096727273,-0.833216177287312,1.165864515410082,0.3407842468524084,-0.2950771553274504,-0.3445411374154851
7401061028,-0.3625305423047968,-0.3308759096727273,-1.4752583028168516,1.165864515410082,0.3407842468524084,0.567771121400416,-0.3445411374154851
7401061030,1.3343091354260501,1.2997129154576343,-0.833216177287312,1.165864515410082,0.3407842468524084,0.9324891434905679,-0.3445411374154851
7401062001,-0.42382274021132926,-0.3308759096727273,-1.4752583028168516,0.6455335836972547,-0.8120976633541652,-0.9267053735788015,-0.17619452736707852
7401110002,1.0308280028424026,-0.3308759096727273,4.521192885089912,0.6455335836972547,0.3407842468524084,4.181591879907421,-0.17619452736707852
7401110003,2.3894065097347688,-0.3308759096727273,3.5248697904044275,0.6455335836972547,0.3407842468524084,-0.07138968817143662,-0.17619452736707852
7401110004,0.9197941700429063,-0.3308759096727273,3.468232457388322,0.6455335836972547,0.3407842468524084,0.567771121400416,-0.3445411374154851
7401110005,1.4804233743950501,4.207722892451349,2.9673140740155364,0.6455335836972547,0.3407842468524084,2.2628377670759114,-0.17619452736707852
7401110006,-1.2031309823734155,-0.3308759096727273,-0.03476069892615435,0.6455335836972547,-0.8120976633541652,-0.9267053735788015,-0.17619452736707852
7401110007,0.48595709567188994,-0.3308759096727273,0.5740252195702229,0.6455335836972547,-0.8120976633541652,0.9757118724957532,-0.17619452736707852
7401110008,-0.3127889074118329,-0.3308759096727273,1.523441135703847,0.6455335836972547,0.3407842468524084,0.567771121400416,-0.17619452736707852
7401110009,0.3773995381841801,-0.3308759096727273,2.1014741345976287,0.6455335836972547,-0.8120976633541652,1.5641173617419188,-0.17619452736707852
7401110010,0.7939143925390428,-0.3308759096727273,-1.4752583028168516,0.6455335836972547,0.3407842468524084,-0.06385709685093505,-0.17619452736707852
7401110011,-0.20504898987583606,-0.3308759096727273,1.2160673450997626,0.6455335836972547,0.3407842468524084,-0.9267053735788015,-0.3445411374154851
7401110012,-0.36667203013847394,-0.3308759096727273,4.9525884697668525,0.6455335836972547,0.3407842468524084,2.2032781713137717,-0.3445411374154851
7401110013,1.0817970644988792,-0.3308759096727273,3.963637168701021,0.6455335836972547,0.3407842468524084,-0.2950771553274504,-0.17619452736707852
7401110014,-0.6950200561406923,-0.3308759096727273,0.6072814266033855,1.165864515410082,-0.8120976633541652,0.9324891434905679,-0.3445411374154851
7401110015,-0.7770455076879406,-0.3308759096727273,1.5837496769276949,1.165864515410082,-0.8120976633541652,-0.9267053735788015,-0.3445411374154851
7401110016,0.8589538348861391,-0.3308759096727273,0.8975532691235716,1.165864515410082,0.3407842468524084,0.12920046252484146,-0.3445411374154851
7401110017,-0.1674713689863329,-0.3308759096727273,3.5248697904044275,0.12520265198442712,0.3407842468524084,-0.287544564006949,-0.3445411374154851
7402010008,2.9977706624885356,-0.3308759096727273,1.6005557512248432,0.6275917236664831,0.3407842468524084,3.7648468533756305,-0.17619452736707852
7402010011,3.6889348270363578,2.2535462322538633,-0.38904166808209883,1.668253587092138,0.3407842468524084,2.2628377670759114,-0.3445411374154851
7402010013,1.395398184873196,2.2535462322538633,-0.38904166808209883,0.6275917236664831,0.3407842468524084,0.34408365424440207,-0.3445411374154851
7402010014,0.25861410569914167,1.2997129154576343,-0.38904166808209883,1.668253587092138,1.493666157058982,-0.06385709685093505,-0.17619452736707852
7402010015,0.033864509399243126,1.2997129154576343,-0.833216177287312,1.668253587092138,0.3407842468524084,-0.5099603470470111,2.5477568011133727
7402010016,-0.21346575943873344,-0.3308759096727273,0.17283707186241826,1.668253587092138,1.493666157058982,2.210810762634273,-0.3445411374154851
7402010017,0.1368064641408146,1.2997129154576343,-0.38904166808209883,1.668253587092138,1.493666157058982,1.5716499530624204,1.0442987058929873
7402010018,0.14048592788081987,-0.3308759096727273,-0.38904166808209883,1.668253587092138,0.3407842468524084,-0.2950771553274504,-0.3445411374154851
7402010019,-0.42382274021132926,-0.3308759096727273,-0.2713374373427947,1.668253587092138,-0.8120976633541652,5.650927232693229,-0.3445411374154851
7402011001,-1.3484485207989154,1.2997129154576343,-0.4789352081313674,-1.773831374782383,0.3407842468524084,-0.9267053735788015,-0.3445411374154851
7402011002,1.1761455412679027,2.2535462322538633,-0.4789352081313674,0.12520265198442712,0.3407842468524084,0.567771121400416,-0.3445411374154851
7402011003,0.9769448801157616,1.2997129154576343,-0.4789352081313674,1.165864515410082,0.3407842468524084,2.2628377670759114,6.057133267710094
7402011006,0.5509965380189858,-0.3308759096727273,-1.4752583028168516,1.668253587092138,0.3407842468524084,0.34408365424440207,-0.17619452736707852
7402020010,-0.3625305423047968,-0.3308759096727273,-1.0310837936116386,0.12520265198442712,0.3407842468524084,1.2069319309722684,-0.17619452736707852
7402020011,0.7052496694654409,1.2997129154576343,1.5395953946531113,0.6275917236664831,0.3407842468524084,0.768361272096694,-0.3445411374154851
7402020012,1.3774814196534788,1.2997129154576343,-0.38904166808209883,1.668253587092138,0.3407842468524084,-0.06385709685093505,1.3272635678533067
7402020013,-0.6195639552589798,-0.3308759096727273,0.6639187596194914,0.12520265198442712,0.3407842468524084,-0.9267053735788015,-0.3445411374154851
7402020014,-0.12361704302971765,-0.3308759096727273,-0.38904166808209883,0.12520265198442712,0.3407842468524084,0.34408365424440207,-0.3445411374154851
7402020016,1.3405081315880978,-0.3308759096727273,-1.4752583028168516,0.12520265198442712,0.3407842468524084,2.8944659853272627,1.3272635678533067
7402020017,-0.48466307536809655,-0.3308759096727273,-0.38904166808209883,-0.7690532314182711,-0.8120976633541652,1.2069319309722684,-0.17619452736707852
7402020018,1.2199998672245178,-0.3308759096727273,-1.0310837936116386,-0.7690532314182711,0.3407842468524084,0.567771121400416,-0.17619452736707852
7402020019,-0.8668942240969559,-0.3308759096727273,-0.38904166808209883,0.12520265198442712,0.3407842468524084,0.7012690850140524,-0.3445411374154851
7402020020,0.463240381859958,-0.3308759096727273,-1.4752583028168516,1.165864515410082,0.3407842468524084,0.34408365424440207,-0.3445411374154851
7402021006,-0.7770455076879406,-0.3308759096727273,-1.0310837936116386,0.12520265198442712,-0.8120976633541652,1.2069319309722684,-0.3445411374154851
7402021007,-0.36667203013847394,-0.3308759096727273,-1.4752583028168516,-0.7690532314182711,0.3407842468524084,0.34408365424440207,-0.17619452736707852
7402021008,1.0308280028424026,-0.3308759096727273,-1.4752583028168516,0.12520265198442712,1.493666157058982,1.6236769575040588,-0.17619452736707852
7402021011,-1.3484485207989154,-0.3308759096727273,-1.0310837936116386,0.12520265198442712,-0.8120976633541652,1.2069319309722684,-0.3445411374154851
7402021012,1.1301511508155022,-0.3308759096727273,-1.4752583028168516,0.12520265198442712,0.3407842468524084,0.34408365424440207,1.212645315941394
7402022003,2.6809038476117446,-0.3308759096727273,-0.7100627308468688,-0.7690532314182711,0.3407842468524084,2.670778518171249,-0.17619452736707852
7402022004,1.9268972649275058,-0.3308759096727273,-1.4752583028168516,-1.773831374782383,0.3407842468524084,1.8385601492236197,-0.3445411374154851
7402030001,2.124600391204695,-0.3308759096727273,3.1416556377709464,-0.7690532314182711,-0.8120976633541652,1.2069319309722684,-0.3445411374154851
7402030002,0.3729233739006743,-0.3308759096727273,0.21974425041427825,0.12520265198442712,-0.8120976633541652,2.4701883674749707,-0.17619452736707852
7402030003,1.6764194205258398,-0.3308759096727273,0.21974425041427825,1.1479226553793105,1.493666157058982,2.4701883674749707,-0.17619452736707852
7402030004,-0.12361704302971765,-0.3308759096727273,0.21974425041427825,0.12520265198442712,0.3407842468524084,-0.2950771553274504,-0.3445411374154851
7402030006,0.591989866315179,-0.3308759096727273,0.21974425041427825,1.1479226553793105,0.3407842468524084,2.670778518171249,1.0442987058929873
7402030007,-0.7886160169902718,-0.3308759096727273,0.21974425041427825,-0.7690532314182711,0.3407842468524084,-0.9267053735788015,-0.3445411374154851
7402030008,1.2199998672245178,2.5771340673209866,0.21974425041427825,1.1479226553793105,0.3407842468524084,2.8944659853272627,2.830721663073692
7402030009,-0.8668942240969559,-0.3308759096727273,0.21974425041427825,0.12520265198442712,-0.8120976633541652,-0.2950771553274504,-0.3445411374154851
7402030010,-0.13518755233204904,-0.3308759096727273,0.21974425041427825,0.12520265198442712,0.3407842468524084,-0.2950771553274504,-0.3445411374154851
7402030019,0.047842935244669815,-0.3308759096727273,0.21974425041427825,0.6455335836972547,0.3407842468524084,-0.9267053735788015,-0.3445411374154851
7402031001,0.22960572444689353,-0.3308759096727273,2.592555822354702,0.25366677197661225,-0.8120976633541652,1.831027557903118,-0.3445411374154851
7402031002,-0.42382274021132926,-0.3308759096727273,-0.38904166808209883,-0.24872229970544366,0.3407842468524084,-0.2950771553274504,-0.3445411374154851
7402031003,-0.6195639552589798,-0.3308759096727273,5.568639640731415,-0.7690532314182711,-0.8120976633541652,0.33655106292390086,-0.17619452736707852
7402031004,0.4767226861572795,-0.3308759096727273,1.6602418543049757,0.6455335836972547,-0.8120976633541652,0.9757118724957532,1.1589169578049001
7402031005,5.6193165839720045,-0.3308759096727273,0.6639187596194914,-0.24872229970544366,0.3407842468524084,2.19574557999327,-0.17619452736707852
7402031006,-0.42382274021132926,-0.3308759096727273,1.6602418543049757,-0.24872229970544366,-0.8120976633541652,0.33655106292390086,-0.3445411374154851
7402031007,-1.2031309823734155,-0.3308759096727273,1.6602418543049757,0.25366677197661225,0.3407842468524084,-0.9342379648993031,-0.3445411374154851
7402031008,0.9197941700429063,-0.3308759096727273,3.0879605336674003,-0.24872229970544366,0.3407842468524084,2.2628377670759114,-0.17619452736707852
7402031009,0.1368064641408146,-0.3308759096727273,2.592555822354702,0.6455335836972547,0.3407842468524084,4.796883231401818,1.1589169578049001
7402032001,1.0308280028424026,-0.3308759096727273,-0.38904166808209883,1.1479226553793105,0.3407842468524084,-0.2950771553274504,-0.3445411374154851
7402032002,-0.48466307536809655,-0.3308759096727273,1.6602418543049757,1.1479226553793105,0.3407842468524084,0.7012690850140524,-0.3445411374154851
7402032003,-0.36667203013847394,-0.3308759096727273,-0.38904166808209883,0.12520265198442712,0.3407842468524084,0.567771121400416,-0.3445411374154851
7402032004,1.4130591515712625,-0.3308759096727273,1.6602418543049757,1.1479226553793105,0.3407842468524084,5.22869344057461,-0.17619452736707852
7402061001,0.41609565812810245,-0.3308759096727273,1.1691601665479026,1.165864515410082,-0.8120976633541652,-0.2950771553274504,-0.3445411374154851
7402061005,1.6022310159533772,-0.3308759096727273,1.1691601665479026,0.6455335836972547,-0.8120976633541652,-0.2950771553274504,-0.3445411374154851
7402062002,2.117456677885962,1.2997129154576343,4.13797873245643,0.6455335836972547,0.3407842468524084,2.8944659853272627,2.7161034111617792
7402062005,2.580325729585728,-0.3308759096727273,2.222120594249493,0.6455335836972547,0.3407842468524084,1.8385601492236197,-0.17619452736707852
7402062006,1.4130591515712625,-0.3308759096727273,0.17283707186241826,0.6455335836972547,0.3407842468524084,1.6236769575040588,-0.17619452736707852
7402062007,1.9268972649275058,-0.3308759096727273,4.13797873245643,0.6455335836972547,0.3407842468524084,1.8385601492236197,-0.3445411374154851
7402062008,-0.2618198457553564,-0.3308759096727273,3.5858301469761593,1.1479226553793105,0.3407842468524084,0.06964086676270143,-0.3445411374154851
7402070023,1.3037481506503088,14.80154040988142,-1.4752583028168516,0.6455335836972547,0.3407842468524084,-0.2950771553274504,17.599858526660608
7402071004,1.7352255291571022,2.2535462322538633,-1.4752583028168516,0.6455335836972547,0.3407842468524084,1.6236769575040588,1.212645315941394
7402072001,1.851756158904035,-0.3308759096727273,-0.2713374373427947,0.6455335836972547,0.3407842468524084,-0.9267053735788015,2.5477568011133727
7402072006,1.955453783429989,-0.3308759096727273,-1.4752583028168516,0.12520265198442712,0.3407842468524084,5.452380907730625,-0.3445411374154851
7402073002,7.879807675128284,14.80154040988142,-0.5429443347671257,0.6455335836972547,0.3407842468524084,15.899509062627939,13.014930524348376
7402080008,1.5123822995443619,-0.3308759096727273,5.139708958050535,1.165864515410082,-0.8120976633541652,1.6236769575040588,-0.17619452736707852
7402080009,-1.0772512048695522,-0.3308759096727273,2.222120594249493,1.165864515410082,-0.8120976633541652,0.06964086676270143,-0.3445411374154851
7402080010,2.5375088647423136,4.207722892451349,2.222120594249493,1.165864515410082,0.3407842468524084,6.016916938899334,4.219561506382164
7402080011,2.2838018094322075,-0.3308759096727273,2.222120594249493,1.165864515410082,0.3407842468524084,5.860321658825962,-0.3445411374154851
7402080012,1.7165402841549098,-0.3308759096727273,3.154434562299219,0.12520265198442712,-0.8120976633541652,-0.2950771553274504,-0.3445411374154851
7402080013,1.302025318771766,-0.3308759096727273,2.222120594249493,1.165864515410082,0.3407842468524084,1.6236769575040588,1.0442987058929873
7402081001,1.4453429682255463,-0.3308759096727273,-0.5429443347671257,0.12520265198442712,0.3407842468524084,0.9324891434905679,1.0442987058929873
7402081002,0.591989866315179,-0.3308759096727273,-0.38904166808209883,0.6455335836972547,1.493666157058982,2.6200231978455624,1.3111217699432391
7402081007,1.1385679203783996,-0.3308759096727273,-0.38904166808209883,0.12520265198442712,0.3407842468524084,2.701408425951486,-0.3445411374154851
7402090011,-0.7886160169902718,-0.3308759096727273,-1.4752583028168516,2.7964408548625754,0.3407842468524084,-0.9267053735788015,-0.3445411374154851
7402090012,1.6345148326076615,2.5771340673209866,-1.4752583028168516,1.165864515410082,0.3407842468524084,1.6148726820676058,-0.3445411374154851
7402090013,1.302025318771766,-0.3308759096727273,-1.4752583028168516,1.165864515410082,0.3407842468524084,0.567771121400416,-0.17619452736707852
7402091007,1.915332919800919,-0.3308759096727273,-1.4752583028168516,1.165864515410082,1.493666157058982,2.2628377670759114,-0.17619452736707852
7402091008,-0.36667203013847394,-0.3308759096727273,-0.5429443347671257,2.7964408548625754,-0.8120976633541652,1.2069319309722684,-0.3445411374154851
7402091010,-0.04159159148246938,-0.3308759096727273,-1.4752583028168516,1.165864515410082,0.3407842468524084,-0.06385709685093505,-0.3445411374154851
7402092002,-0.08171245511153935,-0.3308759096727273,-1.4752583028168516,1.165864515410082,0.3407842468524084,0.34408365424440207,-0.17619452736707852
7402092004,1.302025318771766,-0.3308759096727273,-1.4752583028168516,1.165864515410082,0.3407842468524084,-0.2950771553274504,-0.17619452736707852
7402111004,-0.36667203013847394,-0.3308759096727273,-0.38904166808209883,1.165864515410082,-0.8120976633541652,0.567771121400416,-0.3445411374154851
7402111005,0.591989866315179,-0.3308759096727273,-0.2713374373427947,-1.773831374782383,0.3407842468524084,-0.06385709685093505,-0.17619452736707852
7402111008,0.3773995381841801,-0.3308759096727273,-0.833216177287312,1.165864515410082,0.3407842468524084,-0.9267053735788015,-0.17619452736707852
7402111009,1.0308280028424026,-0.3308759096727273,0.5432722999676272,1.165864515410082,-0.8120976633541652,3.0661264480416377,-0.07771807336523329
7402112001,0.3773995381841801,-0.3308759096727273,-0.38904166808209883,1.165864515410082,-0.8120976633541652,2.25530517575541,-0.3445411374154851
7402112002,0.791914503567324,-0.3308759096727273,-0.46920505366712134,1.165864515410082,0.3407842468524084,2.8349063895651225,-0.17619452736707852
7402112003,1.0631118194966869,-0.3308759096727273,-1.4752583028168516,0.6275917236664831,0.3407842468524084,1.1993993396517673,-0.3445411374154851
7403090012,-0.36667203013847394,-0.3308759096727273,2.1483813131494887,0.6455335836972547,-0.8120976633541652,-0.2950771553274504,-0.3445411374154851
7403090013,-1.2031309823734155,-0.3308759096727273,-1.4752583028168516,0.6455335836972547,-0.8120976633541652,-0.9267053735788015,-0.3445411374154851
7403090018,-0.8668942240969559,-0.3308759096727273,-0.5429443347671257,0.6455335836972547,0.3407842468524084,-0.06385709685093505,-0.17619452736707852
7403090019,-0.48466307536809655,-0.3308759096727273,-0.4789352081313674,0.6455335836972547,-0.8120976633541652,-0.9267053735788015,-0.3445411374154851
7403091009,-1.3484485207989154,-0.3308759096727273,0.16310691739817224,1.165864515410082,0.3407842468524084,-0.9267053735788015,-0.3445411374154851
7403091010,-1.520322688755179,-0.3308759096727273,1.0954208854478982,1.165864515410082,0.3407842468524084,0.9920487392527079,-0.3445411374154851
7403091011,-0.6195639552589798,-0.3308759096727273,1.0954208854478982,1.165864515410082,-0.8120976633541652,-0.9267053735788015,-0.3445411374154851
7403100013,-0.42382274021132926,-0.3308759096727273,-1.4752583028168516,-0.8795754913796848,-2.3207512430633237,0.5753037127209174,-0.3445411374154851
7403100015,0.9769448801157616,-0.3308759096727273,-1.4752583028168516,1.1479226553793105,1.493666157058982,-1.5658661831506542,-0.3445411374154851
7403100016,-0.36667203013847394,-0.3308759096727273,-1.4752583028168516,0.6455335836972547,1.493666157058982,-0.9267053735788015,-0.3445411374154851
7403100017,-0.48466307536809655,-0.3308759096727273,-1.4752583028168516,0.6455335836972547,1.493666157058982,-1.5658661831506542,-0.3445411374154851
7403100018,-0.1674713689863329,2.2535462322538633,-0.5429443347671257,1.1479226553793105,1.493666157058982,0.5753037127209174,-0.3445411374154851
7403100019,-0.8668942240969559,-0.3308759096727273,-1.4752583028168516,1.1479226553793105,1.493666157058982,-1.5658661831506542,-0.3445411374154851
7403100024,-0.7770455076879406,-0.3308759096727273,-1.4752583028168516,1.1479226553793105,0.3407842468524084,-0.5099603470470111,-0.3445411374154851
7403101010,-0.7770455076879406,-0.3308759096727273,-1.4752583028168516,-0.8795754913796848,0.3407842468524084,-0.9267053735788015,-0.3445411374154851
7403101011,-0.36667203013847394,-0.3308759096727273,-1.4752583028168516,-0.8795754913796848,0.3407842468524084,-1.5658661831506542,-0.3445411374154851
7403101012,-0.12361704302971765,-0.3308759096727273,-0.38904166808209883,-0.8795754913796848,0.3407842468524084,-0.9267053735788015,-0.3445411374154851
7403101013,0.1687653892901263,-0.3308759096727273,-1.4752583028168516,-0.8795754913796848,0.3407842468524084,-0.2950771553274504,-0.3445411374154851
7403101014,1.0817970644988792,-0.3308759096727273,-0.833216177287312,-0.8795754913796848,0.3407842468524084,1.6236769575040588,-0.17619452736707852
7403101015,-0.48466307536809655,-0.3308759096727273,-0.833216177287312,-0.8795754913796848,0.3407842468524084,-1.5658661831506542,-0.3445411374154851
7403101026,-0.42382274021132926,-0.3308759096727273,-1.4752583028168516,-1.773831374782383,0.3407842468524084,-1.5658661831506542,-0.3445411374154851
7403101027,-0.7770455076879406,-0.3308759096727273,-1.4752583028168516,-1.773831374782383,0.3407842468524084,-1.5658661831506542,-0.3445411374154851
7403101028,-0.7770455076879406,-0.3308759096727273,-1.4752583028168516,-0.8795754913796848,0.3407842468524084,-0.9267053735788015,-0.3445411374154851
7403102003,-1.0772512048695522,-0.3308759096727273,-0.38904166808209883,-2.510151830832179,-2.3207512430633237,-1.5658661831506542,-0.3445411374154851
7403102004,-0.36667203013847394,-0.3308759096727273,-0.9321499854494752,-2.510151830832179,-2.3207512430633237,-0.06385709685093505,-0.3445411374154851
7403102006,-0.42382274021132926,-0.3308759096727273,-0.38904166808209883,-1.773831374782383,-5.338058402481641,-0.9267053735788015,-0.3445411374154851
7403102009,-0.48466307536809655,-0.3308759096727273,-1.4752583028168516,1.165864515410082,0.3407842468524084,-1.5658661831506542,-0.3445411374154851
7403102010,-1.0772512048695522,-0.3308759096727273,-1.4752583028168516,1.165864515410082,0.3407842468524084,-0.06385709685093505,-0.3445411374154851
7403102015,-0.13518755233204904,-0.3308759096727273,-0.833216177287312,-1.773831374782383,0.3407842468524084,-0.9267053735788015,-0.3445411374154851
7403103001,-0.1674713689863329,-0.3308759096727273,-0.833216177287312,-0.8795754913796848,0.3407842468524084,-0.06385709685093505,-0.3445411374154851
7403103002,-0.9662173720700553,-0.3308759096727273,-1.4752583028168516,-5.005512746326653,0.3407842468524084,-0.06385709685093505,-0.17619452736707852
7403103003,-0.5497025177151927,-0.3308759096727273,-1.4752583028168516,-1.773831374782383,0.3407842468524084,-1.5658661831506542,-0.3445411374154851
7403103007,-0.7770455076879406,-0.3308759096727273,-1.4752583028168516,-5.899768629729351,1.493666157058982,-0.06385709685093505,-0.3445411374154851
7403103008,-0.04159159148246938,-0.3308759096727273,-1.4752583028168516,-5.005512746326653,1.493666157058982,-1.5658661831506542,-0.3445411374154851
7403103009,0.6503196859920855,-0.3308759096727273,-1.4752583028168516,-5.005512746326653,0.3407842468524084,-0.9267053735788015,-0.3445411374154851
7403103010,0.39160861890286647,-0.3308759096727273,-1.4752583028168516,-5.005512746326653,1.493666157058982,-1.5658661831506542,-0.3445411374154851
7403103012,-0.6950200561406923,-0.3308759096727273,-1.4752583028168516,-5.005512746326653,0.3407842468524084,-0.9267053735788015,-0.3445411374154851
7403103014,-1.2031309823734155,-0.3308759096727273,-1.4752583028168516,-5.005512746326653,0.3407842468524084,-1.5658661831506542,-0.3445411374154851
7403104003,-0.42382274021132926,-0.3308759096727273,-1.4752583028168516,1.1479226553793105,0.3407842468524084,0.29332833391871543,-0.3445411374154851
7403104004,-0.7770455076879406,-0.3308759096727273,-1.4752583028168516,1.1479226553793105,0.3407842468524084,-0.9267053735788015,-0.3445411374154851
7403104008,-0.6195639552589798,-0.3308759096727273,-1.4752583028168516,0.6275917236664831,0.3407842468524084,-0.9267053735788015,-0.3445411374154851
7403104009,-1.0772512048695522,-0.3308759096727273,-1.4752583028168516,0.12520265198442712,-1.1678693328567504,-1.5658661831506542,-0.3445411374154851
7403104010,-0.7770455076879406,-0.3308759096727273,-1.4752583028168516,-0.8795754913796848,0.3407842468524084,-0.06385709685093505,-0.3445411374154851
7403105001,-0.003108778666137679,-0.3308759096727273,-1.4752583028168516,1.165864515410082,0.3407842468524084,-0.9267053735788015,-0.3445411374154851
7403105002,-0.42382274021132926,-0.3308759096727273,-1.0310837936116386,1.165864515410082,1.493666157058982,-0.7030179064227877,-0.3445411374154851
7403105003,-0.42382274021132926,-0.3308759096727273,-1.0310837936116386,1.165864515410082,1.493666157058982,-0.9267053735788015,-0.3445411374154851
7403105004,-0.1674713689863329,-0.3308759096727273,-1.0310837936116386,-0.8795754913796848,0.3407842468524084,0.12920046252484146,-0.17619452736707852
7403105005,2.012604493502844,-0.3308759096727273,-1.4752583028168516,-0.37718641969762884,-1.1678693328567504,-0.9267053735788015,1.0442987058929873
7403105006,1.5866561514060686,2.5771340673209866,-1.0310837936116386,-0.8795754913796848,1.493666157058982,-0.06385709685093505,-0.3445411374154851
7403105007,1.9356067765694145,-0.3308759096727273,-0.4222978751152614,-0.8795754913796848,0.3407842468524084,-0.9267053735788015,-0.3445411374154851
7403105008,0.047842935244669815,-0.3308759096727273,0.021876634089951674,1.165864515410082,0.3407842468524084,-1.5658661831506542,-0.3445411374154851
7403105009,1.0308280028424026,-0.3308759096727273,4.5821532416616435,1.165864515410082,1.493666157058982,-0.06385709685093505,-0.3445411374154851
7403105010,-0.07014810998495274,-0.3308759096727273,2.0916374389819166,1.165864515410082,-1.1678693328567504,-0.9267053735788015,-0.3445411374154851
7403130045,-0.3625305423047968,-0.3308759096727273,-1.4752583028168516,0.42954405936028633,0.3407842468524084,-0.06385709685093505,-0.3445411374154851
7403130046,0.20104920594441034,-0.3308759096727273,1.5063391876199488,0.42954405936028633,0.3407842468524084,0.3528879296808554,-0.3445411374154851
7403130047,-0.5497025177151927,-0.3308759096727273,0.5945025020751129,-5.005512746326653,-0.8120976633541652,-0.06385709685093505,-0.3445411374154851
7403130048,0.7285978930987698,-0.3308759096727273,-0.04753962345442674,1.668253587092138,1.493666157058982,-0.9267053735788015,-0.3445411374154851
7403130049,-0.8668942240969559,-0.3308759096727273,-0.833216177287312,1.1479226553793105,0.3407842468524084,0.9920487392527079,-0.3445411374154851
7403130055,-0.7770455076879406,2.5771340673209866,0.21974425041427825,1.668253587092138,1.493666157058982,0.5753037127209174,-0.17619452736707852
7403130056,1.1761455412679027,-0.3308759096727273,0.5874265822422106,1.165864515410082,1.493666157058982,-0.06385709685093505,1.0442987058929873
7403130059,-0.9339335554157715,-0.3308759096727273,-1.4752583028168516,-5.005512746326653,-0.8120976633541652,-1.5658661831506542,-0.3445411374154851
7403130060,-0.7770455076879406,-0.3308759096727273,-0.5522768073150534,1.668253587092138,1.493666157058982,-0.9267053735788015,-0.3445411374154851
7403130061,-1.520322688755179,-0.3308759096727273,-0.833216177287312,1.668253587092138,-0.8120976633541652,-1.5658661831506542,-0.3445411374154851
7403131001,-0.12361704302971765,-0.3308759096727273,-0.38904166808209883,1.668253587092138,1.493666157058982,-0.9267053735788015,1.1589169578049001
7403131002,-0.36667203013847394,-0.3308759096727273,-0.38904166808209883,-1.773831374782383,1.493666157058982,-0.9267053735788015,-0.3445411374154851
7403131003,-0.7770455076879406,-0.3308759096727273,-1.0310837936116386,-0.7690532314182711,0.3407842468524084,0.5753037127209174,-0.17619452736707852
7403131004,-0.6950200561406923,1.2997129154576343,-1.0310837936116386,1.668253587092138,1.493666157058982,-0.9267053735788015,2.4331385492014603
7403131005,-1.2031309823734155,-0.3308759096727273,-0.38904166808209883,0.12520265198442712,0.3407842468524084,-0.9267053735788015,-0.3445411374154851
7403131007,0.5513214295239584,1.2997129154576343,-1.0310837936116386,1.668253587092138,0.3407842468524084,2.077312799020636,-0.3445411374154851
7403131008,-1.0772512048695522,-0.3308759096727273,0.099097790762414,0.12520265198442712,0.3407842468524084,-0.9267053735788015,-0.3445411374154851
7403131009,0.39160861890286647,-0.3308759096727273,0.8975532691235716,-0.37718641969762884,0.3407842468524084,-0.9267053735788015,1.0442987058929873
7403131010,0.740168402401101,-0.3308759096727273,1.8810974392807835,1.668253587092138,1.493666157058982,-0.9267053735788015,-0.3445411374154851
7403131011,-0.9662173720700553,-0.3308759096727273,-0.38904166808209883,-0.2666641597362152,0.3407842468524084,-0.9267053735788015,-0.3445411374154851
7403131012,-0.3127889074118329,-0.3308759096727273,-0.38904166808209883,-0.7690532314182711,1.493666157058982,-0.5099603470470111,-0.3445411374154851
7403131013,-0.9662173720700553,-0.3308759096727273,-0.38904166808209883,-0.7690532314182711,0.3407842468524084,-0.9267053735788015,-0.3445411374154851
7403131014,-0.8668942240969559,-0.3308759096727273,-0.38904166808209883,0.12520265198442712,0.3407842468524084,-1.5658661831506542,-0.3445411374154851
7403131015,-1.3484485207989154,-0.3308759096727273,-1.4752583028168516,-0.8795754913796848,0.3407842468524084,-0.9267053735788015,-0.3445411374154851
7403131017,-2.3841081341859978,-0.3308759096727273,3.378232376187587,-5.005512746326653,-0.8120976633541652,-0.9267053735788015,-0.3445411374154851
7403131018,-1.520322688755179,-0.3308759096727273,3.378232376187587,-2.510151830832179,-0.8120976633541652,-0.9267053735788015,-0.3445411374154851
7403131019,-1.7306796695277749,-0.3308759096727273,-0.03476069892615435,-1.773831374782383,0.3407842468524084,-1.5658661831506542,-0.3445411374154851
7403132001,-0.8668942240969559,-0.3308759096727273,-1.4752583028168516,-0.8795754913796848,0.3407842468524084,-0.9267053735788015,-0.3445411374154851
7403132002,-1.3161647041446312,-0.3308759096727273,-0.38904166808209883,-4.111256862923955,0.3407842468524084,-0.9267053735788015,-0.3445411374154851
7403132004,0.6485968541135432,-0.3308759096727273,-1.4752583028168516,-0.6111178040653686,0.3407842468524084,-0.9267053735788015,-0.17619452736707852
7403132005,-0.3625305423047968,1.2997129154576343,-1.253171048214245,-1.6158959474294805,1.493666157058982,0.9920487392527079,-0.3445411374154851
7403132006,-0.3625305423047968,-0.3308759096727273,2.2238311535352544,0.12520265198442712,1.493666157058982,-0.9267053735788015,-0.3445411374154851
7403132007,-0.45237925871381224,2.9303017405879963,2.934057866982374,-0.8795754913796848,-0.8120976633541652,-0.9267053735788015,-0.3445411374154851
7403132008,-0.48466307536809655,-0.3308759096727273,0.5740252195702229,0.42954405936028633,0.3407842468524084,-0.9267053735788015,-0.3445411374154851
7403132009,-0.8668942240969559,-0.3308759096727273,2.0916374389819166,-0.8795754913796848,1.493666157058982,-0.9267053735788015,-0.3445411374154851
7403132010,-0.6950200561406923,1.2997129154576343,-1.4752583028168516,-0.8795754913796848,0.3407842468524084,-0.9267053735788015,-0.3445411374154851
7403132011,-1.2031309823734155,-0.3308759096727273,-1.4752583028168516,-0.8795754913796848,0.3407842468524084,0.12920046252484146,-0.3445411374154851
7403132012,-0.36667203013847394,-0.3308759096727273,-0.833216177287312,-4.111256862923955,-0.8120976633541652,-0.06385709685093505,-0.3445411374154851
7403132013,-0.6950200561406923,-0.3308759096727273,-0.833216177287312,-0.8795754913796848,0.3407842468524084,-1.5658661831506542,-0.3445411374154851
7403132014,-1.2031309823734155,-0.3308759096727273,-1.4752583028168516,-0.8795754913796848,1.493666157058982,-1.5658661831506542,-0.3445411374154851
7403132016,-0.7770455076879406,-0.3308759096727273,-1.4752583028168516,-0.8795754913796848,0.3407842468524084,-0.9267053735788015,-0.3445411374154851
7403133001,-0.3625305423047968,-0.3308759096727273,0.5740252195702229,-0.8795754913796848,0.3407842468524084,-0.9267053735788015,-0.3445411374154851
7403133002,-0.009307774828185511,-0.3308759096727273,0.8950462823349927,-0.8795754913796848,0.3407842468524084,0.567771121400416,-0.3445411374154851
7403133003,-0.6195639552589798,-0.3308759096727273,1.4495953134523767,-0.8795754913796848,0.3407842468524084,-1.5658661831506542,-0.3445411374154851
7403133004,-0.9662173720700553,-0.3308759096727273,-1.253171048214245,1.668253587092138,-0.8120976633541652,-1.5658661831506542,-0.3445411374154851
7403133006,-0.2618198457553564,-0.3308759096727273,0.5740252195702229,1.1479226553793105,0.3407842468524084,0.7012690850140524,-0.3445411374154851
7403133007,-0.5517024066869116,-0.3308759096727273,-0.10127681235049156,-0.8795754913796848,-0.8120976633541652,-0.06385709685093505,-0.3445411374154851
7403133008,-0.5497025177151927,-0.3308759096727273,-0.4222978751152614,1.668253587092138,-0.8120976633541652,-1.5658661831506542,-0.3445411374154851
7403133009,-1.0772512048695522,-0.3308759096727273,-0.833216177287312,1.668253587092138,0.3407842468524084,-0.9267053735788015,-0.3445411374154851
7403133010,-0.13518755233204904,-0.3308759096727273,0.0189344051773916,0.12520265198442712,0.3407842468524084,-0.2950771553274504,-0.3445411374154851
7403133011,-1.2031309823734155,-0.3308759096727273,0.9886147299500151,-2.510151830832179,0.3407842468524084,-0.9267053735788015,-0.3445411374154851
7403133012,-0.2805050907575486,-0.3308759096727273,0.5740252195702229,-1.773831374782383,0.3407842468524084,-0.9267053735788015,-0.3445411374154851
7403140003,-0.8668942240969559,-0.3308759096727273,-1.0310837936116386,-0.8795754913796848,-0.8120976633541652,-1.5658661831506542,-0.3445411374154851
7403140004,0.7240529549952557,-0.3308759096727273,-1.0310837936116386,-4.111256862923955,0.3407842468524084,1.6312095488245604,-0.3445411374154851
7403140005,-0.8668942240969559,-0.3308759096727273,-1.4752583028168516,-2.007762759150123,0.3407842468524084,-0.06385709685093505,-0.3445411374154851
7403140022,-0.6195639552589798,-0.3308759096727273,-1.0310837936116386,1.668253587092138,0.3407842468524084,-0.9267053735788015,-0.3445411374154851
7403140023,-0.48466307536809655,-0.3308759096727273,-1.4752583028168516,1.668253587092138,0.3407842468524084,-0.9267053735788015,-0.3445411374154851
7403140024,-0.7770455076879406,-0.3308759096727273,2.074831364684768,-4.111256862923955,1.493666157058982,-1.5658661831506542,1.0442987058929873
7403140025,1.3774814196534788,2.5771340673209866,-0.833216177287312,1.668253587092138,0.3407842468524084,0.9920487392527079,2.6623750530252854
7403140026,-0.1674713689863329,-0.3308759096727273,3.0879605336674003,1.668253587092138,0.3407842468524084,-0.9267053735788015,-0.3445411374154851
7403140027,0.06944224131702698,-0.3308759096727273,0.6072814266033855,1.1479226553793105,0.3407842468524084,-0.9267053735788015,-0.3445411374154851
7403140028,-0.42382274021132926,-0.3308759096727273,-0.833216177287312,1.668253587092138,0.3407842468524084,1.988394979594211,-0.3445411374154851
7403140029,-0.8668942240969559,-0.3308759096727273,-1.0310837936116386,-0.8795754913796848,0.3407842468524084,-1.5658661831506542,-0.3445411374154851
7403140030,-0.8668942240969559,-0.3308759096727273,-1.0310837936116386,-0.8795754913796848,0.3407842468524084,-0.7030179064227877,-0.3445411374154851
7403140031,-0.8668942240969559,-0.3308759096727273,-1.0310837936116386,-2.510151830832179,0.3407842468524084,-1.5658661831506542,-0.3445411374154851
7403140032,-0.6195639552589798,-0.3308759096727273,-1.0310837936116386,-0.8795754913796848,0.3407842468524084,-0.9267053735788015,-0.3445411374154851
7403140033,-0.3127889074118329,-0.3308759096727273,0.4270390056041744,1.668253587092138,1.493666157058982,-0.7030179064227877,-0.17619452736707852
7403140034,-1.520322688755179,-0.3308759096727273,0.5432722999676272,-5.005512746326653,1.493666157058982,-1.5658661831506542,-0.3445411374154851
7403140035,-0.6950200561406923,-0.3308759096727273,-0.5429443347671257,1.668253587092138,0.3407842468524084,-1.5658661831506542,-0.3445411374154851
7403140036,-0.7770455076879406,-0.3308759096727273,-1.0310837936116386,-0.8795754913796848,0.3407842468524084,-1.5658661831506542,-0.3445411374154851
7403141001,-0.6950200561406923,-0.3308759096727273,2.934057866982374,-1.773831374782383,0.3407842468524084,-0.9267053735788015,-0.3445411374154851
7403141002,-0.36667203013847394,-0.3308759096727273,-0.4789352081313674,-0.8795754913796848,0.3407842468524084,-0.7030179064227877,-0.3445411374154851
7403141003,-0.48466307536809655,-0.3308759096727273,-0.4789352081313674,-0.8795754913796848,0.3407842468524084,-1.5658661831506542,-0.3445411374154851
7403141004,-0.6195639552589798,-0.3308759096727273,-0.03476069892615435,-1.773831374782383,0.3407842468524084,0.7088016763345539,-0.3445411374154851
7403141005,0.5081392486497995,-0.3308759096727273,3.378232376187587,-1.773831374782383,0.3407842468524084,-0.06385709685093505,-0.17619452736707852
7403141006,1.2084293579221865,-0.3308759096727273,3.378232376187587,-0.8795754913796848,1.493666157058982,-0.06385709685093505,1.1589169578049001
7403141015,0.463240381859958,-0.3308759096727273,-0.4789352081313674,1.668253587092138,0.3407842468524084,-1.5658661831506542,1.1589169578049001
7403141016,-0.48466307536809655,-0.3308759096727273,-0.4789352081313674,1.668253587092138,0.3407842468524084,-0.9267053735788015,1.0442987058929873
7403141017,1.2619044551426961,-0.3308759096727273,-0.4789352081313674,1.668253587092138,0.3407842468524084,-0.9267053735788015,1.1589169578049001
7403141018,-0.12361704302971765,-0.3308759096727273,-0.4789352081313674,1.668253587092138,0.3407842468524084,-0.9267053735788015,-0.3445411374154851
7403141021,0.20104920594441034,-0.3308759096727273,2.934057866982374,-0.8795754913796848,0.3407842468524084,-0.287544564006949,-0.17619452736707852
7403141022,0.3729233739006743,-0.3308759096727273,0.5740252195702229,-1.773831374782383,1.493666157058982,1.3492341700223582,-0.3445411374154851
7403141025,-1.520322688755179,-0.3308759096727273,-0.4789352081313674,-1.773831374782383,0.3407842468524084,-1.5658661831506542,-0.3445411374154851
7403141026,-1.2031309823734155,-0.3308759096727273,-0.4789352081313674,-0.8795754913796848,0.3407842468524084,-0.9267053735788015,-0.3445411374154851
7403141029,-2.0018769854571383,-0.3308759096727273,-0.4789352081313674,-5.005512746326653,-0.8120976633541652,-1.5658661831506542,-0.3445411374154851
7403141030,-0.7886160169902718,-0.3308759096727273,1.8810974392807835,-0.8795754913796848,0.3407842468524084,-1.5658661831506542,-0.3445411374154851
7403142001,-0.9662173720700553,-0.3308759096727273,1.0181997287754359,-0.8795754913796848,-0.8120976633541652,-0.287544564006949,-0.3445411374154851
7403142002,-1.520322688755179,-0.3308759096727273,-1.0310837936116386,-0.8795754913796848,0.3407842468524084,-1.5658661831506542,-0.3445411374154851
7403142003,-0.9662173720700553,-0.3308759096727273,1.3929579804362706,0.12520265198442712,0.3407842468524084,-0.06385709685093505,-0.3445411374154851
7403142004,-0.6627362394864085,-0.3308759096727273,-0.4789352081313674,-0.8795754913796848,0.3407842468524084,0.34408365424440207,-0.3445411374154851
7403142005,-1.2031309823734155,-0.3308759096727273,-0.09876982556191259,0.12520265198442712,0.3407842468524084,0.33655106292390086,-0.3445411374154851
7403142006,-0.9662173720700553,-0.3308759096727273,-1.0310837936116386,1.165864515410082,0.3407842468524084,-0.287544564006949,-0.3445411374154851
7403142007,-0.21346575943873344,-0.3308759096727273,-0.4789352081313674,0.12520265198442712,0.3407842468524084,-0.9342379648993031,-0.3445411374154851
7403142008,0.26636570538468324,-0.3308759096727273,0.5432722999676272,0.12520265198442712,0.3407842468524084,2.4940578255524266,-0.17619452736707852
7403142009,-0.6950200561406923,-0.3308759096727273,1.6602418543049757,0.12520265198442712,0.3407842468524084,-0.9267053735788015,-0.3445411374154851
7403142010,-0.6950200561406923,-0.3308759096727273,-1.0310837936116386,0.12520265198442712,0.3407842468524084,-0.06385709685093505,-0.3445411374154851
7403142011,-0.6195639552589798,-0.3308759096727273,-1.4752583028168516,-0.8795754913796848,0.3407842468524084,-0.7030179064227877,-0.3445411374154851
7403142012,-0.6950200561406923,-0.3308759096727273,-1.0310837936116386,-1.773831374782383,0.3407842468524084,-0.287544564006949,-0.17619452736707852
7403142013,-1.3484485207989154,-0.3308759096727273,-0.38904166808209883,0.12520265198442712,0.3407842468524084,-0.9342379648993031,-0.3445411374154851
7403142014,-1.7306796695277749,-0.3308759096727273,-1.0310837936116386,0.12520265198442712,0.3407842468524084,-1.5658661831506542,1.1589169578049001
7403142015,-1.7306796695277749,-0.3308759096727273,-0.03476069892615435,-0.8795754913796848,-0.8120976633541652,-1.5658661831506542,-0.3445411374154851
7403143001,-0.5517024066869116,-0.3308759096727273,3.378232376187587,-5.005512746326653,0.3407842468524084,-0.9267053735788015,-0.3445411374154851
7403143002,-0.07014810998495274,-0.3308759096727273,1.5063391876199488,0.6275917236664831,1.493666157058982,-0.06385709685093505,-0.3445411374154851
7403143003,-0.009307774828185511,-0.3308759096727273,2.934057866982374,-4.111256862923955,1.493666157058982,-1.5658661831506542,-0.3445411374154851
7403143004,-1.2031309823734155,-0.3308759096727273,3.378232376187587,-4.111256862923955,1.493666157058982,-0.9267053735788015,-0.3445411374154851
7403143005,-0.5517024066869116,-0.3308759096727273,3.1561451215849807,-4.111256862923955,0.3407842468524084,-0.9267053735788015,-0.3445411374154851
7403143006,-1.1058077233720354,-0.3308759096727273,1.8810974392807835,-1.271442303100327,0.3407842468524084,-1.5658661831506542,-0.3445411374154851
7403143007,0.9197941700429063,-0.3308759096727273,-1.4752583028168516,1.165864515410082,0.3407842468524084,0.5753037127209174,1.3272635678533067
7403143008,-0.36667203013847394,-0.3308759096727273,-0.4222978751152614,1.668253587092138,1.493666157058982,0.12920046252484146,-0.3445411374154851
7403143009,-0.5497025177151927,-0.3308759096727273,-0.4222978751152614,1.668253587092138,0.3407842468524084,-0.9267053735788015,-0.3445411374154851
7403143010,-1.1058077233720354,-0.3308759096727273,0.8975532691235716,-0.8795754913796848,0.3407842468524084,-0.9267053735788015,-0.3445411374154851
7403143011,-1.1058077233720354,-0.3308759096727273,0.5740252195702229,-1.773831374782383,0.3407842468524084,-1.5658661831506542,-0.3445411374154851
7403143012,-0.9662173720700553,-0.3308759096727273,0.5740252195702229,-0.8795754913796848,0.3407842468524084,-1.5658661831506542,-0.3445411374154851
7403143013,0.7939143925390428,-0.3308759096727273,-1.4752583028168516,1.165864515410082,0.3407842468524084,-0.9267053735788015,-0.3445411374154851
7403143014,-1.0772512048695522,-0.3308759096727273,-0.4789352081313674,1.165864515410082,0.3407842468524084,-0.9267053735788015,-0.3445411374154851
7403150004,-0.7770455076879406,-0.3308759096727273,-1.4752583028168516,-0.8795754913796848,0.3407842468524084,-1.5658661831506542,-0.3445411374154851
7403150009,-0.12361704302971765,-0.3308759096727273,-1.4752583028168516,1.165864515410082,0.3407842468524084,-0.287544564006949,-0.3445411374154851
7403150010,-0.6950200561406923,-0.3308759096727273,-1.4752583028168516,1.165864515410082,0.3407842468524084,-1.5658661831506542,-0.3445411374154851
7403150011,-0.42382274021132926,-0.3308759096727273,-0.4222978751152614,1.165864515410082,0.3407842468524084,-0.9267053735788015,1.0442987058929873
7403150012,-0.1674713689863329,-0.3308759096727273,-1.4752583028168516,0.12520265198442712,0.3407842468524084,-0.9267053735788015,-0.3445411374154851
7403150013,4.17992261148023,2.5771340673209866,-1.4752583028168516,1.165864515410082,0.3407842468524084,3.5486919775401176,1.3272635678533067
7403150014,-1.3484485207989154,1.2997129154576343,-1.4752583028168516,1.165864515410082,0.3407842468524084,-1.5658661831506542,-0.3445411374154851
7403150015,0.5717160095466836,1.2997129154576343,-1.4752583028168516,1.165864515410082,1.493666157058982,0.06964086676270143,1.1589169578049001
7403150016,0.033864509399243126,1.2997129154576343,-0.4222978751152614,1.165864515410082,0.3407842468524084,2.047954575356351,-0.3445411374154851
7403150017,-0.1674713689863329,-0.3308759096727273,-0.09876982556191259,0.12520265198442712,0.3407842468524084,-0.9267053735788015,-0.3445411374154851
7403150018,0.566571402566295,-0.3308759096727273,-1.4752583028168516,0.12520265198442712,0.3407842468524084,-0.9267053735788015,-0.3445411374154851
7403150019,-0.36667203013847394,-0.3308759096727273,1.5395953946531113,0.12520265198442712,0.3407842468524084,-0.287544564006949,-0.17619452736707852
7403150027,-1.3484485207989154,-0.3308759096727273,-1.4752583028168516,-0.8795754913796848,0.3407842468524084,-0.9267053735788015,-0.3445411374154851
7403150030,0.24704359639681084,-0.3308759096727273,2.934057866982374,-0.8795754913796848,0.3407842468524084,-0.9267053735788015,-0.3445411374154851
7403150031,-0.6950200561406923,-0.3308759096727273,-1.4752583028168516,-0.8795754913796848,0.3407842468524084,0.5753037127209174,-0.17619452736707852
7403150032,-0.8668942240969559,-0.3308759096727273,1.8810974392807835,-0.8795754913796848,0.3407842468524084,-0.9267053735788015,-0.3445411374154851
7403150033,1.1761455412679027,-0.3308759096727273,-1.4752583028168516,0.12520265198442712,0.3407842468524084,2.270370358396413,-0.3445411374154851
7403150034,-0.6195639552589798,-0.3308759096727273,0.5100160929344646,0.12520265198442712,0.3407842468524084,0.3528879296808554,-0.3445411374154851
7403150035,-0.42382274021132926,-0.3308759096727273,1.7284264422225553,0.12520265198442712,0.3407842468524084,-0.287544564006949,-0.3445411374154851
7403151001,-1.0772512048695522,-0.3308759096727273,-0.38904166808209883,1.165864515410082,-0.8120976633541652,0.33655106292390086,-0.3445411374154851
7403151002,-0.2618198457553564,-0.3308759096727273,-1.0310837936116386,1.165864515410082,0.3407842468524084,1.3924568990275437,-0.3445411374154851
7403151003,-0.6950200561406923,-0.3308759096727273,-1.0310837936116386,-0.8795754913796848,0.3407842468524084,1.5716499530624204,-0.17619452736707852
7403151004,-0.8668942240969559,-0.3308759096727273,-1.0310837936116386,-4.111256862923955,0.3407842468524084,2.25530517575541,-0.3445411374154851
7403151005,-0.9662173720700553,-0.3308759096727273,-1.0310837936116386,-0.8795754913796848,0.3407842468524084,-0.9267053735788015,-0.3445411374154851
7403151006,-0.6950200561406923,-0.3308759096727273,-1.0310837936116386,-4.111256862923955,0.3407842468524084,-0.06385709685093505,-0.3445411374154851
7403151007,-0.48466307536809655,-0.3308759096727273,-1.0310837936116386,-4.111256862923955,0.3407842468524084,-0.9267053735788015,-0.3445411374154851
7403151008,0.7240529549952557,-0.3308759096727273,-1.0310837936116386,-0.8795754913796848,0.3407842468524084,-0.06385709685093505,-0.3445411374154851
7403152001,-1.3484485207989154,-0.3308759096727273,-1.0310837936116386,0.6275917236664831,0.3407842468524084,-0.287544564006949,-0.17619452736707852
7403152002,-0.2618198457553564,-0.3308759096727273,-0.833216177287312,0.6275917236664831,0.3407842468524084,0.5753037127209174,-0.3445411374154851
7403152003,-0.1674713689863329,-0.3308759096727273,-0.833216177287312,0.6275917236664831,0.3407842468524084,-0.9267053735788015,-0.3445411374154851
7403152004,-0.7770455076879406,-0.3308759096727273,-0.833216177287312,0.6275917236664831,0.3407842468524084,0.9920487392527079,-0.3445411374154851
7403152005,-0.3127889074118329,-0.3308759096727273,-0.833216177287312,0.6275917236664831,0.3407842468524084,-0.287544564006949,-0.17619452736707852
7403152006,-0.36667203013847394,-0.3308759096727273,-0.38904166808209883,0.6275917236664831,0.3407842468524084,-0.9267053735788015,-0.3445411374154851
7403152007,0.06944224131702698,-0.3308759096727273,-0.833216177287312,0.6275917236664831,0.3407842468524084,-0.287544564006949,-0.3445411374154851
7403152008,-1.0772512048695522,-0.3308759096727273,-0.833216177287312,0.6275917236664831,0.3407842468524084,-0.9267053735788015,-0.3445411374154851
7403152009,-1.0772512048695522,-0.3308759096727273,-0.833216177287312,0.6275917236664831,0.3407842468524084,-1.5658661831506542,-0.3445411374154851
7403152010,-0.5497025177151927,-0.3308759096727273,-0.833216177287312,0.6275917236664831,0.3407842468524084,-1.5658661831506542,-0.3445411374154851
7403152011,-0.42382274021132926,-0.3308759096727273,-0.833216177287312,0.6275917236664831,0.3407842468524084,-1.5658661831506542,-0.3445411374154851
7403152012,-1.7306796695277749,-0.3308759096727273,-1.4752583028168516,0.12520265198442712,0.3407842468524084,-1.5658661831506542,-0.3445411374154851
7403170001,6.001547732700864,2.5771340673209866,-1.4752583028168516,0.6455335836972547,1.493666157058982,1.854897015980574,1.3272635678533067
7403170002,7.386838682218989,5.161556209247577,-1.0310837936116386,0.6455335836972547,1.493666157058982,-0.287544564006949,8.676207433906827
7403170003,0.7571544116012536,-0.3308759096727273,-1.4752583028168516,0.6455335836972547,0.3407842468524084,0.3516162455649036,-0.3445411374154851
7403170004,0.033864509399243126,-0.3308759096727273,-1.4752583028168516,0.6455335836972547,0.3407842468524084,-0.9267053735788015,-0.17619452736707852
7403170005,4.724594440423441,11.893530432887706,-1.4752583028168516,0.6455335836972547,1.493666157058982,2.6275557891660637,4.506383318810207
7403170006,0.5717160095466836,2.5771340673209866,-1.0310837936116386,0.6455335836972547,1.493666157058982,2.077312799020636,4.051214896333757
7403170007,2.012604493502844,1.2997129154576343,-1.0310837936116386,0.6455335836972547,1.493666157058982,0.7088016763345539,6.171751519622006
7403170012,-0.3625305423047968,-0.3308759096727273,-1.0310837936116386,0.6455335836972547,1.493666157058982,2.4940578255524266,-0.3445411374154851
7403170013,0.5298114216285048,-0.3308759096727273,-1.4752583028168516,0.6455335836972547,0.3407842468524084,-0.287544564006949,-0.17619452736707852
7403170014,3.9082274008299085,4.207722892451349,-1.4752583028168516,0.6455335836972547,0.3407842468524084,-0.9267053735788015,6.171751519622006
7403170015,0.20104920594441034,2.5771340673209866,-1.0310837936116386,0.6455335836972547,1.493666157058982,-1.5658661831506542,4.338036708761801
7403170016,0.4483794747823868,-0.3308759096727273,-1.4752583028168516,0.6455335836972547,0.3407842468524084,-0.5099603470470111,-0.3445411374154851
7403171001,-0.6195639552589798,-0.3308759096727273,-1.4752583028168516,-0.8795754913796848,0.3407842468524084,-0.287544564006949,-0.3445411374154851
7403171002,-0.3127889074118329,-0.3308759096727273,-1.4752583028168516,-0.8795754913796848,0.3407842468524084,-0.06385709685093505,1.3111217699432391
7403171003,-0.2618198457553564,1.2997129154576343,-1.4752583028168516,-0.8795754913796848,0.3407842468524084,-0.9267053735788015,-0.3445411374154851
7403171004,0.25861410569914167,-0.3308759096727273,-1.0310837936116386,-0.8795754913796848,1.493666157058982,0.12920046252484146,1.0442987058929873
7403171005,-1.3484485207989154,-0.3308759096727273,-1.4752583028168516,-1.773831374782383,0.3407842468524084,-0.06385709685093505,-0.3445411374154851
7403171006,-0.9339335554157715,-0.3308759096727273,-1.4752583028168516,-2.510151830832179,0.3407842468524084,-1.5658661831506542,-0.3445411374154851
7403171007,-0.8668942240969559,-0.3308759096727273,-1.4752583028168516,-0.8795754913796848,0.3407842468524084,-1.5658661831506542,-0.3445411374154851
7403171008,-0.9662173720700553,1.2997129154576343,-1.4752583028168516,-0.8795754913796848,0.3407842468524084,1.6312095488245604,-0.3445411374154851
7403180012,-1.3484485207989154,-0.3308759096727273,-1.4752583028168516,-0.8795754913796848,0.3407842468524084,-0.9267053735788015,-0.3445411374154851
7403180013,-0.7770455076879406,-0.3308759096727273,0.5740252195702229,-0.8795754913796848,0.3407842468524084,-0.06385709685093505,-0.3445411374154851
7403180014,-0.3127889074118329,-0.3308759096727273,-0.4222978751152614,0.12520265198442712,0.3407842468524084,-0.9267053735788015,-0.3445411374154851
7403180015,-1.3484485207989154,-0.3308759096727273,-1.4752583028168516,-1.773831374782383,0.3407842468524084,-1.5658661831506542,-0.17619452736707852
7403180016,1.0308280028424026,-0.3308759096727273,-0.4789352081313674,-0.8795754913796848,0.3407842468524084,0.12920046252484146,-0.3445411374154851
7403180017,-0.6195639552589798,-0.3308759096727273,-1.4752583028168516,0.6455335836972547,0.3407842468524084,-0.9267053735788015,1.212645315941394
7403180018,0.1368064641408146,-0.3308759096727273,-1.4752583028168516,0.6455335836972547,0.3407842468524084,-0.06385709685093505,-0.3445411374154851
7403180025,1.8618578225804094,-0.3308759096727273,-1.4752583028168516,0.6455335836972547,0.3407842468524084,-0.9267053735788015,1.0442987058929873
7403180035,-0.8668942240969559,-0.3308759096727273,-1.4752583028168516,-1.773831374782383,-0.8120976633541652,-0.9267053735788015,-0.3445411374154851
7403180042,-1.3484485207989154,-0.3308759096727273,5.431187106782403,-0.8795754913796848,0.3407842468524084,-1.5658661831506542,-0.3445411374154851
7403180043,-0.6195639552589798,-0.3308759096727273,-1.4752583028168516,1.165864515410082,1.493666157058982,-1.5658661831506542,-0.3445411374154851
7403180044,-1.3484485207989154,-0.3308759096727273,-1.0606687924370595,-1.773831374782383,0.3407842468524084,-0.9267053735788015,-0.17619452736707852
7403181001,-1.2031309823734155,-0.3308759096727273,-1.4752583028168516,-2.510151830832179,0.3407842468524084,-0.06385709685093505,-0.17619452736707852
7403181002,-1.520322688755179,-0.3308759096727273,-1.4752583028168516,-2.510151830832179,-3.8294048227724824,-0.9267053735788015,-0.17619452736707852
7403181003,-1.7306796695277749,-0.3308759096727273,-1.4752583028168516,-2.510151830832179,0.3407842468524084,-0.06385709685093505,-0.17619452736707852
7403181005,-1.520322688755179,-0.3308759096727273,-1.4752583028168516,-2.510151830832179,-2.3207512430633237,-0.9267053735788015,-0.3445411374154851
7403181006,-1.7306796695277749,-0.3308759096727273,-1.4752583028168516,-2.510151830832179,1.493666157058982,-1.5658661831506542,-0.3445411374154851
7403181007,-1.7306796695277749,-0.3308759096727273,-1.4752583028168516,-2.510151830832179,0.3407842468524084,-0.9267053735788015,-0.17619452736707852
7403181008,-1.7306796695277749,-0.3308759096727273,-1.4752583028168516,-2.510151830832179,0.3407842468524084,-0.9267053735788015,-0.3445411374154851
7403181009,-2.0018769854571383,-0.3308759096727273,0.6639187596194914,-2.510151830832179,-3.8294048227724824,-1.5658661831506542,-0.3445411374154851
7403181011,-1.7306796695277749,-0.3308759096727273,-1.4752583028168516,-2.510151830832179,0.3407842468524084,-1.5658661831506542,-0.3445411374154851
7403182001,-0.04159159148246938,-0.3308759096727273,-1.4752583028168516,-0.8795754913796848,0.3407842468524084,-0.9267053735788015,-0.17619452736707852
7403182002,0.19967628986730768,-0.3308759096727273,-1.4752583028168516,-0.8795754913796848,0.3407842468524084,0.9324891434905679,1.3272635678533067
7403182003,0.3729233739006743,2.2535462322538633,-0.46920505366712134,-0.8795754913796848,0.3407842468524084,-0.287544564006949,-0.17619452736707852
7403182004,-0.7770455076879406,-0.3308759096727273,-1.4752583028168516,-0.8795754913796848,0.3407842468524084,-0.9267053735788015,-0.17619452736707852
7403182005,0.29089792235342604,-0.3308759096727273,-1.4752583028168516,-0.8795754913796848,-2.3207512430633237,-0.287544564006949,-0.17619452736707852
7403182006,0.4483794747823868,-0.3308759096727273,-0.4222978751152614,-0.8795754913796848,0.3407842468524084,-0.06385709685093505,1.212645315941394
7403182011,-0.5497025177151927,-0.3308759096727273,-1.4752583028168516,-0.8795754913796848,0.3407842468524084,-0.5099603470470111,-0.3445411374154851
7403182013,-0.42382274021132926,-0.3308759096727273,-1.0310837936116386,-0.8795754913796848,0.3407842468524084,-0.287544564006949,-0.3445411374154851
7403182015,-0.009307774828185511,-0.3308759096727273,-1.4752583028168516,-0.8795754913796848,0.3407842468524084,-0.9267053735788015,-0.17619452736707852
7403182016,0.047842935244669815,-0.3308759096727273,-1.253171048214245,-0.8795754913796848,0.3407842468524084,-1.5658661831506542,-0.3445411374154851
7403183001,-1.0772512048695522,-0.3308759096727273,-1.4752583028168516,1.165864515410082,-2.3207512430633237,-0.9267053735788015,-0.3445411374154851
7403183002,-2.0018769854571383,-0.3308759096727273,-0.833216177287312,0.2716086320073838,-3.8294048227724824,0.12920046252484146,-0.17619452736707852
7403183003,-0.6195639552589798,-0.3308759096727273,0.21974425041427825,-1.773831374782383,-3.8294048227724824,-1.5658661831506542,-0.3445411374154851
7403183004,-0.9662173720700553,-0.3308759096727273,0.21974425041427825,-2.510151830832179,0.3407842468524084,-0.9267053735788015,-0.3445411374154851
7403183005,-1.7306796695277749,-0.3308759096727273,0.21974425041427825,-2.510151830832179,-3.8294048227724824,-0.06385709685093505,-0.3445411374154851
7403183006,-1.7306796695277749,-0.3308759096727273,0.21974425041427825,-5.005512746326653,-0.4563259938515798,-0.9267053735788015,-0.3445411374154851
7403183007,-0.8668942240969559,-0.3308759096727273,-0.833216177287312,-1.773831374782383,-3.8294048227724824,-0.06385709685093505,-0.3445411374154851
7403183008,-1.2031309823734155,-0.3308759096727273,-0.833216177287312,-0.7690532314182711,0.3407842468524084,-1.5658661831506542,-0.3445411374154851
7403183009,-1.2031309823734155,-0.3308759096727273,0.21974425041427825,-1.773831374782383,-0.4563259938515798,-0.9267053735788015,-0.3445411374154851
7403184001,-0.9339335554157715,-0.3308759096727273,0.16310691739817224,-1.773831374782383,-0.8120976633541652,0.33655106292390086,-0.3445411374154851
7403184002,1.4453429682255463,-0.3308759096727273,0.16310691739817224,-1.773831374782383,-0.8120976633541652,-0.30260974664795176,-0.17619452736707852
7403184003,0.15269511962778737,-0.3308759096727273,1.2160673450997626,0.12520265198442712,-0.8120976633541652,1.8385601492236197,-0.17619452736707852
7403184004,0.20104920594441034,-0.3308759096727273,0.5740252195702229,0.12520265198442712,0.3407842468524084,1.1993993396517673,-0.3445411374154851
7403184005,-0.42382274021132926,-0.3308759096727273,-0.4222978751152614,-0.8795754913796848,0.3407842468524084,0.33655106292390086,-0.17619452736707852
7403184006,-0.07014810998495274,-0.3308759096727273,0.5740252195702229,-0.8795754913796848,0.3407842468524084,0.12920046252484146,-0.17619452736707852
7403184007,1.7165402841549098,-0.3308759096727273,1.2160673450997626,-0.8795754913796848,0.3407842468524084,2.8349063895651225,-0.17619452736707852
7403184008,-0.6627362394864085,-0.3308759096727273,1.309635792714785,-1.5053736874680668,0.3407842468524084,-0.30260974664795176,-0.17619452736707852
7403184009,-1.1058077233720354,-0.3308759096727273,1.2160673450997626,-1.773831374782383,-0.8120976633541652,-0.30260974664795176,-0.3445411374154851
7403184010,-0.07014810998495274,-0.3308759096727273,-1.0310837936116386,0.12520265198442712,0.3407842468524084,-0.287544564006949,-0.17619452736707852
7403184011,0.047842935244669815,-0.3308759096727273,-0.6164942832318464,0.12520265198442712,0.3407842468524084,0.3528879296808554,-0.3445411374154851
7403185001,-0.6627362394864085,-0.3308759096727273,-1.4752583028168516,-1.773831374782383,0.3407842468524084,-1.5658661831506542,-0.17619452736707852
7403185002,1.7165402841549098,-0.3308759096727273,-1.4752583028168516,-0.8795754913796848,0.3407842468524084,0.5753037127209174,-0.17619452736707852
7403185003,-1.3484485207989154,-0.3308759096727273,-1.0310837936116386,-0.8795754913796848,1.493666157058982,-0.9267053735788015,-0.3445411374154851
7403185004,-0.9662173720700553,-0.3308759096727273,-1.4752583028168516,-1.773831374782383,0.3407842468524084,-0.7030179064227877,-0.17619452736707852
7403185005,-0.6950200561406923,-0.3308759096727273,-1.0310837936116386,-1.773831374782383,0.3407842468524084,-0.287544564006949,-0.3445411374154851
7403185006,-0.6950200561406923,-0.3308759096727273,-1.4752583028168516,-1.773831374782383,0.3407842468524084,-1.5658661831506542,-0.17619452736707852
7403185007,-0.009307774828185511,-0.3308759096727273,-1.0310837936116386,-1.773831374782383,0.3407842468524084,-1.5658661831506542,-0.3445411374154851
7403185008,-0.9662173720700553,-0.3308759096727273,-1.4752583028168516,-0.8795754913796848,0.3407842468524084,-0.9267053735788015,-0.17619452736707852
7403185009,-1.2031309823734155,-0.3308759096727273,-0.10810229810984016,-1.773831374782383,0.3407842468524084,-1.5658661831506542,-0.3445411374154851
7403185010,-0.9339335554157715,-0.3308759096727273,-1.4752583028168516,-1.773831374782383,0.3407842468524084,-0.9267053735788015,-0.3445411374154851
7404010004,-1.1058077233720354,-0.3308759096727273,0.9541906021396777,-1.773831374782383,0.3407842468524084,-0.9267053735788015,-0.17619452736707852
7404010006,0.10172605797131085,-0.3308759096727273,-0.4222978751152614,1.668253587092138,0.3407842468524084,0.5753037127209174,-0.17619452736707852
7404010007,2.066487616229485,4.207722892451349,-1.4752583028168516,1.165864515410082,0.3407842468524084,2.9019985766477645,1.3272635678533067
7404010008,0.8589538348861391,-0.3308759096727273,-1.0310837936116386,-0.8795754913796848,0.3407842468524084,0.5753037127209174,-0.3445411374154851
7404010009,-0.42382274021132926,-0.3308759096727273,0.7961124741728294,-0.8795754913796848,0.3407842468524084,-0.06385709685093505,-0.3445411374154851
7404010010,1.2084293579221865,-0.3308759096727273,1.9505136968251617,-0.8795754913796848,0.3407842468524084,-0.9267053735788015,-0.17619452736707852
7404010011,1.496312029882023,-0.3308759096727273,1.9505136968251617,-0.8795754913796848,0.3407842468524084,1.2069319309722684,-0.17619452736707852
7404010013,1.3914598454989053,1.2997129154576343,0.8975532691235716,-1.773831374782383,-2.3207512430633237,-0.06385709685093505,-0.3445411374154851
7404010017,2.684338348969924,-0.3308759096727273,3.378232376187587,1.165864515410082,0.3407842468524084,0.5753037127209174,-0.17619452736707852
7404010018,0.9769448801157616,-0.3308759096727273,0.021876634089951674,-5.005512746326653,-2.3207512430633237,1.21446452229277,-0.3445411374154851
7404010020,1.3774814196534788,-0.3308759096727273,2.4459184081378607,1.165864515410082,-0.8120976633541652,1.2069319309722684,-0.17619452736707852
7404010021,-0.36667203013847394,-0.3308759096727273,0.8975532691235716,-0.8795754913796848,0.3407842468524084,0.06964086676270143,-0.3445411374154851
7404010022,0.15269511962778737,1.2997129154576343,1.9505136968251617,-0.8795754913796848,0.3407842468524084,1.5716499530624204,-0.3445411374154851
7404010023,-0.8668942240969559,-0.3308759096727273,0.021876634089951674,-5.005512746326653,-2.3207512430633237,-0.9267053735788015,-0.17619452736707852
7404011001,0.7902349287990371,-0.3308759096727273,1.0181997287754359,1.165864515410082,0.3407842468524084,1.5716499530624204,-0.17619452736707852
7404011002,0.6118368731757535,-0.3308759096727273,1.0181997287754359,-0.37718641969762884,0.3407842468524084,0.5753037127209174,-0.3445411374154851
7404011003,4.398022393949559,2.5771340673209866,1.5063391876199488,0.6455335836972547,0.3407842468524084,0.5753037127209174,1.0442987058929873
7404011004,0.033864509399243126,-0.3308759096727273,-1.4752583028168516,1.165864515410082,0.3407842468524084,-0.9267053735788015,-0.3445411374154851
7404011008,-0.6195639552589798,-0.3308759096727273,-1.0310837936116386,1.165864515410082,0.3407842468524084,0.5753037127209174,-0.3445411374154851
7404011009,0.10372594694303011,-0.3308759096727273,-0.10810229810984016,1.165864515410082,0.3407842468524084,-0.9267053735788015,-0.17619452736707852
7404011011,0.033864509399243126,-0.3308759096727273,1.5063391876199488,1.165864515410082,0.3407842468524084,-0.9267053735788015,-0.3445411374154851
7404011013,-1.3484485207989154,-0.3308759096727273,-1.0310837936116386,-5.005512746326653,-2.3207512430633237,-0.9267053735788015,-0.3445411374154851
7404011014,-0.42382274021132926,-0.3308759096727273,0.5740252195702229,-5.005512746326653,-2.3207512430633237,0.5753037127209174,-0.3445411374154851
7404012001,1.1301511508155022,-0.3308759096727273,-0.09876982556191259,0.12520265198442712,1.493666157058982,-0.06385709685093505,-0.3445411374154851
7404012002,-0.003108778666137679,-0.3308759096727273,-1.0310837936116386,-0.8795754913796848,0.3407842468524084,-0.9267053735788015,-0.3445411374154851
7404012003,-1.3484485207989154,-0.3308759096727273,-1.4752583028168516,-0.8795754913796848,0.3407842468524084,0.9920487392527079,-0.3445411374154851
7404012004,1.3405081315880978,-0.3308759096727273,-1.0310837936116386,1.668253587092138,0.3407842468524084,0.5753037127209174,1.212645315941394
7404012005,-0.42382274021132926,-0.3308759096727273,-1.4752583028168516,-5.899768629729351,-2.3207512430633237,-0.06385709685093505,-0.3445411374154851
7404012006,-0.5517024066869116,-0.3308759096727273,-1.0310837936116386,-0.7690532314182711,0.3407842468524084,-0.9267053735788015,-0.17619452736707852
7404012007,-0.3625305423047968,-0.3308759096727273,-1.4752583028168516,0.12520265198442712,0.3407842468524084,-0.9267053735788015,-0.17619452736707852
7404012009,-0.20504898987583606,-0.3308759096727273,-1.4752583028168516,-0.7690532314182711,-2.3207512430633237,1.6312095488245604,-0.3445411374154851
7404012010,0.4767226861572795,-0.3308759096727273,-1.0310837936116386,-5.005512746326653,-2.3207512430633237,0.5753037127209174,-0.3445411374154851
7404013001,-0.3127889074118329,-0.3308759096727273,-1.4752583028168516,-0.8795754913796848,-0.8120976633541652,-0.06385709685093505,-0.17619452736707852
7404013002,-0.42382274021132926,-0.3308759096727273,-0.5429443347671257,-5.005512746326653,-2.3207512430633237,-0.06385709685093505,-0.17619452736707852
7404013003,-1.7306796695277749,-0.3308759096727273,-0.5429443347671257,-5.005512746326653,0.3407842468524084,-0.9267053735788015,-0.17619452736707852
7404013005,-0.12361704302971765,-0.3308759096727273,-1.4752583028168516,1.165864515410082,-0.8120976633541652,-0.9267053735788015,-0.17619452736707852
7404013006,-0.9662173720700553,-0.3308759096727273,-1.4752583028168516,-5.005512746326653,-0.8120976633541652,-0.9267053735788015,-0.3445411374154851
7404013007,1.8275741169544062,-0.3308759096727273,-1.4752583028168516,-5.005512746326653,1.493666157058982,0.34408365424440207,1.0442987058929873
7404020001,1.1051018547041098,-0.3308759096727273,1.0181997287754359,1.668253587092138,0.3407842468524084,0.567771121400416,-0.3445411374154851
7404020002,1.3774814196534788,-0.3308759096727273,-0.03476069892615435,1.165864515410082,0.3407842468524084,0.9324891434905679,-0.17619452736707852
7404020003,2.2662711242871785,-0.3308759096727273,-0.833216177287312,1.165864515410082,0.3407842468524084,0.34408365424440207,-0.17619452736707852
7404020004,-0.45237925871381224,-0.3308759096727273,-0.5429443347671257,1.668253587092138,0.3407842468524084,-0.9267053735788015,-0.3445411374154851
7404020005,-0.9662173720700553,2.5771340673209866,-1.4752583028168516,1.165864515410082,0.3407842468524084,-0.287544564006949,4.338036708761801
7404020006,-1.0772512048695522,-0.3308759096727273,-1.253171048214245,1.165864515410082,0.3407842468524084,2.4940578255524266,-0.3445411374154851
7404020007,6.800293735784587,2.5771340673209866,-1.4752583028168516,1.165864515410082,0.3407842468524084,6.946857402709842,1.3272635678533067
7404020008,0.43996270521948944,1.2997129154576343,-1.4752583028168516,1.165864515410082,0.3407842468524084,0.3516162455649036,1.0442987058929873
7404020009,-0.2805050907575486,-0.3308759096727273,-1.4752583028168516,0.12520265198442712,0.3407842468524084,-0.9267053735788015,-0.17619452736707852
7404020010,0.6503196859920855,-0.3308759096727273,-1.4752583028168516,1.165864515410082,0.3407842468524084,3.7648468533756305,-0.3445411374154851
7404020011,-0.7770455076879406,-0.3308759096727273,0.9541906021396777,0.6275917236664831,0.3407842468524084,0.06964086676270143,-0.3445411374154851
7404020012,0.48595709567188994,-0.3308759096727273,-1.4752583028168516,1.165864515410082,0.3407842468524084,-0.2950771553274504,-0.3445411374154851
7404030007,-0.1674713689863329,-0.3308759096727273,1.0181997287754359,0.12520265198442712,-0.8120976633541652,0.34408365424440207,-0.3445411374154851
7404030011,1.8734283318827403,-0.3308759096727273,0.021876634089951674,0.6455335836972547,0.3407842468524084,-0.2950771553274504,-0.3445411374154851
7404030012,0.34063955724639006,-0.3308759096727273,-0.4222978751152614,0.12520265198442712,0.3407842468524084,-0.06385709685093505,-0.3445411374154851
7404030013,0.06944224131702698,-0.3308759096727273,0.021876634089951674,0.12520265198442712,-0.8120976633541652,-0.2950771553274504,-0.17619452736707852
7404030014,0.033864509399243126,-0.3308759096727273,0.021876634089951674,0.12520265198442712,0.3407842468524084,-0.9267053735788015,-0.3445411374154851
7404030016,0.25861410569914167,-0.3308759096727273,-1.0310837936116386,0.12520265198442712,0.3407842468524084,-0.9267053735788015,-0.3445411374154851
7404030017,0.19967628986730768,-0.3308759096727273,-1.4752583028168516,0.6455335836972547,0.3407842468524084,2.4940578255524266,1.3272635678533067
7404030019,0.5717160095466836,-0.3308759096727273,-1.0310837936116386,0.6455335836972547,0.3407842468524084,2.19574557999327,4.051214896333757
7404030020,0.6503196859920855,-0.3308759096727273,-1.4752583028168516,0.6455335836972547,0.3407842468524084,5.035635881198834,-0.17619452736707852
7404031001,0.10372594694303011,-0.3308759096727273,-0.4222978751152614,1.165864515410082,0.3407842468524084,-0.2950771553274504,-0.17619452736707852
7404031002,0.19967628986730768,-0.3308759096727273,-1.4752583028168516,1.165864515410082,0.3407842468524084,-0.06385709685093505,-0.17619452736707852
7404031003,-0.48466307536809655,-0.3308759096727273,-1.4752583028168516,0.12520265198442712,0.3407842468524084,-0.2950771553274504,-0.3445411374154851
7404031004,-0.1674713689863329,-0.3308759096727273,-1.4752583028168516,1.165864515410082,1.493666157058982,0.06964086676270143,-0.17619452736707852
7404031005,-1.0772512048695522,-0.3308759096727273,-1.4752583028168516,-0.8795754913796848,0.3407842468524084,-0.9267053735788015,-0.3445411374154851
7404031006,1.5432932001215434,-0.3308759096727273,-1.4752583028168516,0.12520265198442712,0.3407842468524084,0.567771121400416,-0.17619452736707852
7404031007,-1.3484485207989154,-0.3308759096727273,-1.4752583028168516,0.12520265198442712,1.493666157058982,-0.9267053735788015,-0.3445411374154851
7404031008,-0.5497025177151927,-0.3308759096727273,-0.4222978751152614,0.12520265198442712,1.493666157058982,-0.9267053735788015,-0.3445411374154851
7404031009,-0.08171245511153935,-0.3308759096727273,-1.4752583028168516,1.165864515410082,0.3407842468524084,-0.06385709685093505,-0.17619452736707852
7404060008,0.7571544116012536,-0.3308759096727273,-1.0310837936116386,0.6455335836972547,1.493666157058982,0.9832444638162545,4.051214896333757
7404060009,12.506809076211159,16.003228272234395,-1.4752583028168516,0.6455335836972547,1.493666157058982,9.734720699473767,23.067861510954163
7404060010,0.19967628986730768,4.207722892451349,-1.0310837936116386,1.1479226553793105,1.493666157058982,6.864200490487965,7.962031427270435
7404060011,5.591631725179793,1.2997129154576343,-1.4752583028168516,1.1479226553793105,1.493666157058982,4.114499692824779,9.633836132539225
7404060012,4.386217617651196,-0.3308759096727273,-1.4752583028168516,1.1479226553793105,1.493666157058982,2.670778518171249,3.2794535810931493
7404060013,0.8377759939306926,2.2535462322538633,-1.4752583028168516,0.6455335836972547,1.493666157058982,0.9832444638162545,-0.17619452736707852
7404060014,0.3729233739006743,2.2535462322538633,1.5063391876199488,0.6455335836972547,1.493666157058982,4.165255013150467,-0.3445411374154851
7404061001,0.9226542140329432,-0.3308759096727273,-0.38904166808209883,0.6455335836972547,-0.8120976633541652,5.035635881198834,-0.07771807336523329
7404061002,0.755154522629534,1.2997129154576343,-0.38904166808209883,0.6455335836972547,0.3407842468524084,3.340569235523338,-0.17619452736707852
7404061003,1.0835025486317522,-0.3308759096727273,0.17283707186241826,0.6455335836972547,0.3407842468524084,8.573560177186744,-0.007847917318671994
7404061004,2.7457450392086336,1.2997129154576343,-0.38904166808209883,0.6455335836972547,0.3407842468524084,6.723169935553828,1.1589169578049001
7404070010,2.5584585714660606,-0.3308759096727273,-0.833216177287312,1.165864515410082,1.493666157058982,0.9681792811752516,-0.3445411374154851
7404070011,0.4483794747823868,-0.3308759096727273,-0.38904166808209883,1.165864515410082,0.3407842468524084,1.831027557903118,-0.17619452736707852
7404070012,0.7738397676317263,-0.3308759096727273,1.6602418543049757,1.165864515410082,0.3407842468524084,0.12920046252484146,-0.17619452736707852
7404070013,1.6022310159533772,-0.3308759096727273,0.6072814266033855,1.165864515410082,0.3407842468524084,1.6312095488245604,-0.17619452736707852
7404070014,0.3729233739006743,-0.3308759096727273,-1.4752583028168516,1.165864515410082,0.3407842468524084,-0.06385709685093505,-0.3445411374154851
7404070015,0.7809834809504594,-0.3308759096727273,0.5173878865541168,1.668253587092138,0.3407842468524084,-0.06385709685093505,-0.3445411374154851
7404070016,2.388196523786928,1.2997129154576343,0.6072814266033855,1.165864515410082,0.3407842468524084,2.2628377670759114,-0.17619452736707852
7404070017,-0.7770455076879406,-0.3308759096727273,1.6602418543049757,1.165864515410082,0.3407842468524084,-0.9267053735788015,-0.3445411374154851
7404070018,0.411406186717006,-0.3308759096727273,0.6639187596194914,1.165864515410082,0.3407842468524084,-0.06385709685093505,-0.3445411374154851
7404070024,1.6842564675006255,-0.3308759096727273,-1.253171048214245,1.165864515410082,0.3407842468524084,0.9681792811752516,-0.17619452736707852
7404070025,-0.5497025177151927,-0.3308759096727273,1.6036045212888697,0.2716086320073838,0.3407842468524084,-0.9267053735788015,-0.3445411374154851
7404070027,0.3664685155673155,-0.3308759096727273,1.6036045212888697,1.165864515410082,0.3407842468524084,-0.9267053735788015,3.2794535810931493
7404070028,-0.6195639552589798,-0.3308759096727273,1.6602418543049757,1.165864515410082,0.3407842468524084,-0.9267053735788015,-0.3445411374154851
7404071001,0.10372594694303011,-0.3308759096727273,0.2461786710461043,1.165864515410082,-0.8120976633541652,-0.287544564006949,-0.3445411374154851
7404071002,0.6141912552504516,-0.3308759096727273,0.16310691739817224,1.668253587092138,0.3407842468524084,-0.9267053735788015,-0.17619452736707852
7404071003,-0.7770455076879406,-0.3308759096727273,-1.4752583028168516,1.165864515410082,0.3407842468524084,-1.5658661831506542,-0.3445411374154851
7404071004,1.0308280028424026,-0.3308759096727273,-1.253171048214245,1.165864515410082,0.3407842468524084,0.34408365424440207,-0.17619452736707852
7404071005,-1.7306796695277749,-0.3308759096727273,-1.253171048214245,1.165864515410082,0.3407842468524084,-0.9267053735788015,-0.17619452736707852
7404071006,0.22960572444689353,-0.3308759096727273,-1.4752583028168516,0.12520265198442712,0.3407842468524084,-0.9267053735788015,-0.3445411374154851
7404071007,0.8061235842860104,2.5771340673209866,-1.253171048214245,1.165864515410082,0.3407842468524084,0.9832444638162545,1.212645315941394
7404071008,0.24704359639681084,-0.3308759096727273,-1.1542372400520817,1.165864515410082,0.3407842468524084,3.7497816707346274,-0.3445411374154851
7404071010,2.181392904184928,-0.3308759096727273,-1.253171048214245,1.165864515410082,0.3407842468524084,0.9920487392527079,-0.17619452736707852
7404071011,-0.36667203013847394,-0.3308759096727273,-1.253171048214245,1.165864515410082,1.493666157058982,0.12920046252484146,-0.3445411374154851
7404071012,0.24704359639681084,-0.3308759096727273,-1.4752583028168516,1.165864515410082,0.3407842468524084,0.9681792811752516,-0.17619452736707852
7404071013,1.5906605066510464,-0.3308759096727273,-0.833216177287312,1.165864515410082,0.3407842468524084,0.9681792811752516,-0.3445411374154851
7404071014,-0.42382274021132926,2.5771340673209866,-1.0310837936116386,1.165864515410082,0.3407842468524084,0.5753037127209174,-0.3445411374154851
7404071015,-0.42382274021132926,-0.3308759096727273,0.16310691739817224,1.165864515410082,0.3407842468524084,1.9645255215167545,-0.3445411374154851
7404071017,-0.1674713689863329,-0.3308759096727273,0.021876634089951674,1.165864515410082,0.3407842468524084,-0.06385709685093505,-0.3445411374154851
7404071018,0.19967628986730768,1.2997129154576343,-1.4752583028168516,1.165864515410082,-0.8120976633541652,-0.06385709685093505,-0.3445411374154851
7404071019,-1.520322688755179,-0.3308759096727273,2.934057866982374,1.165864515410082,0.3407842468524084,-0.9267053735788015,-0.3445411374154851
7404072001,0.19967628986730768,-0.3308759096727273,-0.38904166808209883,1.165864515410082,0.3407842468524084,0.5753037127209174,-0.17619452736707852
7404072002,0.9769448801157616,-0.3308759096727273,-0.833216177287312,1.165864515410082,0.3407842468524084,0.9920487392527079,-0.17619452736707852
7404072003,0.9197941700429063,-0.3308759096727273,-0.833216177287312,1.165864515410082,0.3407842468524084,-0.9267053735788015,-0.3445411374154851
7404072004,-0.42382274021132926,-0.3308759096727273,-0.38904166808209883,1.165864515410082,0.3407842468524084,0.9324891434905679,-0.3445411374154851
7404072006,-0.9662173720700553,-0.3308759096727273,-0.38904166808209883,1.165864515410082,0.3407842468524084,-0.9267053735788015,-0.3445411374154851
7404072007,-1.520322688755179,-0.3308759096727273,-0.38904166808209883,1.165864515410082,0.3407842468524084,-1.5658661831506542,-0.3445411374154851
7404072008,-1.520322688755179,-0.3308759096727273,-0.38904166808209883,1.165864515410082,0.3407842468524084,-0.9267053735788015,-0.3445411374154851
7405010001,-0.21346575943873344,-0.3308759096727273,0.5740252195702229,0.6275917236664831,0.3407842468524084,-0.06385709685093505,-0.3445411374154851
7405010002,2.211805154654985,-0.3308759096727273,0.4533787599183585,1.1479226553793105,0.3407842468524084,0.7608286807761925,-0.3445411374154851
7405010005,1.7700973111764042,-0.3308759096727273,-0.4789352081313674,1.1479226553793105,0.3407842468524084,1.6236769575040588,3.2794535810931493
7405010006,1.4130591515712625,-0.3308759096727273,0.5740252195702229,1.668253587092138,0.3407842468524084,1.4381519894487835,1.0442987058929873
7405010007,0.19967628986730768,-0.3308759096727273,-1.4752583028168516,0.6275917236664831,0.3407842468524084,-0.2950771553274504,1.0442987058929873
7405010008,0.3664685155673155,6.363244071600549,-1.4752583028168516,1.668253587092138,0.3407842468524084,-0.2950771553274504,1.3272635678533067
7405010009,3.0712601833374134,2.5771340673209866,-1.4752583028168516,1.668253587092138,1.493666157058982,3.125686043803778,1.0442987058929873
7405010012,-0.42382274021132926,-0.3308759096727273,2.222120594249493,1.1479226553793105,0.3407842468524084,-0.287544564006949,-0.3445411374154851
7405010013,-0.3127889074118329,-0.3308759096727273,2.222120594249493,1.1479226553793105,0.3407842468524084,-0.9267053735788015,-0.3445411374154851
7405010014,1.1761455412679027,-0.3308759096727273,2.222120594249493,1.1479226553793105,0.3407842468524084,-1.5658661831506542,-0.3445411374154851
7405010015,-0.6950200561406923,-0.3308759096727273,2.222120594249493,1.1479226553793105,1.493666157058982,0.9920487392527079,-0.3445411374154851
7405010016,-0.08171245511153935,-0.3308759096727273,-1.4752583028168516,0.7739977036894398,0.3407842468524084,0.9920487392527079,-0.3445411374154851
7405010017,-0.8668942240969559,-0.3308759096727273,-1.4752583028168516,-0.2666641597362152,-2.3207512430633237,-0.9267053735788015,-0.3445411374154851
7405010038,-0.45237925871381224,-0.3308759096727273,-1.4752583028168516,0.7739977036894398,-2.3207512430633237,-0.9267053735788015,-0.3445411374154851
7405010040,-0.6195639552589798,-0.3308759096727273,-1.4752583028168516,0.6275917236664831,0.3407842468524084,-1.5658661831506542,-0.17619452736707852
7405010041,0.39160861890286647,-0.3308759096727273,-1.4752583028168516,1.668253587092138,0.3407842468524084,-0.06385709685093505,-0.3445411374154851
7405010042,-0.48466307536809655,-0.3308759096727273,1.1359039595147402,0.6275917236664831,-0.8120976633541652,-1.5658661831506542,-0.3445411374154851
7405010043,-0.9662173720700553,-0.3308759096727273,1.7779460850442799,1.1479226553793105,-0.8120976633541652,-0.9267053735788015,-0.3445411374154851
7405010044,-0.7770455076879406,-0.3308759096727273,2.222120594249493,1.1479226553793105,-0.8120976633541652,-1.5658661831506542,-0.3445411374154851
7405010045,0.10372594694303011,-0.3308759096727273,-1.4752583028168516,1.668253587092138,0.3407842468524084,-0.9267053735788015,-0.3445411374154851
7405010046,-0.45237925871381224,-0.3308759096727273,-1.4752583028168516,0.6275917236664831,-0.8120976633541652,-0.9267053735788015,-0.3445411374154851
7405010047,-0.7770455076879406,-0.3308759096727273,1.7779460850442799,1.1479226553793105,0.3407842468524084,-1.5658661831506542,-0.3445411374154851
7405011001,-1.520322688755179,-0.3308759096727273,0.17283707186241826,-0.24872229970544366,-0.8120976633541652,-0.9267053735788015,-0.3445411374154851
7405011002,-1.0772512048695522,-0.3308759096727273,-0.46920505366712134,-0.24872229970544366,-0.8120976633541652,-0.06385709685093505,-0.17619452736707852
7405011003,-0.3127889074118329,-0.3308759096727273,-0.2713374373427947,0.6275917236664831,-0.8120976633541652,-0.9267053735788015,-0.3445411374154851
7405011004,0.033864509399243126,-0.3308759096727273,0.17283707186241826,-0.24872229970544366,0.3407842468524084,0.9920487392527079,1.0442987058929873
7405011005,2.548041912931444,-0.3308759096727273,0.17283707186241826,-0.24872229970544366,0.3407842468524084,-0.06385709685093505,3.447800191141556
7405011006,1.2619044551426961,-0.3308759096727273,0.17283707186241826,-0.24872229970544366,0.3407842468524084,0.06964086676270143,-0.17619452736707852
7405011007,-0.42382274021132926,-0.3308759096727273,0.17283707186241826,-0.7690532314182711,0.3407842468524084,-0.06385709685093505,-0.3445411374154851
7405011008,-1.2031309823734155,-0.3308759096727273,0.17283707186241826,0.2716086320073838,0.3407842468524084,-0.9267053735788015,-0.3445411374154851
7405011009,1.7352255291571022,-0.3308759096727273,0.17283707186241826,-0.24872229970544366,0.3407842468524084,3.1332186351242792,-0.17619452736707852
7405011010,-0.6950200561406923,-0.3308759096727273,0.17283707186241826,-0.24872229970544366,0.3407842468524084,-1.5658661831506542,-0.3445411374154851
7405011011,-0.7770455076879406,-0.3308759096727273,0.17283707186241826,1.165864515410082,-0.8120976633541652,-0.9267053735788015,-0.3445411374154851
7405011012,1.5432932001215434,1.2997129154576343,2.1014741345976287,0.6455335836972547,-0.8120976633541652,-0.06385709685093505,-0.3445411374154851
7405011013,1.2199998672245178,-0.3308759096727273,2.1014741345976287,0.6455335836972547,-0.8120976633541652,-0.9267053735788015,-0.17619452736707852
7405011014,-0.7770455076879406,-0.3308759096727273,0.099097790762414,0.6455335836972547,0.3407842468524084,-0.9267053735788015,-0.3445411374154851
7405011015,-1.3484485207989154,-0.3308759096727273,-0.2713374373427947,-0.24872229970544366,-0.8120976633541652,-0.9267053735788015,-0.3445411374154851
7405011017,-1.520322688755179,-0.3308759096727273,-0.2713374373427947,-0.24872229970544366,0.3407842468524084,-1.5658661831506542,-0.3445411374154851
7405011018,-1.0772512048695522,-0.3308759096727273,0.5874265822422106,-0.7690532314182711,0.3407842468524084,-0.9267053735788015,-0.3445411374154851
7405020001,-0.21346575943873344,-0.3308759096727273,-0.9133795628723345,1.668253587092138,-0.8120976633541652,-0.9267053735788015,-0.3445411374154851
7405020002,-0.1674713689863329,-0.3308759096727273,0.17283707186241826,1.165864515410082,-0.8120976633541652,-0.9267053735788015,-0.17619452736707852
7405020003,0.9197941700429063,-0.3308759096727273,1.1051510399121443,1.165864515410082,0.3407842468524084,-0.06385709685093505,-0.3445411374154851
7405020012,0.1687653892901263,-0.3308759096727273,2.710260053094006,1.668253587092138,0.3407842468524084,-0.9267053735788015,-0.3445411374154851
7405020013,-0.5497025177151927,-0.3308759096727273,2.0682179275644663,1.668253587092138,0.3407842468524084,1.3492341700223582,-0.17619452736707852
7405020014,1.5123822995443619,-0.3308759096727273,-0.9133795628723345,1.668253587092138,-0.8120976633541652,-0.287544564006949,-0.17619452736707852
7405020015,0.34063955724639006,2.5771340673209866,0.17283707186241826,1.165864515410082,1.493666157058982,0.5753037127209174,5.841494803982186
7405020016,-0.3625305423047968,1.2997129154576343,1.7139369584085216,0.2716086320073838,-0.8120976633541652,-0.9267053735788015,-0.3445411374154851
7405020031,-0.42382274021132926,-0.3308759096727273,-0.2713374373427947,1.165864515410082,-0.8120976633541652,-0.9267053735788015,-0.3445411374154851
7405020033,-0.5517024066869116,-0.3308759096727273,3.154434562299219,0.12520265198442712,-0.8120976633541652,-1.5658661831506542,-0.17619452736707852
7405021001,-0.1674713689863329,-0.3308759096727273,-0.2713374373427947,0.12520265198442712,-2.3207512430633237,-0.9267053735788015,-0.3445411374154851
7405021002,-1.0772512048695522,-0.3308759096727273,-0.04925018274018821,-0.7690532314182711,-2.3207512430633237,-0.9267053735788015,-0.3445411374154851
7405021003,-0.36667203013847394,-0.3308759096727273,0.17283707186241826,-0.7690532314182711,-2.3207512430633237,0.5753037127209174,-0.3445411374154851
7405021004,0.1368064641408146,-0.3308759096727273,-0.2713374373427947,0.12520265198442712,-2.3207512430633237,-0.9267053735788015,-0.3445411374154851
7405021005,2.2556594806115995,4.207722892451349,0.17283707186241826,0.12520265198442712,0.3407842468524084,5.051972747955789,3.447800191141556
7405021006,-0.003108778666137679,-0.3308759096727273,1.2257974995640086,-0.7690532314182711,0.3407842468524084,0.06964086676270143,-0.3445411374154851
7405021007,-0.7770455076879406,-0.3308759096727273,-0.2713374373427947,-0.7690532314182711,0.3407842468524084,-0.9267053735788015,-0.3445411374154851
7405021008,-0.8668942240969559,-0.3308759096727273,-0.2713374373427947,-0.7690532314182711,0.3407842468524084,-0.9267053735788015,-0.3445411374154851
7405021009,-0.6950200561406923,-0.3308759096727273,-0.46920505366712134,-0.7690532314182711,0.3407842468524084,-0.9267053735788015,-0.3445411374154851
7405021010,-0.21346575943873344,-0.3308759096727273,0.17283707186241826,0.12520265198442712,0.3407842468524084,-0.06385709685093505,-0.3445411374154851
7405021011,0.9197941700429063,-0.3308759096727273,-0.2713374373427947,0.12520265198442712,0.3407842468524084,0.9920487392527079,-0.17619452736707852
7405021012,-0.36667203013847394,-0.3308759096727273,0.14325207303699738,0.12520265198442712,0.3407842468524084,-0.06385709685093505,-0.3445411374154851
7405021013,-1.0772512048695522,-0.3308759096727273,0.17283707186241826,-1.773831374782383,-3.8294048227724824,-0.9267053735788015,-0.3445411374154851
7405021014,-1.3484485207989154,-0.3308759096727273,-0.2713374373427947,-1.773831374782383,-2.3207512430633237,-0.9267053735788015,-0.3445411374154851
7405021015,-1.3484485207989154,-0.3308759096727273,-0.2713374373427947,-0.7690532314182711,-2.3207512430633237,-0.9267053735788015,-0.3445411374154851
7405021016,-0.8668942240969559,-0.3308759096727273,-0.2713374373427947,-1.773831374782383,0.3407842468524084,-0.9267053735788015,-0.3445411374154851
7405022001,0.7240529549952557,-0.3308759096727273,4.5821532416616435,0.6455335836972547,0.3407842468524084,3.5499636616560695,-0.17619452736707852
7405022002,-0.6950200561406923,-0.3308759096727273,3.154434562299219,0.6455335836972547,-0.8120976633541652,-0.9267053735788015,-0.3445411374154851
7405022003,0.8589538348861391,1.2997129154576343,3.154434562299219,1.165864515410082,-0.8120976633541652,-0.9267053735788015,-0.3445411374154851
7405022004,-0.36667203013847394,-0.3308759096727273,3.154434562299219,1.165864515410082,-0.8120976633541652,-1.5658661831506542,-0.3445411374154851
7405022005,-0.42382274021132926,-0.3308759096727273,3.154434562299219,1.165864515410082,0.3407842468524084,-0.9267053735788015,-0.3445411374154851
7405022006,-0.6950200561406923,-0.3308759096727273,2.1014741345976287,0.6455335836972547,-0.8120976633541652,-0.9267053735788015,-0.3445411374154851
7405022007,0.19967628986730768,1.2997129154576343,3.378232376187587,1.1479226553793105,-0.8120976633541652,0.5753037127209174,-0.3445411374154851
7405022008,-0.003108778666137679,-0.3308759096727273,4.5821532416616435,1.1479226553793105,-0.8120976633541652,-1.5658661831506542,-0.3445411374154851
7405022009,-0.3127889074118329,-0.3308759096727273,4.261132178896874,1.1479226553793105,0.3407842468524084,-0.9267053735788015,-0.3445411374154851
7405022010,-0.48466307536809655,-0.3308759096727273,3.154434562299219,0.6455335836972547,-0.8120976633541652,0.34408365424440207,-0.3445411374154851
7405030011,1.4130591515712625,-0.3308759096727273,0.17283707186241826,-0.7690532314182711,0.3407842468524084,0.12920046252484146,-0.17619452736707852
7405030012,-0.45237925871381224,-0.3308759096727273,0.17283707186241826,0.12520265198442712,0.3407842468524084,0.5753037127209174,-0.3445411374154851
7405030013,-0.6195639552589798,-0.3308759096727273,4.13797873245643,-1.773831374782383,-0.8120976633541652,-0.9267053735788015,-0.3445411374154851
7405030014,-1.520322688755179,-0.3308759096727273,0.17283707186241826,-1.5053736874680668,-0.8120976633541652,-0.9267053735788015,-0.3445411374154851
7405030015,-0.5497025177151927,-0.3308759096727273,4.13797873245643,-0.8795754913796848,-0.8120976633541652,-0.06385709685093505,-0.3445411374154851
7405030016,-0.1674713689863329,-0.3308759096727273,4.13797873245643,1.165864515410082,0.3407842468524084,0.9920487392527079,-0.3445411374154851
7405030017,0.4767226861572795,-0.3308759096727273,4.13797873245643,1.165864515410082,-0.8120976633541652,-0.9267053735788015,-0.17619452736707852
7405030018,-0.6195639552589798,-0.3308759096727273,3.4959366069268913,1.165864515410082,0.3407842468524084,-0.06385709685093505,-0.3445411374154851
7405030019,-0.6950200561406923,-0.3308759096727273,4.13797873245643,1.165864515410082,0.3407842468524084,-0.9267053735788015,-0.3445411374154851
7405030020,0.566571402566295,-0.3308759096727273,4.5821532416616435,1.165864515410082,0.3407842468524084,0.9920487392527079,1.0442987058929873
7405030021,0.4483794747823868,-0.3308759096727273,3.154434562299219,1.165864515410082,0.3407842468524084,0.34408365424440207,-0.3445411374154851
7405030022,-0.003108778666137679,-0.3308759096727273,3.9401111161321043,1.165864515410082,0.3407842468524084,4.38894248030648,-0.3445411374154851
7405030030,-2.0018769854571383,-0.3308759096727273,3.9401111161321043,-0.7690532314182711,0.3407842468524084,-0.9267053735788015,-0.17619452736707852
7405030032,-0.36667203013847394,-0.3308759096727273,4.5821532416616435,0.12520265198442712,-0.8120976633541652,-0.9267053735788015,-0.3445411374154851
7405030033,-0.42382274021132926,-0.3308759096727273,1.7779460850442799,1.165864515410082,0.3407842468524084,-0.9267053735788015,-0.3445411374154851
7405031001,0.9197941700429063,-0.3308759096727273,1.7779460850442799,0.12520265198442712,-0.8120976633541652,-0.9267053735788015,-0.3445411374154851
7405031002,0.8589538348861391,-0.3308759096727273,4.13797873245643,0.6455335836972547,0.3407842468524084,1.2069319309722684,-0.3445411374154851
7405031003,-0.7770455076879406,-0.3308759096727273,-0.2713374373427947,0.12520265198442712,-0.8120976633541652,-0.9267053735788015,-0.3445411374154851
7405031004,-1.0772512048695522,-0.3308759096727273,-0.2713374373427947,1.165864515410082,-0.8120976633541652,-0.9267053735788015,-0.3445411374154851
7405031005,-0.5497025177151927,-0.3308759096727273,4.13797873245643,1.165864515410082,-0.8120976633541652,-0.9267053735788015,-0.3445411374154851
7405031007,-0.2618198457553564,-0.3308759096727273,-0.2713374373427947,1.165864515410082,-0.8120976633541652,-0.06385709685093505,-0.3445411374154851
7405031008,-0.6950200561406923,-0.3308759096727273,-0.2713374373427947,0.6455335836972547,-0.8120976633541652,0.12920046252484146,-0.3445411374154851
7405031009,-0.9662173720700553,-0.3308759096727273,-0.2713374373427947,1.165864515410082,0.3407842468524084,-0.9267053735788015,-0.3445411374154851
7405031010,1.3774814196534788,-0.3308759096727273,4.13797873245643,-1.773831374782383,-0.8120976633541652,-0.06385709685093505,-0.17619452736707852
7405032001,-0.42382274021132926,-0.3308759096727273,2.710260053094006,1.165864515410082,-0.8120976633541652,0.5753037127209174,-0.3445411374154851
7405032002,0.033864509399243126,-0.3308759096727273,1.7779460850442799,1.165864515410082,-0.8120976633541652,-0.9267053735788015,-0.17619452736707852
7405032003,0.9197941700429063,-0.3308759096727273,-0.2713374373427947,-0.7690532314182711,0.3407842468524084,0.12920046252484146,-0.17619452736707852
7405032004,2.124600391204695,-0.3308759096727273,0.17283707186241826,-1.5053736874680668,0.3407842468524084,-0.06385709685093505,-0.3445411374154851
7405032005,0.518240912326174,-0.3308759096727273,0.21974425041427825,-0.7690532314182711,0.3407842468524084,-0.06385709685093505,-0.3445411374154851
7405032006,0.06944224131702698,-0.3308759096727273,1.7779460850442799,0.2716086320073838,-0.8120976633541652,-0.287544564006949,-0.17619452736707852
7405032007,-0.5497025177151927,-0.3308759096727273,1.4970067150720212,-1.5053736874680668,-0.8120976633541652,-0.06385709685093505,-0.3445411374154851
7405032008,-0.6195639552589798,-0.3308759096727273,0.17283707186241826,-1.5053736874680668,-0.8120976633541652,-0.9267053735788015,-0.3445411374154851
7405040017,1.993936596246321,-0.3308759096727273,3.154434562299219,0.6455335836972547,-2.3207512430633237,1.6236769575040588,-0.3445411374154851
7405040018,-0.6195639552589798,-0.3308759096727273,2.710260053094006,0.12520265198442712,-2.3207512430633237,-1.5658661831506542,-0.3445411374154851
7405040019,-0.6195639552589798,-0.3308759096727273,3.154434562299219,0.6455335836972547,0.3407842468524084,0.7088016763345539,-0.3445411374154851
7405040020,-0.2618198457553564,-0.3308759096727273,3.154434562299219,0.12520265198442712,0.3407842468524084,-0.9267053735788015,-0.3445411374154851
7405040021,2.4131410330405605,-0.3308759096727273,3.154434562299219,1.165864515410082,0.3407842468524084,-0.2950771553274504,-0.17619452736707852
7405040022,-0.3127889074118329,-0.3308759096727273,3.154434562299219,0.6455335836972547,0.3407842468524084,-0.06385709685093505,-0.3445411374154851
7405040023,0.9197941700429063,-0.3308759096727273,3.154434562299219,1.165864515410082,0.3407842468524084,0.12920046252484146,-0.3445411374154851
7405040024,-0.21346575943873344,-0.3308759096727273,3.154434562299219,1.165864515410082,0.3407842468524084,-0.9267053735788015,-0.3445411374154851
7405040025,-0.42382274021132926,-0.3308759096727273,3.154434562299219,-0.24872229970544366,0.3407842468524084,-0.06385709685093505,-0.3445411374154851
7405040026,-0.5497025177151927,-0.3308759096727273,3.154434562299219,0.2716086320073838,0.3407842468524084,-0.9267053735788015,-0.3445411374154851
7405040027,-0.9662173720700553,-0.3308759096727273,3.154434562299219,0.2716086320073838,-2.3207512430633237,-0.9267053735788015,-0.3445411374154851
7405040028,-1.520322688755179,-0.3308759096727273,3.154434562299219,0.2716086320073838,-2.3207512430633237,-0.06385709685093505,-0.3445411374154851
7405041001,2.516082987782132,-0.3308759096727273,-0.9133795628723345,1.165864515410082,1.493666157058982,1.1993993396517673,-0.3445411374154851
7405041003,0.9769448801157616,-0.3308759096727273,2.1014741345976287,0.12520265198442712,-2.3207512430633237,1.6312095488245604,-0.3445411374154851
7405041004,-0.6195639552589798,-0.3308759096727273,-0.2713374373427947,0.6455335836972547,-0.8120976633541652,-0.06385709685093505,-0.3445411374154851
7405041005,0.41609565812810245,-0.3308759096727273,-0.2713374373427947,0.6455335836972547,0.3407842468524084,0.12920046252484146,1.1589169578049001
7405041006,1.302025318771766,-0.3308759096727273,3.0879605336674003,0.12520265198442712,0.3407842468524084,-0.9267053735788015,-0.17619452736707852
7405041007,-0.1674713689863329,-0.3308759096727273,2.934057866982374,0.12520265198442712,0.3407842468524084,-0.9267053735788015,-0.3445411374154851
7405041008,-0.7770455076879406,-0.3308759096727273,0.15258454558492515,0.12520265198442712,0.3407842468524084,-0.06385709685093505,-0.3445411374154851
7405041009,-0.6195639552589798,-0.3308759096727273,2.934057866982374,0.12520265198442712,0.3407842468524084,-0.06385709685093505,-0.3445411374154851
7405041010,-0.003108778666137679,1.2997129154576343,3.378232376187587,0.12520265198442712,0.3407842468524084,-0.9267053735788015,-0.3445411374154851
7405041011,-0.12361704302971765,1.2997129154576343,2.0017438989326477,0.6455335836972547,0.3407842468524084,-0.9267053735788015,3.2794535810931493
7405041012,1.3405081315880978,2.5771340673209866,2.0017438989326477,1.165864515410082,0.3407842468524084,2.8944659853272627,1.3272635678533067
7405041013,0.7738397676317263,4.207722892451349,1.6572996253924155,1.1479226553793105,0.3407842468524084,-0.2950771553274504,1.0442987058929873
7405041014,-0.2618198457553564,2.2535462322538633,2.934057866982374,1.165864515410082,0.3407842468524084,-0.2950771553274504,-0.3445411374154851
7405041015,-0.5497025177151927,-0.3308759096727273,-0.9133795628723345,0.6455335836972547,0.3407842468524084,-0.2950771553274504,-0.3445411374154851
7405041016,1.7352255291571022,1.2997129154576343,0.7816229903587956,0.6455335836972547,0.3407842468524084,0.34408365424440207,-0.3445411374154851
7405041017,-0.36667203013847394,-0.3308759096727273,-0.2713374373427947,0.6455335836972547,-2.3207512430633237,-0.9267053735788015,-0.3445411374154851
7405050003,0.9769448801157616,-0.3308759096727273,3.642574021143732,1.165864515410082,0.3407842468524084,-0.9267053735788015,-0.3445411374154851
7405050004,-1.7306796695277749,-0.3308759096727273,2.833413499534449,0.12520265198442712,0.3407842468524084,-1.5658661831506542,-0.3445411374154851
7405050005,-0.6195639552589798,-0.3308759096727273,4.9525884697668525,1.165864515410082,0.3407842468524084,-0.9267053735788015,-0.3445411374154851
7405050006,1.0817970644988792,-0.3308759096727273,3.154434562299219,1.165864515410082,-0.8120976633541652,1.6312095488245604,-0.3445411374154851
7405050007,-1.3484485207989154,-0.3308759096727273,3.9401111161321043,1.165864515410082,-0.8120976633541652,-1.5658661831506542,1.0442987058929873
7405050009,-0.8668942240969559,-0.3308759096727273,3.154434562299219,1.165864515410082,-0.8120976633541652,-0.9267053735788015,-0.3445411374154851
7405050010,-0.36667203013847394,-0.3308759096727273,2.710260053094006,1.165864515410082,0.3407842468524084,0.5753037127209174,-0.17619452736707852
7405050011,-0.8668942240969559,-0.3308759096727273,4.50841396056164,1.165864515410082,0.3407842468524084,-1.5658661831506542,-0.3445411374154851
7405050013,-0.6195639552589798,-0.3308759096727273,4.13797873245643,1.165864515410082,-0.8120976633541652,-0.9267053735788015,-0.3445411374154851
7405050014,1.1761455412679027,-0.3308759096727273,2.710260053094006,1.165864515410082,0.3407842468524084,-0.9267053735788015,-0.3445411374154851
7405050015,-0.42382274021132926,-0.3308759096727273,2.710260053094006,1.165864515410082,0.3407842468524084,-0.9267053735788015,-0.3445411374154851
7405050028,1.0308280028424026,-0.3308759096727273,2.152704336705115,0.2716086320073838,0.3407842468524084,-1.5658661831506542,-0.3445411374154851
7405050030,-2.0018769854571383,-0.3308759096727273,2.1483813131494887,-5.005512746326653,-0.8120976633541652,-0.9267053735788015,-0.3445411374154851
7405051005,-0.3625305423047968,-0.3308759096727273,4.020274501717126,1.668253587092138,-0.8120976633541652,-1.5658661831506542,-0.3445411374154851
7405060005,-1.3484485207989154,-0.3308759096727273,0.7249856573426896,-2.510151830832179,-0.8120976633541652,-0.9267053735788015,-0.3445411374154851
7405060006,-1.3484485207989154,-0.3308759096727273,1.7779460850442799,-2.510151830832179,-0.8120976633541652,0.5753037127209174,-0.3445411374154851
7405060008,-1.0772512048695522,-0.3308759096727273,-0.2713374373427947,-0.8795754913796848,-0.8120976633541652,-0.06385709685093505,-0.17619452736707852
7405060009,1.4130591515712625,-0.3308759096727273,0.7249856573426896,-0.8795754913796848,0.3407842468524084,1.2069319309722684,-0.17619452736707852
7405060011,-0.9662173720700553,-0.3308759096727273,0.7249856573426896,0.7510008480728088,-2.3207512430633237,-0.9267053735788015,-0.3445411374154851
7405060015,-0.36667203013847394,-0.3308759096727273,2.1014741345976287,0.7510008480728088,-0.8120976633541652,-0.06385709685093505,-0.3445411374154851
7405070001,-1.3484485207989154,-0.3308759096727273,-1.0310837936116386,-1.773831374782383,-0.8120976633541652,-0.9267053735788015,-0.3445411374154851
7405070003,1.5432932001215434,-0.3308759096727273,-1.4752583028168516,1.165864515410082,0.3407842468524084,0.9920487392527079,1.0442987058929873
7405070004,-0.6627362394864085,-0.3308759096727273,-1.4752583028168516,0.2716086320073838,-0.8120976633541652,-0.06385709685093505,-0.17619452736707852
7405070023,-0.2805050907575486,-0.3308759096727273,-0.5429443347671257,-5.005512746326653,0.3407842468524084,-0.06385709685093505,-0.3445411374154851
7405070024,1.302025318771766,4.207722892451349,-1.4752583028168516,1.165864515410082,1.493666157058982,0.34408365424440207,2.7161034111617792
7405070025,1.6576998379698615,-0.3308759096727273,-1.4752583028168516,1.165864515410082,1.493666157058982,-0.9267053735788015,-0.3445411374154851
7405070026,-0.3127889074118329,-0.3308759096727273,-1.4752583028168516,1.165864515410082,-0.8120976633541652,0.9920487392527079,-0.3445411374154851
7405070027,-1.0772512048695522,-0.3308759096727273,-1.0310837936116386,1.165864515410082,-0.8120976633541652,-0.9267053735788015,-0.3445411374154851
7405070028,1.5432932001215434,-0.3308759096727273,-1.0310837936116386,0.2716086320073838,-0.8120976633541652,2.210810762634273,-0.17619452736707852
7405070029,-0.42382274021132926,2.5771340673209866,-0.5429443347671257,1.165864515410082,0.3407842468524084,-0.9267053735788015,-0.3445411374154851
7405070030,-0.21346575943873344,-0.3308759096727273,-1.4752583028168516,1.165864515410082,0.3407842468524084,-0.06385709685093505,-0.3445411374154851
7405070031,0.7240529549952557,-0.3308759096727273,-1.4752583028168516,1.165864515410082,0.3407842468524084,-0.9342379648993031,-0.3445411374154851
7405070040,0.7240529549952557,-0.3308759096727273,-1.4752583028168516,1.165864515410082,0.3407842468524084,-0.287544564006949,-0.3445411374154851
7405070041,0.15269511962778737,-0.3308759096727273,-1.4752583028168516,0.12520265198442712,0.3407842468524084,-0.9267053735788015,-0.3445411374154851
7405070044,-1.7306796695277749,-0.3308759096727273,-1.4752583028168516,-5.005512746326653,0.3407842468524084,-1.5658661831506542,-0.3445411374154851
7405071032,0.33280251027160435,-0.3308759096727273,-1.4752583028168516,1.165864515410082,-0.8120976633541652,-0.9267053735788015,-0.3445411374154851
7405071033,0.10172605797131085,-0.3308759096727273,-1.4752583028168516,1.165864515410082,0.3407842468524084,2.2628377670759114,-0.17619452736707852
7405071034,1.9268972649275058,-0.3308759096727273,-1.4752583028168516,1.165864515410082,0.3407842468524084,0.567771121400416,-0.3445411374154851
7405071035,-0.6195639552589798,-0.3308759096727273,-0.38904166808209883,0.12520265198442712,-0.8120976633541652,-0.06385709685093505,-0.3445411374154851
7405071036,1.894938339778194,-0.3308759096727273,-1.4752583028168516,1.165864515410082,0.3407842468524084,0.9757118724957532,-0.3445411374154851
7405071037,0.15269511962778737,1.2997129154576343,-1.4752583028168516,1.165864515410082,0.3407842468524084,0.12920046252484146,-0.3445411374154851
7405071038,-0.1674713689863329,-0.3308759096727273,-1.4752583028168516,1.165864515410082,1.493666157058982,-0.06385709685093505,-0.17619452736707852
7405071039,-0.21346575943873344,-0.3308759096727273,-1.4752583028168516,1.165864515410082,1.493666157058982,-0.9267053735788015,-0.3445411374154851
7405071042,-0.7770455076879406,-0.3308759096727273,-1.4752583028168516,1.165864515410082,-0.8120976633541652,-0.9267053735788015,-0.3445411374154851
7405071043,0.24704359639681084,-0.3308759096727273,-1.4752583028168516,1.165864515410082,-0.8120976633541652,-1.5658661831506542,-0.3445411374154851
7405080005,0.41609565812810245,-0.3308759096727273,1.5395953946531113,0.6455335836972547,1.493666157058982,2.9019985766477645,-0.17619452736707852
7405080006,-0.6195639552589798,-0.3308759096727273,0.17283707186241826,-0.7690532314182711,0.3407842468524084,-0.9267053735788015,-0.3445411374154851
7405080007,0.25861410569914167,-0.3308759096727273,0.6072814266033855,0.6455335836972547,1.493666157058982,-0.9267053735788015,-0.3445411374154851
7405080008,1.4473428571972657,-0.3308759096727273,1.6602418543049757,0.6275917236664831,1.493666157058982,-0.9267053735788015,-0.3445411374154851
7405080009,-0.12361704302971765,-0.3308759096727273,-0.38904166808209883,0.6275917236664831,1.493666157058982,-0.9267053735788015,1.0442987058929873
7405080010,-0.42382274021132926,-0.3308759096727273,0.6072814266033855,-0.8795754913796848,1.493666157058982,0.5753037127209174,-0.3445411374154851
7405080011,-1.2031309823734155,-0.3308759096727273,-0.38904166808209883,0.12520265198442712,0.3407842468524084,-0.9267053735788015,-0.17619452736707852
7405080013,0.6141912552504516,-0.3308759096727273,-1.0310837936116386,0.6455335836972547,1.493666157058982,0.5753037127209174,-0.3445411374154851
7405080014,1.0835025486317522,-0.3308759096727273,-1.0310837936116386,0.6455335836972547,1.493666157058982,-0.9267053735788015,-0.3445411374154851
7405080015,-0.21346575943873344,2.5771340673209866,-1.4752583028168516,0.6455335836972547,1.493666157058982,0.9920487392527079,1.0442987058929873
7405080016,0.24704359639681084,-0.3308759096727273,-1.0310837936116386,-0.2666641597362152,1.493666157058982,0.5753037127209174,1.0442987058929873
7405080017,-0.04159159148246938,-0.3308759096727273,-1.0310837936116386,0.6275917236664831,0.3407842468524084,-0.9342379648993031,-0.17619452736707852
7405080018,-0.12361704302971765,-0.3308759096727273,-1.4752583028168516,0.6455335836972547,1.493666157058982,-0.9267053735788015,-0.3445411374154851
7405080019,1.5432932001215434,-0.3308759096727273,-1.4752583028168516,0.6455335836972547,1.493666157058982,-0.9267053735788015,3.2794535810931493
7405080020,-0.04159159148246938,-0.3308759096727273,-1.4752583028168516,0.12520265198442712,1.493666157058982,0.567771121400416,-0.3445411374154851
7405080021,-0.42382274021132926,-0.3308759096727273,-1.4752583028168516,0.6455335836972547,0.3407842468524084,-1.5658661831506542,-0.3445411374154851
7405081001,-0.42382274021132926,-0.3308759096727273,-1.4752583028168516,1.1479226553793105,1.493666157058982,0.5753037127209174,-0.3445411374154851
7405081002,-0.9662173720700553,-0.3308759096727273,-1.4752583028168516,1.1479226553793105,1.493666157058982,-0.9342379648993031,-0.3445411374154851
7405081003,1.2199998672245178,-0.3308759096727273,-1.4752583028168516,1.1479226553793105,1.493666157058982,-0.9267053735788015,-0.3445411374154851
7405081004,-0.1674713689863329,-0.3308759096727273,-1.4752583028168516,0.12520265198442712,1.493666157058982,-0.7030179064227877,-0.17619452736707852
7405081006,-0.003108778666137679,-0.3308759096727273,1.1359039595147402,-0.8795754913796848,-0.8120976633541652,-0.2950771553274504,-0.17619452736707852
7405090002,0.1687653892901263,-0.3308759096727273,-0.2713374373427947,1.165864515410082,1.493666157058982,-0.7030179064227877,-0.17619452736707852
7405090003,-0.48466307536809655,-0.3308759096727273,-0.2713374373427947,0.6455335836972547,1.493666157058982,-0.287544564006949,3.447800191141556
7405090005,0.033864509399243126,-0.3308759096727273,-0.2713374373427947,0.12520265198442712,0.3407842468524084,-0.9267053735788015,-0.3445411374154851
7405090008,1.8068572921141934,-0.3308759096727273,0.17283707186241826,0.6455335836972547,1.493666157058982,1.4306193981282822,7.0717949096501895
7405090009,0.34063955724639006,-0.3308759096727273,-0.2713374373427947,0.6455335836972547,1.493666157058982,0.7608286807761925,-0.17619452736707852
7405090010,0.463240381859958,-0.3308759096727273,-0.2713374373427947,0.6455335836972547,1.493666157058982,-0.9267053735788015,-0.17619452736707852
7405090011,1.4344119456086828,-0.3308759096727273,0.17283707186241826,0.6455335836972547,1.493666157058982,1.8473644246600724,1.3272635678533067
7405090012,1.7461281399526511,-0.3308759096727273,-0.9133795628723345,0.6455335836972547,1.493666157058982,0.7608286807761925,6.2254798777585005
7405090013,1.7461281399526511,-0.3308759096727273,-0.9133795628723345,0.6455335836972547,1.493666157058982,0.34408365424440207,1.3272635678533067
7405090020,0.31408292771562596,-0.3308759096727273,-0.2713374373427947,0.6275917236664831,0.3407842468524084,-0.9267053735788015,-0.17619452736707852
7405090021,0.033864509399243126,-0.3308759096727273,0.17283707186241826,0.6455335836972547,0.3407842468524084,-1.5658661831506542,-0.17619452736707852
7405091001,-0.6195639552589798,-0.3308759096727273,-0.46920505366712134,-0.2666641597362152,1.493666157058982,-0.9267053735788015,-0.3445411374154851
7405091002,0.25861410569914167,-0.3308759096727273,1.3929579804362706,-0.2666641597362152,1.493666157058982,0.5753037127209174,1.212645315941394
7405091003,0.5832803546732701,1.2997129154576343,-0.03476069892615435,-0.2666641597362152,1.493666157058982,-0.287544564006949,-0.3445411374154851
7405091004,-0.42382274021132926,-0.3308759096727273,-1.4752583028168516,0.6275917236664831,0.3407842468524084,-0.9267053735788015,-0.3445411374154851
7405091005,-0.36667203013847394,-0.3308759096727273,-1.0606687924370595,0.6275917236664831,0.3407842468524084,-0.9267053735788015,-0.17619452736707852
7405091006,-0.8668942240969559,-0.3308759096727273,-1.4752583028168516,0.6275917236664831,0.3407842468524084,0.12920046252484146,-0.3445411374154851
7405091009,-0.21346575943873344,-0.3308759096727273,-0.03476069892615435,-0.7690532314182711,0.3407842468524084,-0.9267053735788015,-0.3445411374154851
7405100007,-0.6950200561406923,-0.3308759096727273,0.5874265822422106,-0.8795754913796848,0.3407842468524084,-0.9267053735788015,-0.3445411374154851
7405100008,-0.42382274021132926,-0.3308759096727273,0.17283707186241826,-0.8795754913796848,0.3407842468524084,-1.5658661831506542,2.5477568011133727
7405100009,-0.04159159148246938,-0.3308759096727273,0.17283707186241826,-0.8795754913796848,-2.3207512430633237,-0.5099603470470111,-0.3445411374154851
7405100010,-0.5497025177151927,-0.3308759096727273,4.5821532416616435,-0.8795754913796848,-2.3207512430633237,-0.9267053735788015,-0.3445411374154851
7405100011,-0.3625305423047968,-0.3308759096727273,4.5821532416616435,-0.8795754913796848,1.493666157058982,-0.06385709685093505,-0.17619452736707852
7405100012,-1.7306796695277749,-0.3308759096727273,0.17283707186241826,0.12520265198442712,0.3407842468524084,-1.5658661831506542,-0.3445411374154851
7405100013,-1.0772512048695522,-0.3308759096727273,0.17283707186241826,0.12520265198442712,0.3407842468524084,-1.5658661831506542,-0.3445411374154851
7405100014,0.3729233739006743,-0.3308759096727273,2.0374650079618704,0.12520265198442712,0.3407842468524084,-0.9267053735788015,-0.3445411374154851
7405100015,-0.8668942240969559,-0.3308759096727273,4.5821532416616435,0.6275917236664831,0.3407842468524084,-1.5658661831506542,-0.17619452736707852
7405100033,0.9769448801157616,-0.3308759096727273,4.5821532416616435,1.165864515410082,0.3407842468524084,-0.287544564006949,-0.3445411374154851
7405100035,-0.9339335554157715,-0.3308759096727273,4.5821532416616435,0.12520265198442712,0.3407842468524084,-0.06385709685093505,-0.3445411374154851
7405100036,-0.48466307536809655,-0.3308759096727273,4.5821532416616435,-0.8795754913796848,-2.3207512430633237,-0.9267053735788015,-0.3445411374154851
7405101001,0.9769448801157616,-0.3308759096727273,0.583755374034469,1.165864515410082,0.3407842468524084,-1.5658661831506542,-0.3445411374154851
7405101002,-0.6195639552589798,1.2997129154576343,-0.9133795628723345,-1.773831374782383,0.3407842468524084,-0.9267053735788015,-0.3445411374154851
7405101003,0.047842935244669815,-0.3308759096727273,-0.46920505366712134,-0.8795754913796848,0.3407842468524084,-0.9267053735788015,-0.3445411374154851
7405101004,-0.9662173720700553,-0.3308759096727273,-0.46920505366712134,0.12520265198442712,0.3407842468524084,-0.06385709685093505,-0.3445411374154851
7405101005,1.2199998672245178,2.5771340673209866,-0.9133795628723345,1.165864515410082,0.3407842468524084,-0.9267053735788015,2.7161034111617792
7405101006,-0.48466307536809655,1.2997129154576343,-0.46920505366712134,-0.8795754913796848,0.3407842468524084,-0.9267053735788015,-0.17619452736707852
7405101007,-1.7306796695277749,-0.3308759096727273,-0.46920505366712134,-0.8795754913796848,-0.8120976633541652,-0.9267053735788015,-0.3445411374154851
7405101008,-0.12361704302971765,2.2535462322538633,-0.46920505366712134,-0.8795754913796848,0.3407842468524084,-0.06385709685093505,-0.3445411374154851
7405101009,-0.6950200561406923,1.2997129154576343,-0.46920505366712134,-0.8795754913796848,1.493666157058982,0.06964086676270143,-0.3445411374154851
7405101010,-0.6950200561406923,4.560890565718358,-0.09876982556191259,-1.773831374782383,0.3407842468524084,-1.5658661831506542,-0.3445411374154851
7405101011,-0.7770455076879406,-0.3308759096727273,-0.46920505366712134,-0.8795754913796848,0.3407842468524084,-0.9267053735788015,-0.3445411374154851
7405101012,-1.0772512048695522,1.2997129154576343,-0.9133795628723345,-1.773831374782383,0.3407842468524084,-1.5658661831506542,-0.3445411374154851
7405101013,-0.6950200561406923,2.2535462322538633,-1.0310837936116386,-1.773831374782383,0.3407842468524084,-1.5658661831506542,-0.3445411374154851
7405101014,-0.5497025177151927,1.2997129154576343,-0.46920505366712134,-1.773831374782383,0.3407842468524084,-0.287544564006949,-0.3445411374154851
7405101015,-1.0772512048695522,-0.3308759096727273,-0.46920505366712134,1.165864515410082,1.493666157058982,-0.9267053735788015,-0.3445411374154851
7405101016,-1.3484485207989154,-0.3308759096727273,-0.7060848076824383,-1.773831374782383,-0.8120976633541652,-1.5658661831506542,-0.3445411374154851
7405101017,-0.5497025177151927,-0.3308759096727273,-0.9133795628723345,-2.510151830832179,0.3407842468524084,-0.06385709685093505,-0.3445411374154851
7405101018,-0.7770455076879406,-0.3308759096727273,-0.9133795628723345,-1.773831374782383,0.3407842468524084,-1.5658661831506542,-0.3445411374154851
7405101019,-0.9662173720700553,-0.3308759096727273,-1.4752583028168516,0.12520265198442712,0.3407842468524084,-0.9267053735788015,-0.3445411374154851
7405101020,-0.8668942240969559,-0.3308759096727273,-0.9133795628723345,1.165864515410082,0.3407842468524084,-1.5658661831506542,-0.3445411374154851
7405102001,-0.6195639552589798,-0.3308759096727273,3.6498392736119176,-4.111256862923955,0.3407842468524084,-0.9267053735788015,-0.3445411374154851
7405102002,-0.42382274021132926,-0.3308759096727273,4.064428783991709,-4.111256862923955,0.3407842468524084,0.34408365424440207,-0.3445411374154851
7405102003,-0.9662173720700553,-0.3308759096727273,3.6498392736119176,-4.111256862923955,0.3407842468524084,-1.5658661831506542,-0.3445411374154851
7405102006,1.0308280028424026,-0.3308759096727273,3.6498392736119176,-5.005512746326653,0.3407842468524084,-0.06385709685093505,-0.3445411374154851
7405102007,-1.0772512048695522,-0.3308759096727273,3.6498392736119176,-5.005512746326653,0.3407842468524084,-0.9267053735788015,-0.17619452736707852
7405102008,-0.5497025177151927,-0.3308759096727273,3.6498392736119176,-5.005512746326653,0.3407842468524084,-0.9267053735788015,-0.3445411374154851
7405102009,-0.20504898987583606,-0.3308759096727273,3.6498392736119176,-5.005512746326653,0.3407842468524084,-0.06385709685093505,-0.3445411374154851
7405102010,-0.7770455076879406,-0.3308759096727273,3.6498392736119176,-5.005512746326653,0.3407842468524084,-0.9267053735788015,-0.3445411374154851
7405110016,-0.3127889074118329,-0.3308759096727273,-0.9133795628723345,0.12520265198442712,0.3407842468524084,-0.9267053735788015,-0.3445411374154851
7405110017,-0.5497025177151927,-0.3308759096727273,-0.9133795628723345,-0.7690532314182711,0.3407842468524084,-0.06385709685093505,-0.3445411374154851
7405110018,-0.48466307536809655,-0.3308759096727273,-0.9133795628723345,0.12520265198442712,-0.8120976633541652,-0.9267053735788015,-0.3445411374154851
7405110019,-0.7770455076879406,-0.3308759096727273,-0.9133795628723345,-0.8795754913796848,0.3407842468524084,0.9920487392527079,-0.3445411374154851
7405110020,-0.1674713689863329,-0.3308759096727273,-0.9133795628723345,0.12520265198442712,0.3407842468524084,-0.9267053735788015,-0.3445411374154851
7405110022,0.43996270521948944,-0.3308759096727273,-0.46920505366712134,1.165864515410082,0.3407842468524084,-0.06385709685093505,-0.3445411374154851
7405110023,0.1368064641408146,-0.3308759096727273,-0.9133795628723345,1.165864515410082,0.3407842468524084,-0.2950771553274504,-0.3445411374154851
7405110024,-0.48466307536809655,-0.3308759096727273,-0.9133795628723345,1.165864515410082,0.3407842468524084,-0.9267053735788015,-0.3445411374154851
7405110025,-0.21346575943873344,-0.3308759096727273,-0.9133795628723345,0.6455335836972547,0.3407842468524084,-0.9267053735788015,-0.3445411374154851
7405110026,-0.3127889074118329,-0.3308759096727273,-0.46920505366712134,0.12520265198442712,0.3407842468524084,-0.9267053735788015,-0.3445411374154851
7405110027,-1.0772512048695522,-0.3308759096727273,-0.9133795628723345,0.6455335836972547,1.493666157058982,-0.9267053735788015,-0.3445411374154851
7405110028,-0.42382274021132926,-0.3308759096727273,-0.9133795628723345,0.6455335836972547,0.3407842468524084,-0.9267053735788015,-0.3445411374154851
7405110029,-0.8668942240969559,-0.3308759096727273,-0.9133795628723345,0.6455335836972547,0.3407842468524084,-0.9267053735788015,-0.3445411374154851
7405110030,1.2619044551426961,-0.3308759096727273,-0.9133795628723345,0.6455335836972547,0.3407842468524084,1.854897015980574,-0.3445411374154851
7405110032,0.6485968541135432,-0.3308759096727273,-0.46920505366712134,-1.773831374782383,1.493666157058982,-0.06385709685093505,-0.3445411374154851
7405110033,-0.6950200561406923,-0.3308759096727273,-0.46920505366712134,-0.7690532314182711,0.3407842468524084,-0.9267053735788015,-0.3445411374154851
7405110034,-0.7770455076879406,-0.3308759096727273,-0.46920505366712134,-0.7690532314182711,0.3407842468524084,-0.9267053735788015,-0.3445411374154851
7405110035,-0.6195639552589798,-0.3308759096727273,-0.46920505366712134,0.6455335836972547,0.3407842468524084,-1.5658661831506542,-0.3445411374154851
7405110036,-0.9662173720700553,-0.3308759096727273,-0.9133795628723345,0.6455335836972547,0.3407842468524084,-1.5658661831506542,-0.3445411374154851
7405110037,-0.36667203013847394,-0.3308759096727273,-0.9133795628723345,0.12520265198442712,0.3407842468524084,-0.9267053735788015,-0.3445411374154851
7405110038,-1.7306796695277749,-0.3308759096727273,-0.9133795628723345,-5.005512746326653,-0.8120976633541652,-0.9267053735788015,-0.3445411374154851
7405110040,-0.7770455076879406,-0.3308759096727273,-0.9133795628723345,0.6455335836972547,0.3407842468524084,-0.9267053735788015,-0.3445411374154851
7405111001,0.9197941700429063,-0.3308759096727273,-0.9133795628723345,1.165864515410082,0.3407842468524084,-0.9267053735788015,-0.3445411374154851
7405111002,0.4767226861572795,-0.3308759096727273,0.0189344051773916,0.6455335836972547,-0.8120976633541652,-0.9267053735788015,-0.3445411374154851
7405111003,-0.6195639552589798,-0.3308759096727273,-0.9133795628723345,1.165864515410082,0.3407842468524084,0.9324891434905679,-0.17619452736707852
7405111004,1.0308280028424026,-0.3308759096727273,0.0189344051773916,1.165864515410082,-0.8120976633541652,-0.287544564006949,-0.17619452736707852
7405111005,-0.7770455076879406,-0.3308759096727273,-0.9133795628723345,0.6455335836972547,0.3407842468524084,-1.5658661831506542,-0.3445411374154851
7405111007,1.3405081315880978,-0.3308759096727273,-0.9133795628723345,1.668253587092138,1.493666157058982,1.8385601492236197,-0.17619452736707852
7405111008,-0.9662173720700553,-0.3308759096727273,0.17283707186241826,1.165864515410082,0.3407842468524084,-1.5658661831506542,-0.3445411374154851
7405111011,-0.36667203013847394,-0.3308759096727273,-0.9133795628723345,1.165864515410082,-0.8120976633541652,-0.7030179064227877,-0.3445411374154851
7405111014,-0.9662173720700553,-0.3308759096727273,1.9475714679126017,-2.510151830832179,-0.8120976633541652,-0.9267053735788015,-0.3445411374154851
7405111015,0.3773995381841801,-0.3308759096727273,3.000531895614192,-2.510151830832179,-0.8120976633541652,-0.9267053735788015,-0.3445411374154851
7405112001,-0.7770455076879406,-0.3308759096727273,0.17283707186241826,-5.005512746326653,-0.8120976633541652,-0.06385709685093505,-0.3445411374154851
7405112002,-0.45237925871381224,-0.3308759096727273,0.17283707186241826,-5.005512746326653,-0.8120976633541652,-1.5658661831506542,-0.3445411374154851
7405112003,-0.3127889074118329,-0.3308759096727273,-0.14818399090235146,-0.4647118240424119,0.3407842468524084,-0.9267053735788015,-0.3445411374154851
7405112004,-0.42382274021132926,-0.3308759096727273,0.17283707186241826,-1.773831374782383,-0.8120976633541652,-0.9267053735788015,-0.3445411374154851
7405112005,-0.7770455076879406,-0.3308759096727273,0.17283707186241826,-0.7690532314182711,-0.8120976633541652,-0.9267053735788015,-0.3445411374154851
7405112006,1.8068572921141934,-0.3308759096727273,0.17283707186241826,0.12520265198442712,1.493666157058982,1.854897015980574,-0.3445411374154851
7405112007,-0.08171245511153935,-0.3308759096727273,0.17283707186241826,1.165864515410082,0.3407842468524084,-0.9267053735788015,-0.17619452736707852
7405112008,-1.0772512048695522,-0.3308759096727273,-0.38904166808209883,-0.7690532314182711,0.3407842468524084,-0.9267053735788015,-0.3445411374154851
7405112010,-0.12361704302971765,-0.3308759096727273,0.17283707186241826,1.165864515410082,1.493666157058982,-1.5658661831506542,-0.17619452736707852
7406010003,1.894938339778194,1.2997129154576343,-1.0310837936116386,1.668253587092138,0.3407842468524084,1.4381519894487835,-0.17619452736707852
7406010004,0.24704359639681084,-0.3308759096727273,-1.4752583028168516,0.12520265198442712,0.3407842468524084,0.12920046252484146,1.1589169578049001
7406011001,-0.003108778666137679,-0.3308759096727273,2.1483813131494887,-1.271442303100327,-0.8120976633541652,2.8349063895651225,-0.17619452736707852
7406011002,-0.42382274021132926,-0.3308759096727273,1.5063391876199488,-0.37718641969762884,-0.8120976633541652,0.567771121400416,-0.3445411374154851
7406011003,-0.009307774828185511,-0.3308759096727273,2.1483813131494887,-1.271442303100327,-0.8120976633541652,-0.9267053735788015,-0.17619452736707852
7406011004,-0.6195639552589798,-0.3308759096727273,1.5962327276692174,-0.7511113713874995,-0.8120976633541652,0.9324891434905679,-0.3445411374154851
7406011005,0.033864509399243126,-0.3308759096727273,0.5100160929344646,-0.23078043967467213,-0.8120976633541652,0.34408365424440207,-0.3445411374154851
7406012001,0.4483794747823868,-0.3308759096727273,-0.4789352081313674,-1.271442303100327,-0.8120976633541652,0.7012690850140524,-0.3445411374154851
7406012002,1.7550230969712415,1.2997129154576343,0.5740252195702229,-1.271442303100327,-0.8120976633541652,-0.2950771553274504,-0.17619452736707852
7406013001,3.920396554104403,7.154775631402833,-0.9133795628723345,1.1479226553793105,0.3407842468524084,5.667264099450184,2.830721663073692
7406013002,0.8061235842860104,-0.3308759096727273,-0.4222978751152614,-0.8795754913796848,0.3407842468524084,6.894830398268203,-0.3445411374154851
7406013004,0.9862309749298273,-0.3308759096727273,0.0189344051773916,-2.510151830832179,-0.8120976633541652,2.477720958795472,-0.3445411374154851
7406020003,0.5513214295239584,-0.3308759096727273,-1.4752583028168516,-0.7331695113567281,-5.338058402481641,-0.2950771553274504,-0.17619452736707852
7406021004,0.24704359639681084,-0.3308759096727273,-1.4752583028168516,-0.7331695113567281,-0.8120976633541652,0.34408365424440207,-0.3445411374154851
7406021006,0.1368064641408146,-0.3308759096727273,-1.4752583028168516,-5.005512746326653,-0.4563259938515798,0.34408365424440207,-0.3445411374154851
7406021007,-0.07014810998495274,-0.3308759096727273,-1.4752583028168516,0.16108637204597007,0.3407842468524084,-0.9267053735788015,-0.3445411374154851
7406030002,0.10172605797131085,12.217118267954831,-1.4752583028168516,1.668253587092138,0.3407842468524084,-0.9267053735788015,-0.3445411374154851
7406030003,0.5081392486497995,4.207722892451349,-0.4222978751152614,1.165864515410082,0.3407842468524084,0.12920046252484146,4.782911676313534
7406030004,5.831754117487138,4.207722892451349,1.2160673450997626,1.668253587092138,0.3407842468524084,0.9757118724957532,2.6623750530252854
7406030005,1.4215859245516542,2.5771340673209866,-1.0310837936116386,1.1479226553793105,1.493666157058982,4.38894248030648,3.447800191141556
7406031001,0.9197941700429063,-0.3308759096727273,-1.4752583028168516,-0.7690532314182711,-3.8294048227724824,-0.9267053735788015,-0.3445411374154851
7406031002,0.26636570538468324,-0.3308759096727273,0.9487834712310574,-1.773831374782383,-0.8120976633541652,-0.06385709685093505,-0.3445411374154851
7406031003,-0.5517024066869116,-0.3308759096727273,0.4533787599183585,0.2716086320073838,0.3407842468524084,-1.5658661831506542,-0.3445411374154851
7406031004,0.755154522629534,1.2997129154576343,-1.4752583028168516,0.2716086320073838,0.3407842468524084,0.34408365424440207,-0.3445411374154851
7406031005,1.8618578225804094,1.2997129154576343,-1.4752583028168516,0.2716086320073838,0.3407842468524084,0.9845161479322064,-0.07771807336523329
7406031007,-0.9662173720700553,-0.3308759096727273,-1.4752583028168516,1.165864515410082,0.3407842468524084,-0.9267053735788015,-0.3445411374154851
7406031008,-0.6195639552589798,-0.3308759096727273,-1.4752583028168516,-0.7690532314182711,-0.8120976633541652,-0.9342379648993031,-0.3445411374154851
7406031010,-0.5517024066869116,-0.3308759096727273,-1.4752583028168516,-1.5053736874680668,-0.8120976633541652,-0.9267053735788015,-0.3445411374154851
7406031011,-0.7886160169902718,-0.3308759096727273,-1.0310837936116386,-1.773831374782383,-2.3207512430633237,-0.9267053735788015,-0.3445411374154851
7406032002,-0.6195639552589798,-0.3308759096727273,-1.4752583028168516,-4.111256862923955,-0.8120976633541652,0.9920487392527079,-0.3445411374154851
7406033004,-0.2805050907575486,-0.3308759096727273,-0.4222978751152614,0.9319331310423423,1.493666157058982,-0.287544564006949,-0.3445411374154851
7406033005,0.411406186717006,-0.3308759096727273,-1.0310837936116386,0.12520265198442712,0.3407842468524084,2.6200231978455624,-0.3445411374154851
7406040001,-0.6195639552589798,-0.3308759096727273,0.4533787599183585,0.6455335836972547,1.493666157058982,-0.06385709685093505,-0.17619452736707852
7406040002,-0.8668942240969559,-0.3308759096727273,-1.4752583028168516,0.6455335836972547,-2.3207512430633237,-0.2950771553274504,-0.3445411374154851
7406040003,0.5832803546732701,-0.3308759096727273,-1.4752583028168516,0.6455335836972547,0.3407842468524084,0.12920046252484146,-0.3445411374154851
7406040004,-0.12361704302971765,-0.3308759096727273,-1.4752583028168516,0.6455335836972547,0.3407842468524084,-0.06385709685093505,-0.17619452736707852
7406040005,-0.6195639552589798,-0.3308759096727273,-1.4752583028168516,0.6455335836972547,0.3407842468524084,-1.5658661831506542,-0.3445411374154851
7406040006,-0.36667203013847394,1.2997129154576343,0.9541906021396777,1.1479226553793105,0.3407842468524084,-0.2950771553274504,-0.3445411374154851
7406040007,-0.8668942240969559,-0.3308759096727273,-1.4752583028168516,0.6455335836972547,0.3407842468524084,-0.06385709685093505,-0.3445411374154851
7406040008,-0.5497025177151927,-0.3308759096727273,0.9541906021396777,1.1479226553793105,0.3407842468524084,-0.2950771553274504,-0.3445411374154851
7406040009,-0.3127889074118329,-0.3308759096727273,-1.4752583028168516,0.2716086320073838,0.3407842468524084,-0.9267053735788015,-0.3445411374154851
7406041001,0.20104920594441034,-0.3308759096727273,2.934057866982374,1.1479226553793105,-0.8120976633541652,1.6312095488245604,4.338036708761801
7406041002,-0.1674713689863329,-0.3308759096727273,3.378232376187587,1.1479226553793105,0.3407842468524084,-0.7030179064227877,-0.3445411374154851
7406041003,-0.009307774828185511,-0.3308759096727273,1.0181997287754359,1.1479226553793105,0.3407842468524084,-0.9267053735788015,-0.3445411374154851
7406041004,-0.13518755233204904,-0.3308759096727273,3.1561451215849807,0.12520265198442712,0.3407842468524084,-0.9267053735788015,-0.3445411374154851
7406041005,-0.36667203013847394,-0.3308759096727273,-1.4752583028168516,1.1479226553793105,0.3407842468524084,-1.5658661831506542,-0.3445411374154851
7406041006,0.39160861890286647,-0.3308759096727273,-1.0310837936116386,1.1479226553793105,0.3407842468524084,2.6275557891660637,1.1589169578049001
7406041007,1.4804233743950501,-0.3308759096727273,-1.0310837936116386,1.1479226553793105,0.3407842468524084,-0.7030179064227877,-0.17619452736707852
7406041008,0.518240912326174,-0.3308759096727273,1.3929579804362706,-0.2666641597362152,0.3407842468524084,0.9920487392527079,-0.3445411374154851
7406042001,-1.520322688755179,-0.3308759096727273,-1.4752583028168516,-5.005512746326653,0.3407842468524084,-1.5658661831506542,-0.3445411374154851
7406042002,-0.9662173720700553,-0.3308759096727273,-1.4752583028168516,-5.005512746326653,0.3407842468524084,-0.9267053735788015,-0.3445411374154851
7406042003,-1.3484485207989154,-0.3308759096727273,-1.4752583028168516,-5.005512746326653,0.3407842468524084,-0.9267053735788015,-0.3445411374154851
7406042004,-1.3484485207989154,-0.3308759096727273,-1.4752583028168516,-5.005512746326653,0.3407842468524084,0.12920046252484146,-0.17619452736707852
7406042005,-1.0772512048695522,-0.3308759096727273,-1.4752583028168516,-5.005512746326653,0.3407842468524084,-0.06385709685093505,-0.3445411374154851
7406043001,0.19967628986730768,-0.3308759096727273,-0.4222978751152614,1.668253587092138,0.3407842468524084,0.7608286807761925,-0.3445411374154851
7406043002,-0.7770455076879406,-0.3308759096727273,1.5063391876199488,-1.773831374782383,-0.8120976633541652,-0.9267053735788015,-0.3445411374154851
7406043003,1.4473428571972657,-0.3308759096727273,-0.4789352081313674,1.668253587092138,0.3407842468524084,-0.06385709685093505,-0.3445411374154851
7406043004,-0.003108778666137679,-0.3308759096727273,-0.4789352081313674,0.6455335836972547,1.493666157058982,-1.5658661831506542,-0.3445411374154851
7406043005,-0.21346575943873344,-0.3308759096727273,0.9487834712310574,1.165864515410082,0.3407842468524084,0.5753037127209174,-0.3445411374154851
7406043006,-0.6195639552589798,-0.3308759096727273,2.934057866982374,-0.2666641597362152,0.3407842468524084,-0.9267053735788015,-0.3445411374154851
7406043007,1.5432932001215434,-0.3308759096727273,0.4533787599183585,1.1479226553793105,0.3407842468524084,-1.5658661831506542,-0.17619452736707852
7406043008,-0.8668942240969559,-0.3308759096727273,0.4533787599183585,-0.7690532314182711,-0.8120976633541652,2.0697802077001346,-0.3445411374154851
7406043009,-0.8668942240969559,-0.3308759096727273,-1.4752583028168516,-5.005512746326653,0.3407842468524084,-0.2950771553274504,-0.3445411374154851
7406050003,3.427131572576046,-0.3308759096727273,2.4459184081378607,1.668253587092138,1.493666157058982,4.165255013150467,-0.3445411374154851
7406050004,2.5890352412276374,2.5771340673209866,-0.4789352081313674,1.1479226553793105,1.493666157058982,6.448727148072127,-0.17619452736707852
7406050009,0.20104920594441034,-0.3308759096727273,-0.03476069892615435,1.1479226553793105,-0.8120976633541652,2.0622476163796337,-0.3445411374154851
7406050012,1.1197646348485846,-0.3308759096727273,2.882827664874888,-0.37718641969762884,1.493666157058982,2.8349063895651225,-0.3445411374154851
7406050016,0.20104920594441034,-0.3308759096727273,-1.4752583028168516,-0.8795754913796848,-0.8120976633541652,0.567771121400416,-0.3445411374154851
7406051001,0.9443263870116487,-0.3308759096727273,-1.0310837936116386,1.668253587092138,1.493666157058982,1.6148726820676058,-0.3445411374154851
7406051002,2.641166064742495,2.2535462322538633,0.021876634089951674,1.668253587092138,1.493666157058982,1.6236769575040588,1.1589169578049001
7406051003,2.0167459813365207,-0.3308759096727273,1.4495953134523767,-0.37718641969762884,-0.8120976633541652,4.189124471227923,-0.3445411374154851
7406051004,0.15269511962778737,-0.3308759096727273,-1.4752583028168516,0.6275917236664831,1.493666157058982,1.2069319309722684,-0.17619452736707852
7406051005,1.2619044551426961,-0.3308759096727273,1.4495953134523767,-0.37718641969762884,0.3407842468524084,-0.9267053735788015,-0.3445411374154851
7406051006,-1.9695931688028538,-0.3308759096727273,-0.4222978751152614,-0.8795754913796848,0.3407842468524084,-0.9267053735788015,-0.3445411374154851
7406051007,0.20104920594441034,1.2997129154576343,-1.0310837936116386,1.668253587092138,-3.8294048227724824,0.567771121400416,-0.3445411374154851
7406051008,-0.9662173720700553,-0.3308759096727273,-1.4752583028168516,1.668253587092138,0.3407842468524084,-0.9267053735788015,-0.3445411374154851
7406052001,0.755154522629534,-0.3308759096727273,-1.4752583028168516,1.668253587092138,0.3407842468524084,2.2032781713137717,-0.3445411374154851
7406052002,2.1980945808568686,-0.3308759096727273,0.0189344051773916,1.1479226553793105,0.3407842468524084,3.5336267948991154,-0.17619452736707852
7406052003,0.34063955724639006,-0.3308759096727273,-1.4752583028168516,1.668253587092138,0.3407842468524084,0.567771121400416,-0.3445411374154851
7406052004,-0.1674713689863329,-0.3308759096727273,-1.4752583028168516,0.2716086320073838,-2.3207512430633237,1.2069319309722684,-0.17619452736707852
7406052005,0.33280251027160435,-0.3308759096727273,-0.4789352081313674,1.668253587092138,0.3407842468524084,0.34408365424440207,-0.3445411374154851
7406053001,-0.2618198457553564,-0.3308759096727273,1.5063391876199488,-0.7690532314182711,0.3407842468524084,1.607340090747104,-0.3445411374154851
7406053003,1.7670518757829898,-0.3308759096727273,2.934057866982374,-1.773831374782383,-0.8120976633541652,4.174059288586919,-0.17619452736707852
7406053004,0.23780918688220015,-0.3308759096727273,3.378232376187587,-0.7690532314182711,-0.8120976633541652,0.567771121400416,-0.3445411374154851
7406053005,-1.5873620200739942,-0.3308759096727273,2.4459184081378607,-2.007762759150123,-0.8120976633541652,-1.5658661831506542,-0.3445411374154851
7406060001,1.957808165504687,-0.3308759096727273,-1.253171048214245,1.668253587092138,1.493666157058982,3.7648468533756305,-0.3445411374154851
7406060002,0.48395720670017073,-0.3308759096727273,1.5063391876199488,-5.005512746326653,-3.8294048227724824,2.2628377670759114,-0.17619452736707852
7406060003,0.463240381859958,-0.3308759096727273,1.5063391876199488,1.165864515410082,0.3407842468524084,1.6236769575040588,1.3272635678533067
7406060006,0.6731290710822855,-0.3308759096727273,-0.4222978751152614,1.165864515410082,0.3407842468524084,1.399989490348045,-0.3445411374154851
7406060007,-0.45237925871381224,-0.3308759096727273,0.5740252195702229,-5.005512746326653,0.3407842468524084,-0.2950771553274504,-0.3445411374154851
7406060008,2.181392904184928,-0.3308759096727273,-0.4789352081313674,1.165864515410082,0.3407842468524084,1.2069319309722684,-0.3445411374154851
7406060009,0.463240381859958,-0.3308759096727273,1.9505136968251617,1.165864515410082,0.3407842468524084,1.3328973032654037,-0.3445411374154851
7406060010,0.29089792235342604,-0.3308759096727273,-1.4752583028168516,1.668253587092138,0.3407842468524084,-0.9267053735788015,-0.3445411374154851
7406061001,2.124600391204695,-0.3308759096727273,0.3851941720007788,1.165864515410082,0.3407842468524084,-0.9267053735788015,-0.3445411374154851
7406061002,2.244088971309269,-0.3308759096727273,-1.4752583028168516,1.668253587092138,-0.8120976633541652,-0.2950771553274504,-0.3445411374154851
7406061003,0.8777553472431019,-0.3308759096727273,0.6072814266033855,1.668253587092138,0.3407842468524084,0.34408365424440207,-0.3445411374154851
7406061004,1.3774814196534788,-0.3308759096727273,1.0954208854478982,1.668253587092138,1.493666157058982,3.5185616122581127,-0.17619452736707852
7406061005,0.047842935244669815,-0.3308759096727273,-0.04753962345442674,1.668253587092138,-0.8120976633541652,-0.2950771553274504,-0.3445411374154851
7406061006,1.3914598454989053,-0.3308759096727273,-0.38904166808209883,-1.773831374782383,-0.8120976633541652,1.8385601492236197,-0.3445411374154851
7406061007,-0.2805050907575486,-0.3308759096727273,0.6072814266033855,-1.773831374782383,-0.8120976633541652,0.567771121400416,-0.3445411374154851
7406061008,0.6731290710822855,-0.3308759096727273,-0.4789352081313674,1.668253587092138,0.3407842468524084,0.34408365424440207,-0.3445411374154851
7406061010,2.1742275337654813,1.2997129154576343,0.6639187596194914,1.668253587092138,-0.8120976633541652,0.9920487392527079,-0.3445411374154851
7406061011,0.23780918688220015,-0.3308759096727273,0.00016398260025075474,-1.773831374782383,-0.8120976633541652,-0.5099603470470111,-0.3445411374154851
7406062001,0.29089792235342604,-0.3308759096727273,-0.4222978751152614,1.165864515410082,0.3407842468524084,3.125686043803778,-0.3445411374154851
7406062002,-0.009307774828185511,-0.3308759096727273,-0.4222978751152614,0.2716086320073838,-3.8294048227724824,0.567771121400416,-0.3445411374154851
7406062003,0.8061235842860104,-0.3308759096727273,0.4533787599183585,1.165864515410082,-2.3207512430633237,2.9019985766477645,-0.17619452736707852
7406062004,-0.3625305423047968,-0.3308759096727273,0.675466014520965,0.2716086320073838,-3.8294048227724824,-0.2950771553274504,-0.3445411374154851
7406062005,0.9810863679494387,-0.3308759096727273,1.9505136968251617,0.2716086320073838,-2.3207512430633237,-0.2950771553274504,-0.3445411374154851
7406063001,1.0817970644988792,-0.3308759096727273,-1.4752583028168516,0.2716086320073838,-3.8294048227724824,-0.06385709685093505,-0.3445411374154851
7406063002,1.5432932001215434,-0.3308759096727273,-1.4752583028168516,1.668253587092138,0.3407842468524084,-0.9342379648993031,-0.3445411374154851
7406063003,0.06944224131702698,-0.3308759096727273,-1.4752583028168516,1.668253587092138,-0.8120976633541652,4.181591879907421,-0.17619452736707852
7406063004,-0.2805050907575486,-0.3308759096727273,-1.4752583028168516,0.2716086320073838,-3.8294048227724824,-0.9267053735788015,-0.3445411374154851
7407010007,-0.36667203013847394,-0.3308759096727273,0.17283707186241826,0.12520265198442712,0.3407842468524084,-0.2950771553274504,-0.3445411374154851
7407020001,0.9810863679494387,-0.3308759096727273,0.5945025020751129,0.12520265198442712,1.493666157058982,-0.9267053735788015,-0.3445411374154851
7407021005,2.8847369407173202,2.5771340673209866,-0.833216177287312,0.12520265198442712,0.3407842468524084,2.477720958795472,2.830721663073692
7407040013,5.054733890268503,-0.3308759096727273,-0.38904166808209883,0.6455335836972547,0.3407842468524084,3.8983448169892676,11.956347396679723
7407040023,-0.21346575943873344,-0.3308759096727273,-1.4752583028168516,1.165864515410082,0.3407842468524084,0.9920487392527079,-0.17619452736707852
7407050004,0.7012713999028928,-0.3308759096727273,0.6639187596194914,1.165864515410082,1.493666157058982,1.1993993396517673,-0.3445411374154851
7407050010,0.6689875832486085,4.207722892451349,-1.1542372400520817,1.1479226553793105,1.493666157058982,-0.287544564006949,-0.3445411374154851
7407050013,-0.6627362394864085,-0.3308759096727273,1.7779460850442799,0.12520265198442712,0.3407842468524084,0.9920487392527079,-0.3445411374154851
7407050017,-1.0772512048695522,-0.3308759096727273,4.13797873245643,-0.8795754913796848,0.3407842468524084,-0.06385709685093505,-0.3445411374154851
7408010005,-0.42382274021132926,2.5771340673209866,-0.2713374373427947,1.165864515410082,0.3407842468524084,0.5753037127209174,-0.3445411374154851
7408010006,-0.6195639552589798,1.2997129154576343,0.7249856573426896,0.12520265198442712,0.3407842468524084,1.6312095488245604,-0.17619452736707852
7408010007,0.566571402566295,-0.3308759096727273,-0.2713374373427947,1.165864515410082,0.3407842468524084,-0.9267053735788015,-0.17619452736707852
7408010008,-0.8668942240969559,-0.3308759096727273,-0.2713374373427947,1.165864515410082,0.3407842468524084,-1.5658661831506542,-0.3445411374154851
7408010016,-0.8668942240969559,-0.3308759096727273,-0.833216177287312,1.165864515410082,0.3407842468524084,-0.5099603470470111,-0.3445411374154851
7408010017,1.1301511508155022,-0.3308759096727273,-0.4222978751152614,0.12520265198442712,0.3407842468524084,-1.5658661831506542,-0.3445411374154851
7408010018,-1.0772512048695522,-0.3308759096727273,0.7249856573426896,1.165864515410082,0.3407842468524084,-0.9267053735788015,-0.3445411374154851
7408011006,-1.0772512048695522,-0.3308759096727273,-0.833216177287312,1.165864515410082,0.3407842468524084,-1.5658661831506542,-0.3445411374154851
7408011007,-1.520322688755179,-0.3308759096727273,0.7249856573426896,0.12520265198442712,0.3407842468524084,-0.9267053735788015,-0.3445411374154851
7408012001,1.4130591515712625,-0.3308759096727273,0.7249856573426896,1.165864515410082,0.3407842468524084,-0.9267053735788015,-0.17619452736707852
7408012002,1.6764194205258398,1.2997129154576343,1.7779460850442799,1.165864515410082,0.3407842468524084,0.9324891434905679,-0.17619452736707852
7408012004,-0.42382274021132926,-0.3308759096727273,0.7249856573426896,1.165864515410082,0.3407842468524084,-0.06385709685093505,-0.3445411374154851
7408012006,-0.21346575943873344,-0.3308759096727273,1.901099531484723,0.12520265198442712,0.3407842468524084,-0.287544564006949,-0.3445411374154851
7408012007,-0.42382274021132926,1.2997129154576343,1.901099531484723,1.165864515410082,0.3407842468524084,-1.5658661831506542,-0.3445411374154851
7408020012,-0.2618198457553564,-0.3308759096727273,0.17283707186241826,1.165864515410082,-2.3207512430633237,0.5753037127209174,-0.3445411374154851
7408020013,-0.48466307536809655,-0.3308759096727273,0.17283707186241826,1.1479226553793105,0.3407842468524084,0.9920487392527079,-0.3445411374154851
7408020014,-0.1674713689863329,-0.3308759096727273,0.16310691739817224,0.6275917236664831,0.3407842468524084,-0.9267053735788015,-0.3445411374154851
7408020015,0.10372594694303011,-0.3308759096727273,0.16310691739817224,1.668253587092138,0.3407842468524084,-0.06385709685093505,-0.3445411374154851
7408020016,0.740168402401101,1.2997129154576343,-0.833216177287312,1.1479226553793105,0.3407842468524084,-0.9267053735788015,8.848410994422956
7408020017,6.226268245209049,6.363244071600549,-1.4752583028168516,1.1479226553793105,0.3407842468524084,3.4904040658939297,7.958174476802712
7408020018,1.3586781341236633,-0.3308759096727273,0.7249856573426896,0.6455335836972547,0.3407842468524084,1.6312095488245604,1.1589169578049001
7408020019,0.591989866315179,-0.3308759096727273,0.17283707186241826,1.1479226553793105,0.3407842468524084,1.21446452229277,1.1589169578049001
7408020026,3.834252365461857,5.161556209247577,0.17283707186241826,1.1479226553793105,0.3407842468524084,-0.9267053735788015,1.1589169578049001
7408020027,-0.3127889074118329,-0.3308759096727273,0.17283707186241826,-4.111256862923955,0.3407842468524084,-0.06385709685093505,-0.3445411374154851
7408020028,-0.7770455076879406,-0.3308759096727273,0.16310691739817224,0.6275917236664831,-3.8294048227724824,0.3516162455649036,-0.3445411374154851
7408020029,0.22960572444689353,-0.3308759096727273,0.17283707186241826,1.1479226553793105,0.3407842468524084,-0.06385709685093505,-0.17619452736707852
7408021001,0.033864509399243126,-0.3308759096727273,-0.2713374373427947,1.1479226553793105,0.3407842468524084,-0.9267053735788015,-0.17619452736707852
7408021002,0.8777553472431019,-0.3308759096727273,-0.04925018274018821,1.1479226553793105,0.3407842468524084,2.910802852084217,-0.17619452736707852
7408021003,1.6345148326076615,-0.3308759096727273,0.6072814266033855,1.668253587092138,1.493666157058982,-0.9267053735788015,-0.3445411374154851
7408021005,-0.04159159148246938,-0.3308759096727273,0.17283707186241826,1.668253587092138,0.3407842468524084,-0.06385709685093505,-0.3445411374154851
7408030001,-0.1674713689863329,-0.3308759096727273,-0.6111289226847054,0.6275917236664831,0.3407842468524084,-0.287544564006949,-0.17619452736707852
7408030002,1.6764194205258398,-0.3308759096727273,1.2257974995640086,0.6455335836972547,0.3407842468524084,-0.9267053735788015,-0.3445411374154851
7408030004,0.34063955724639006,-0.3308759096727273,-0.2713374373427947,1.668253587092138,1.493666157058982,2.6871153849282035,-0.17619452736707852
7408030005,-0.07014810998495274,-0.3308759096727273,-0.38904166808209883,1.668253587092138,0.3407842468524084,-1.5658661831506542,-0.3445411374154851
7408030006,-0.1674713689863329,-0.3308759096727273,0.17283707186241826,0.12520265198442712,1.493666157058982,-0.06385709685093505,-0.3445411374154851
7408030007,-0.3625305423047968,-0.3308759096727273,-0.2713374373427947,0.6455335836972547,1.493666157058982,-0.287544564006949,-0.3445411374154851
7408030008,0.7012713999028928,-0.3308759096727273,0.17283707186241826,0.6455335836972547,1.493666157058982,-0.9267053735788015,-0.17619452736707852
7408030009,1.5906605066510464,-0.3308759096727273,0.17283707186241826,0.6455335836972547,1.493666157058982,-0.9267053735788015,1.1589169578049001
7408030017,-0.6627362394864085,-0.3308759096727273,-0.38904166808209883,1.668253587092138,0.3407842468524084,-1.5658661831506542,-0.3445411374154851
7408030018,0.6485968541135432,-0.3308759096727273,0.17283707186241826,0.12520265198442712,1.493666157058982,-1.5658661831506542,-0.3445411374154851
7408031001,-0.45237925871381224,-0.3308759096727273,0.17283707186241826,0.6455335836972547,0.3407842468524084,0.9920487392527079,-0.3445411374154851
7408031003,-0.5497025177151927,-0.3308759096727273,0.17283707186241826,0.6455335836972547,0.3407842468524084,-0.7030179064227877,-0.3445411374154851
7408031004,-0.9662173720700553,-0.3308759096727273,3.154434562299219,0.6455335836972547,1.493666157058982,0.9920487392527079,-0.17619452736707852
7408031007,0.3773995381841801,-0.3308759096727273,0.17283707186241826,1.1479226553793105,0.3407842468524084,-0.9267053735788015,-0.3445411374154851
7408040003,1.2619044551426961,-0.3308759096727273,0.17283707186241826,1.1479226553793105,0.3407842468524084,-0.9267053735788015,-0.17619452736707852
7408040004,-0.9662173720700553,-0.3308759096727273,0.08294353181314985,1.668253587092138,0.3407842468524084,-1.5658661831506542,-0.17619452736707852
7408040005,0.8531047545255308,1.2997129154576343,0.5740252195702229,1.668253587092138,0.3407842468524084,1.21446452229277,1.3272635678533067
7408040006,-3.0375365988442202,-0.3308759096727273,0.08294353181314985,0.12520265198442712,-3.8294048227724824,-0.9267053735788015,-0.17619452736707852
7408040007,1.9268972649275058,-0.3308759096727273,0.17283707186241826,1.668253587092138,1.493666157058982,0.3528879296808554,-0.17619452736707852
7408040011,1.1761455412679027,-0.3308759096727273,0.08294353181314985,1.165864515410082,0.3407842468524084,-0.06385709685093505,-0.17619452736707852
7408040014,-2.0018769854571383,-0.3308759096727273,0.7249856573426896,-0.6111178040653686,-5.338058402481641,-0.9267053735788015,-0.17619452736707852
7408040015,0.20104920594441034,-0.3308759096727273,0.17283707186241826,-2.399629570870765,0.3407842468524084,-0.9267053735788015,-0.3445411374154851
7408040016,5.591631725179793,2.5771340673209866,0.17283707186241826,1.1479226553793105,1.493666157058982,-0.5099603470470111,2.6623750530252854
7408040018,-1.3161647041446312,-0.3308759096727273,0.17283707186241826,-1.663309114820969,-2.3207512430633237,-1.5658661831506542,-0.3445411374154851
7408040019,-1.2031309823734155,-0.3308759096727273,0.17283707186241826,1.165864515410082,1.493666157058982,-1.5658661831506542,-0.3445411374154851
7408041001,-0.6195639552589798,-0.3308759096727273,1.1691601665479026,-0.8795754913796848,0.3407842468524084,-0.9267053735788015,-0.17619452736707852
7408041002,-0.3127889074118329,-0.3308759096727273,-0.46920505366712134,-0.8795754913796848,0.3407842468524084,-0.7030179064227877,-0.17619452736707852
7408041003,-0.21346575943873344,-0.3308759096727273,0.08294353181314985,1.165864515410082,0.3407842468524084,-0.06385709685093505,-0.3445411374154851
7408041004,-0.8668942240969559,-0.3308759096727273,1.1691601665479026,-0.8795754913796848,0.3407842468524084,0.06964086676270143,-0.3445411374154851
7408041005,-0.003108778666137679,-0.3308759096727273,1.1691601665479026,1.668253587092138,0.3407842468524084,-0.9267053735788015,-0.3445411374154851
7408041006,-0.6950200561406923,-0.3308759096727273,1.4594320090680888,-0.8795754913796848,0.3407842468524084,-0.9267053735788015,-0.3445411374154851
7408041007,-0.48466307536809655,-0.3308759096727273,1.1691601665479026,1.668253587092138,0.3407842468524084,-1.5658661831506542,-0.3445411374154851
7408041008,-0.6950200561406923,-0.3308759096727273,-0.46920505366712134,-0.8795754913796848,0.3407842468524084,-0.287544564006949,-0.3445411374154851
7408050012,-0.42382274021132926,-0.3308759096727273,1.1691601665479026,1.668253587092138,0.3407842468524084,-0.9267053735788015,-0.3445411374154851
7408050013,-0.9662173720700553,-0.3308759096727273,1.5800784687199532,1.668253587092138,0.3407842468524084,-0.7030179064227877,-0.17619452736707852
7408050014,0.10372594694303011,-0.3308759096727273,0.5271180410183629,1.668253587092138,0.3407842468524084,-0.9267053735788015,-0.3445411374154851
7408050015,-0.1674713689863329,-0.3308759096727273,-1.0310837936116386,1.668253587092138,0.3407842468524084,-0.5099603470470111,-0.3445411374154851
7408050016,-0.7770455076879406,-0.3308759096727273,-1.4752583028168516,1.165864515410082,0.3407842468524084,-0.9267053735788015,-0.3445411374154851
7408050017,-0.36667203013847394,-0.3308759096727273,-1.0310837936116386,0.12520265198442712,0.3407842468524084,1.4381519894487835,-0.17619452736707852
7408050028,0.6485968541135432,-0.3308759096727273,-1.4752583028168516,0.6455335836972547,0.3407842468524084,-1.5658661831506542,-0.3445411374154851
7408050035,-0.2618198457553564,-0.3308759096727273,-1.0310837936116386,1.165864515410082,0.3407842468524084,-1.5658661831506542,-0.3445411374154851
7408050036,-0.6195639552589798,-0.3308759096727273,-1.4752583028168516,1.668253587092138,0.3407842468524084,-0.9267053735788015,-0.3445411374154851
7408050037,-0.7770455076879406,-0.3308759096727273,-0.833216177287312,1.668253587092138,0.3407842468524084,-0.9267053735788015,-0.3445411374154851
7408050038,1.2734688002692829,-0.3308759096727273,-1.4752583028168516,1.165864515410082,0.3407842468524084,-0.9267053735788015,-0.3445411374154851
7408051001,-1.0772512048695522,-0.3308759096727273,0.17283707186241826,-0.8795754913796848,0.3407842468524084,-0.9267053735788015,-0.3445411374154851
7408051002,-0.009307774828185511,-0.3308759096727273,0.17283707186241826,0.12520265198442712,0.3407842468524084,0.5753037127209174,1.425740021855152
7408051003,-0.8668942240969559,-0.3308759096727273,0.17283707186241826,1.165864515410082,0.3407842468524084,-0.9267053735788015,-0.3445411374154851
7408051004,-0.3625305423047968,-0.3308759096727273,1.2257974995640086,0.12520265198442712,0.3407842468524084,-0.9267053735788015,-0.3445411374154851
7408051005,-0.009307774828185511,-0.3308759096727273,0.17283707186241826,0.12520265198442712,0.3407842468524084,-0.06385709685093505,-0.3445411374154851
7408051006,-1.0772512048695522,-0.3308759096727273,0.17283707186241826,0.12520265198442712,0.3407842468524084,-0.9267053735788015,-0.3445411374154851
7408051007,-0.8668942240969559,-0.3308759096727273,1.2257974995640086,0.12520265198442712,0.3407842468524084,-0.9267053735788015,-0.3445411374154851
7408051008,4.919518015519379,-0.3308759096727273,0.17283707186241826,1.165864515410082,0.3407842468524084,-0.287544564006949,-0.3445411374154851
7408051009,-0.07014810998495274,-0.3308759096727273,0.17283707186241826,1.165864515410082,0.3407842468524084,-1.5658661831506542,-0.3445411374154851
7408052001,0.9769448801157616,1.2997129154576343,1.590825596760597,1.668253587092138,0.3407842468524084,0.5753037127209174,-0.3445411374154851
7408052002,-1.0772512048695522,-0.3308759096727273,-1.0310837936116386,-0.8795754913796848,0.3407842468524084,0.9920487392527079,-0.17619452736707852
7408052003,-0.8668942240969559,-0.3308759096727273,-1.0310837936116386,-0.8795754913796848,0.3407842468524084,-0.9267053735788015,-0.17619452736707852
7408052004,1.0817970644988792,-0.3308759096727273,-1.0310837936116386,1.165864515410082,0.3407842468524084,1.854897015980574,-0.17619452736707852
7408052005,-0.04159159148246938,2.5771340673209866,-1.0310837936116386,1.165864515410082,0.3407842468524084,0.9324891434905679,-0.17619452736707852
7408052007,-0.7770455076879406,-0.3308759096727273,-1.0310837936116386,-0.7690532314182711,0.3407842468524084,-0.9267053735788015,-0.17619452736707852
7408052008,-1.2031309823734155,-0.3308759096727273,-1.0310837936116386,1.165864515410082,0.3407842468524084,-0.9267053735788015,-0.17619452736707852
7408052009,-2.0018769854571383,-0.3308759096727273,-1.4752583028168516,1.165864515410082,0.3407842468524084,-1.5658661831506542,-0.3445411374154851
7408052010,-0.7770455076879406,-0.3308759096727273,-1.0310837936116386,-0.8795754913796848,0.3407842468524084,-0.9267053735788015,-0.3445411374154851
7408060001,0.7052496694654409,-0.3308759096727273,0.6639187596194914,1.1479226553793105,0.3407842468524084,-0.06385709685093505,-0.17619452736707852
7408060002,-2.0018769854571383,-0.3308759096727273,0.21974425041427825,-1.773831374782383,0.3407842468524084,-1.5658661831506542,-0.3445411374154851
7408060004,2.100771321855489,2.2535462322538633,2.1581114676137347,1.1479226553793105,0.3407842468524084,-0.06385709685093505,1.3272635678533067
7408060006,1.1301511508155022,-0.3308759096727273,-1.4752583028168516,1.165864515410082,0.3407842468524084,-0.06385709685093505,-0.3445411374154851
7408060007,0.4483794747823868,-0.3308759096727273,-1.4752583028168516,1.165864515410082,0.3407842468524084,-0.06385709685093505,-0.17619452736707852
7408060015,-1.1058077233720354,-0.3308759096727273,-0.38904166808209883,-0.7690532314182711,0.3407842468524084,-0.9267053735788015,-0.3445411374154851
7408060018,-0.48466307536809655,2.5771340673209866,0.6639187596194914,1.1479226553793105,0.3407842468524084,0.12920046252484146,-0.3445411374154851
7408060019,-0.5497025177151927,-0.3308759096727273,0.6639187596194914,1.1479226553793105,0.3407842468524084,-1.5658661831506542,-0.3445411374154851
7408061001,-0.1674713689863329,-0.3308759096727273,1.1051510399121443,1.165864515410082,1.493666157058982,-0.06385709685093505,-0.3445411374154851
7408061002,-0.6195639552589798,-0.3308759096727273,-0.2713374373427947,0.12520265198442712,1.493666157058982,-0.06385709685093505,-0.3445411374154851
7408061003,0.033864509399243126,-0.3308759096727273,3.154434562299219,1.165864515410082,0.3407842468524084,-0.06385709685093505,-0.17619452736707852
7408061004,-0.48466307536809655,-0.3308759096727273,2.222120594249493,1.165864515410082,-2.3207512430633237,-0.9267053735788015,-0.3445411374154851
7408061005,-0.5497025177151927,-0.3308759096727273,1.2257974995640086,0.2716086320073838,-2.3207512430633237,-0.06385709685093505,-0.3445411374154851
7408061006,-0.48466307536809655,-0.3308759096727273,1.1051510399121443,1.165864515410082,-2.3207512430633237,-0.9267053735788015,-0.07771807336523329
7408061007,0.8589538348861391,-0.3308759096727273,1.2257974995640086,1.165864515410082,-2.3207512430633237,0.12920046252484146,-0.3445411374154851
7408061008,-0.5497025177151927,-0.3308759096727273,0.17283707186241826,1.165864515410082,-2.3207512430633237,-0.06385709685093505,-0.3445411374154851
7408062001,-0.04159159148246938,-0.3308759096727273,-1.4752583028168516,1.668253587092138,0.3407842468524084,-0.06385709685093505,-0.3445411374154851
7408062003,0.9769448801157616,-0.3308759096727273,-1.4752583028168516,1.668253587092138,1.493666157058982,0.3528879296808554,-0.3445411374154851
7408062004,-0.42382274021132926,-0.3308759096727273,-1.4752583028168516,1.668253587092138,0.3407842468524084,-0.9267053735788015,-0.17619452736707852
7409100009,1.4804233743950501,-0.3308759096727273,-0.833216177287312,0.2716086320073838,0.3407842468524084,0.567771121400416,-0.17619452736707852
7409100011,0.8589538348861391,-0.3308759096727273,-0.833216177287312,0.2716086320073838,0.3407842468524084,-1.5658661831506542,-0.3445411374154851
7409100013,-0.36667203013847394,-0.3308759096727273,-0.38904166808209883,0.2716086320073838,0.3407842468524084,0.3528879296808554,-0.3445411374154851
7409100014,0.48395720670017073,1.2997129154576343,0.021876634089951674,1.165864515410082,0.3407842468524084,-0.2950771553274504,-0.3445411374154851
7409100015,0.3773995381841801,-0.3308759096727273,0.6639187596194914,-0.8795754913796848,0.3407842468524084,0.33655106292390086,-0.17619452736707852
7409100016,-1.0772512048695522,-0.3308759096727273,-0.38904166808209883,0.6455335836972547,-2.3207512430633237,1.1993993396517673,-0.17619452736707852
7409100018,-0.21346575943873344,-0.3308759096727273,1.5160693420841949,-1.2010322800922075,0.3407842468524084,0.567771121400416,-0.17619452736707852
7409100019,-0.17670577850094366,-0.3308759096727273,-0.833216177287312,-1.773831374782383,-2.3207512430633237,0.33655106292390086,-0.17619452736707852
7409100020,0.19967628986730768,1.2997129154576343,-0.833216177287312,1.165864515410082,0.3407842468524084,-0.2950771553274504,-0.3445411374154851
7409100022,-0.48466307536809655,-0.3308759096727273,-0.38904166808209883,0.2716086320073838,0.3407842468524084,-0.9267053735788015,-0.17619452736707852
7409100023,-0.5497025177151927,1.2997129154576343,0.21974425041427825,1.165864515410082,0.3407842468524084,0.33655106292390086,-0.17619452736707852
7409101001,-0.42382274021132926,-0.3308759096727273,2.1483813131494887,1.165864515410082,0.3407842468524084,1.3328973032654037,-0.17619452736707852
7409101002,-0.48466307536809655,-0.3308759096727273,0.5740252195702229,1.165864515410082,0.3407842468524084,1.1993993396517673,-0.07771807336523329
7409101003,0.10372594694303011,-0.3308759096727273,1.2160673450997626,1.165864515410082,1.493666157058982,1.3924568990275437,-0.17619452736707852
7409101004,0.39160861890286647,-0.3308759096727273,1.2160673450997626,0.2716086320073838,-3.8294048227724824,1.1993993396517673,-0.17619452736707852
7409101005,-0.20504898987583606,-0.3308759096727273,0.5740252195702229,0.2716086320073838,-0.4563259938515798,2.25530517575541,-0.17619452736707852
7409101006,-0.7770455076879406,-0.3308759096727273,0.5740252195702229,1.165864515410082,0.3407842468524084,-0.9267053735788015,-0.3445411374154851
7409101007,0.26636570538468324,-0.3308759096727273,1.2160673450997626,-0.7690532314182711,-0.4563259938515798,1.1993993396517673,-0.17619452736707852
7409101008,1.1761455412679027,-0.3308759096727273,2.212390439785247,1.165864515410082,0.3407842468524084,1.3924568990275437,-0.17619452736707852
7409101010,0.6485968541135432,1.2997129154576343,0.8950462823349927,0.2716086320073838,0.3407842468524084,0.33655106292390086,-0.3445411374154851
7409101011,-1.2031309823734155,-0.3308759096727273,-0.833216177287312,1.165864515410082,0.3407842468524084,-0.06385709685093505,-0.3445411374154851
7409110011,0.6485968541135432,-0.3308759096727273,-0.6912923082697279,1.668253587092138,0.3407842468524084,-0.287544564006949,-0.3445411374154851
7409110012,0.4767226861572795,-0.3308759096727273,1.077051844145088,0.6455335836972547,0.3407842468524084,0.9324891434905679,-0.17619452736707852
7409110018,-0.8668942240969559,-0.3308759096727273,0.7816229903587956,0.12520265198442712,0.3407842468524084,-0.9267053735788015,-0.17619452736707852
7409120010,-0.48466307536809655,-0.3308759096727273,-1.4752583028168516,1.165864515410082,-0.4563259938515798,1.5641173617419188,-0.3445411374154851
7409120012,-0.3127889074118329,-0.3308759096727273,-1.4752583028168516,1.668253587092138,0.3407842468524084,-0.06385709685093505,1.3272635678533067
7409120017,-0.9662173720700553,-0.3308759096727273,-0.833216177287312,1.668253587092138,-0.4563259938515798,-0.06385709685093505,-0.17619452736707852
7409120018,-0.2805050907575486,-0.3308759096727273,-0.833216177287312,0.12520265198442712,-3.8294048227724824,-0.06385709685093505,-0.17619452736707852
7409120019,-0.07014810998495274,-0.3308759096727273,-0.4789352081313674,0.12520265198442712,0.3407842468524084,-0.9267053735788015,-0.3445411374154851
7409120020,-0.8668942240969559,-0.3308759096727273,0.21974425041427825,0.12520265198442712,0.3407842468524084,-0.06385709685093505,-0.17619452736707852
7409120021,-0.2618198457553564,-0.3308759096727273,-1.4752583028168516,0.12520265198442712,0.3407842468524084,-0.5099603470470111,-0.3445411374154851
7409120022,-0.1674713689863329,-0.3308759096727273,0.16310691739817224,0.6275917236664831,0.3407842468524084,-1.5658661831506542,-0.17619452736707852
7409121001,0.4096833548384639,-0.3308759096727273,-0.38904166808209883,1.165864515410082,-2.3207512430633237,0.33655106292390086,-0.3445411374154851
7409121002,-0.6627362394864085,-0.3308759096727273,0.6072814266033855,1.165864515410082,-2.3207512430633237,1.1993993396517673,-0.17619452736707852
7409121003,-0.45237925871381224,1.2997129154576343,0.6639187596194914,1.165864515410082,-2.3207512430633237,1.1993993396517673,-0.3445411374154851
7409121004,-1.2031309823734155,-0.3308759096727273,1.5962327276692174,-0.7690532314182711,1.493666157058982,-0.9267053735788015,-0.17619452736707852
7409121005,-0.21346575943873344,-0.3308759096727273,3.0904254356634606,0.12520265198442712,-2.3207512430633237,0.567771121400416,-0.17619452736707852
7409121007,-0.3127889074118329,-0.3308759096727273,0.17283707186241826,0.12520265198442712,-2.3207512430633237,-0.9267053735788015,-0.17619452736707852
7409121008,-0.6195639552589798,1.2997129154576343,-0.2713374373427947,-1.773831374782383,-2.3207512430633237,1.5641173617419188,-0.3445411374154851
7409121009,-1.1058077233720354,-0.3308759096727273,-0.833216177287312,1.165864515410082,-2.3207512430633237,-0.30260974664795176,-0.17619452736707852
7409121010,0.9197941700429063,-0.3308759096727273,1.5932904987566572,0.2716086320073838,-2.3207512430633237,-0.5099603470470111,-0.17619452736707852
7409121011,-0.8668942240969559,2.2535462322538633,2.308674223469883,0.2716086320073838,0.3407842468524084,-1.5658661831506542,-0.3445411374154851
7409121012,1.5100184628288067,-0.3308759096727273,-0.2713374373427947,0.2716086320073838,0.3407842468524084,-0.06385709685093505,-0.17619452736707852
7409121013,-0.2618198457553564,-0.3308759096727273,2.5896135934421416,0.2716086320073838,0.3407842468524084,-0.9267053735788015,-0.3445411374154851
7409121015,-1.0772512048695522,-0.3308759096727273,3.642574021143732,-1.773831374782383,-2.3207512430633237,-0.06385709685093505,-0.3445411374154851
7409122003,1.3774814196534788,7.745978351174166,-1.4752583028168516,1.165864515410082,0.3407842468524084,-0.06385709685093505,-0.17619452736707852
7409122004,-1.520322688755179,-0.3308759096727273,-1.4752583028168516,1.165864515410082,-3.8294048227724824,-0.9267053735788015,-0.17619452736707852
7409122007,-1.0772512048695522,-0.3308759096727273,-1.4752583028168516,0.2716086320073838,-3.8294048227724824,-0.06385709685093505,-0.17619452736707852
7409122008,1.0631118194966869,-0.3308759096727273,-1.4752583028168516,1.165864515410082,-0.4563259938515798,-0.06385709685093505,-0.17619452736707852
7409122009,0.566571402566295,-0.3308759096727273,-1.4752583028168516,0.2716086320073838,-3.8294048227724824,-1.5658661831506542,-0.3445411374154851
7410010007,-0.7886160169902718,-0.3308759096727273,0.5100160929344646,0.12520265198442712,1.493666157058982,-1.5658661831506542,-0.3445411374154851
7410010008,-1.2031309823734155,-0.3308759096727273,-1.4752583028168516,-0.8795754913796848,0.3407842468524084,-1.5658661831506542,-0.3445411374154851
7410010009,-0.6950200561406923,-0.3308759096727273,-0.4789352081313674,1.165864515410082,0.3407842468524084,-0.9267053735788015,-0.3445411374154851
7410010030,-0.6950200561406923,-0.3308759096727273,1.4423300609841905,0.12520265198442712,0.3407842468524084,-0.06385709685093505,-0.3445411374154851
7410010032,-0.9339335554157715,-0.3308759096727273,-0.5429443347671257,0.12520265198442712,1.493666157058982,-1.5658661831506542,-0.3445411374154851
7410011001,-0.2618198457553564,-0.3308759096727273,2.6437860244621874,0.12520265198442712,-2.3207512430633237,-0.9267053735788015,-0.3445411374154851
7410011002,-0.8668942240969559,-0.3308759096727273,2.6437860244621874,0.12520265198442712,-1.1678693328567504,-0.06385709685093505,-0.3445411374154851
7410011003,-0.9662173720700553,-0.3308759096727273,1.1520582184640042,-4.111256862923955,0.3407842468524084,-0.06385709685093505,-0.3445411374154851
7410011004,-0.6627362394864085,-0.3308759096727273,-0.5429443347671257,-4.111256862923955,0.3407842468524084,-0.9267053735788015,-0.3445411374154851
7410011005,0.3773995381841801,-0.3308759096727273,1.1520582184640042,-4.111256862923955,0.3407842468524084,-1.5658661831506542,-0.3445411374154851
7410011006,-0.9662173720700553,-0.3308759096727273,1.1520582184640042,-5.899768629729351,0.3407842468524084,-1.5658661831506542,-0.3445411374154851
7410011009,-1.3484485207989154,1.2997129154576343,-1.4752583028168516,0.12520265198442712,0.3407842468524084,-1.5658661831506542,-0.3445411374154851
7410011013,-1.0772512048695522,-0.3308759096727273,3.5760999925119137,1.165864515410082,0.3407842468524084,-1.5658661831506542,-0.3445411374154851
7410011014,-0.9662173720700553,-0.3308759096727273,-0.5429443347671257,-0.8795754913796848,0.3407842468524084,-1.5658661831506542,-0.17619452736707852
7410011015,-1.3484485207989154,-0.3308759096727273,3.5760999925119137,0.6275917236664831,-2.3207512430633237,-1.5658661831506542,-0.3445411374154851
7410020001,-1.520322688755179,-0.3308759096727273,0.00016398260025075474,0.12520265198442712,1.493666157058982,-0.7030179064227877,-0.3445411374154851
7410020004,-0.6950200561406923,-0.3308759096727273,0.32118504536502057,0.6275917236664831,1.493666157058982,-0.9267053735788015,-0.3445411374154851
7410020005,0.9769448801157616,-0.3308759096727273,0.5432722999676272,0.12520265198442712,0.3407842468524084,0.9920487392527079,-0.17619452736707852
7410020006,-1.0772512048695522,-0.3308759096727273,-0.32085708016451914,0.12520265198442712,0.3407842468524084,-0.06385709685093505,-0.3445411374154851
7410020010,-1.7306796695277749,-0.3308759096727273,-0.5429443347671257,0.6275917236664831,0.3407842468524084,-1.5658661831506542,-0.3445411374154851
7410030031,-0.6950200561406923,-0.3308759096727273,-1.0310837936116386,0.12520265198442712,0.3407842468524084,-1.5658661831506542,-0.3445411374154851
7410030032,-0.36667203013847394,-0.3308759096727273,-1.4752583028168516,0.12520265198442712,0.3407842468524084,-0.9267053735788015,1.1589169578049001
7410030033,0.411406186717006,-0.3308759096727273,2.438653155669675,0.12520265198442712,0.3407842468524084,-0.9267053735788015,-0.3445411374154851
7410030034,1.915332919800919,-0.3308759096727273,0.3893696332826002,0.12520265198442712,-1.1678693328567504,1.854897015980574,-0.17619452736707852
7410030035,-0.8668942240969559,-0.3308759096727273,-1.0310837936116386,0.12520265198442712,0.3407842468524084,-0.9267053735788015,-0.3445411374154851
7410030036,-0.7770455076879406,-0.3308759096727273,-1.4752583028168516,0.12520265198442712,0.3407842468524084,-1.5658661831506542,-0.3445411374154851
7410030048,-0.8668942240969559,-0.3308759096727273,-1.0310837936116386,0.12520265198442712,0.3407842468524084,-0.9267053735788015,-0.3445411374154851
7410030054,-0.8668942240969559,-0.3308759096727273,-1.0310837936116386,0.12520265198442712,0.3407842468524084,-1.5658661831506542,-0.3445411374154851
7410030055,-0.7886160169902718,-0.3308759096727273,3.8791507595603725,0.12520265198442712,0.3407842468524084,-1.5658661831506542,-0.3445411374154851
7410030056,-1.0772512048695522,-0.3308759096727273,-1.4752583028168516,-1.773831374782383,-0.4563259938515798,-1.5658661831506542,-0.3445411374154851
7410030057,-1.520322688755179,-0.3308759096727273,-1.4752583028168516,-0.7690532314182711,0.3407842468524084,-1.5658661831506542,-0.3445411374154851
7410031004,1.1761455412679027,-0.3308759096727273,-0.09876982556191259,1.165864515410082,-3.8294048227724824,-0.9267053735788015,-0.17619452736707852
7410031005,-0.7770455076879406,-0.3308759096727273,-1.0310837936116386,0.12520265198442712,-3.8294048227724824,-0.06385709685093505,-0.3445411374154851
7410032003,-0.009307774828185511,-0.3308759096727273,0.9487834712310574,-3.2170009795212575,1.493666157058982,-0.06385709685093505,-0.3445411374154851
7410032004,0.566571402566295,-0.3308759096727273,-1.4752583028168516,-1.5053736874680668,-5.338058402481641,-0.06385709685093505,-0.3445411374154851
7410032005,-1.3484485207989154,-0.3308759096727273,-1.4752583028168516,0.7510008480728088,-2.3207512430633237,-0.287544564006949,-0.3445411374154851
7410032006,-0.7770455076879406,-0.3308759096727273,-1.4752583028168516,-5.005512746326653,1.493666157058982,-0.9267053735788015,-0.3445411374154851
7410040001,-1.2031309823734155,-0.3308759096727273,-1.4752583028168516,0.12520265198442712,0.3407842468524084,-0.06385709685093505,-0.17619452736707852
7410040002,-1.0772512048695522,-0.3308759096727273,-1.4752583028168516,0.12520265198442712,0.3407842468524084,-1.5658661831506542,-0.3445411374154851
7410040003,0.7939143925390428,2.5771340673209866,-1.4752583028168516,0.12520265198442712,0.3407842468524084,-0.9267053735788015,1.3272635678533067
7410040004,-0.3127889074118329,-0.3308759096727273,-1.4752583028168516,0.12520265198442712,1.493666157058982,-0.06385709685093505,-0.3445411374154851
7410040005,-0.42382274021132926,-0.3308759096727273,1.6602418543049757,0.12520265198442712,0.3407842468524084,0.06964086676270143,-0.3445411374154851
7410040006,-0.6195639552589798,-0.3308759096727273,4.50841396056164,1.165864515410082,-1.1678693328567504,-0.9267053735788015,-0.17619452736707852
7410040007,1.2199998672245178,-0.3308759096727273,0.8847743445952991,-1.6158959474294805,1.493666157058982,-0.06385709685093505,-0.17619452736707852
7410040008,-0.7770455076879406,-0.3308759096727273,1.6602418543049757,0.12520265198442712,0.3407842468524084,-0.9267053735788015,-0.3445411374154851
7410040009,-0.6195639552589798,-0.3308759096727273,1.8810974392807835,-1.6158959474294805,0.3407842468524084,-0.9267053735788015,-0.3445411374154851
7410050008,0.5717160095466836,5.161556209247577,-0.38904166808209883,0.12520265198442712,0.3407842468524084,0.9920487392527079,1.0442987058929873
7410050009,-0.7770455076879406,-0.3308759096727273,-1.4752583028168516,0.12520265198442712,-3.8294048227724824,-0.9267053735788015,-0.3445411374154851
7410050010,-1.0772512048695522,-0.3308759096727273,-0.833216177287312,0.12520265198442712,0.3407842468524084,-0.9267053735788015,-0.3445411374154851
7410050011,-0.42382274021132926,-0.3308759096727273,-1.4752583028168516,0.12520265198442712,0.3407842468524084,-0.9267053735788015,-0.17619452736707852
7410050013,-1.3484485207989154,-0.3308759096727273,-1.4752583028168516,-5.005512746326653,-5.338058402481641,-0.9267053735788015,-0.3445411374154851
7410050051,-1.0772512048695522,-0.3308759096727273,-1.4752583028168516,0.12520265198442712,0.3407842468524084,-1.5658661831506542,-0.3445411374154851
7410050055,-2.0018769854571383,-0.3308759096727273,-1.4752583028168516,-5.899768629729351,0.3407842468524084,-1.5658661831506542,-0.3445411374154851
7410051001,-0.21346575943873344,-0.3308759096727273,-0.833216177287312,1.165864515410082,0.3407842468524084,-1.5658661831506542,-0.3445411374154851
7410051002,0.7939143925390428,-0.3308759096727273,1.2160673450997626,0.12520265198442712,0.3407842468524084,-0.9267053735788015,4.338036708761801
7410051004,0.34063955724639006,-0.3308759096727273,3.023951407031642,0.12520265198442712,0.3407842468524084,0.5753037127209174,3.447800191141556
7410051005,-1.3484485207989154,-0.3308759096727273,1.6602418543049757,-1.773831374782383,-3.8294048227724824,-0.06385709685093505,-0.3445411374154851
7410051006,0.3773995381841801,-0.3308759096727273,3.023951407031642,0.12520265198442712,0.3407842468524084,-0.9267053735788015,-0.3445411374154851
7410051007,-0.7770455076879406,-0.3308759096727273,3.0879605336674003,0.12520265198442712,0.3407842468524084,-1.5658661831506542,-0.3445411374154851
7410051008,-0.5497025177151927,-0.3308759096727273,4.020274501717126,-0.7690532314182711,-1.1678693328567504,-0.9267053735788015,-0.17619452736707852
7410051009,-2.0018769854571383,-0.3308759096727273,1.6602418543049757,0.12520265198442712,0.3407842468524084,-1.5658661831506542,-0.3445411374154851
7410051012,0.9769448801157616,-0.3308759096727273,0.6639187596194914,0.12520265198442712,0.3407842468524084,-1.5658661831506542,-0.3445411374154851
7410051013,0.033864509399243126,2.5771340673209866,0.21974425041427825,0.12520265198442712,0.3407842468524084,-1.5658661831506542,-0.3445411374154851
7410051022,-1.7306796695277749,-0.3308759096727273,1.6602418543049757,0.12520265198442712,0.3407842468524084,-1.5658661831506542,-0.3445411374154851
7410052014,-0.6950200561406923,1.2997129154576343,0.5740252195702229,0.12520265198442712,-3.8294048227724824,0.34408365424440207,-0.3445411374154851
7410052015,-0.36667203013847394,-0.3308759096727273,-0.4222978751152614,0.12520265198442712,0.3407842468524084,-0.06385709685093505,-0.17619452736707852
7410052016,-1.0772512048695522,-0.3308759096727273,-1.4752583028168516,-0.7690532314182711,0.3407842468524084,-1.5658661831506542,-0.17619452736707852
7410060003,-0.5497025177151927,-0.3308759096727273,-1.4752583028168516,0.12520265198442712,0.3407842468524084,-0.06385709685093505,-0.3445411374154851
7410060004,-1.3484485207989154,-0.3308759096727273,-1.4752583028168516,0.12520265198442712,0.3407842468524084,-0.9267053735788015,-0.3445411374154851
7410060005,0.3773995381841801,-0.3308759096727273,-1.4752583028168516,0.12520265198442712,-2.3207512430633237,-0.9267053735788015,-0.17619452736707852
7410060006,-0.12361704302971765,-0.3308759096727273,-1.4752583028168516,0.12520265198442712,0.3407842468524084,0.9920487392527079,-0.3445411374154851
7410060007,-1.3484485207989154,-0.3308759096727273,-1.0310837936116386,0.12520265198442712,-2.3207512430633237,-0.9267053735788015,-0.3445411374154851
7410060010,0.14048592788081987,-0.3308759096727273,-1.4752583028168516,0.12520265198442712,0.3407842468524084,-1.5658661831506542,-0.3445411374154851
7410060011,-1.2031309823734155,-0.3308759096727273,-1.4752583028168516,0.12520265198442712,0.3407842468524084,-1.5658661831506542,-0.17619452736707852
7410060012,-0.36667203013847394,-0.3308759096727273,-1.4752583028168516,0.12520265198442712,-2.3207512430633237,-1.5658661831506542,-0.3445411374154851
7410070003,-1.3484485207989154,-0.3308759096727273,4.077018375884698,0.12520265198442712,0.3407842468524084,-0.9267053735788015,-0.3445411374154851
7410070005,1.915332919800919,4.207722892451349,0.099097790762414,0.12520265198442712,0.3407842468524084,0.9920487392527079,-0.17619452736707852
7410070006,-1.2031309823734155,-0.3308759096727273,0.099097790762414,-0.8795754913796848,-0.8120976633541652,-0.9267053735788015,-0.3445411374154851
7410070007,-0.45237925871381224,-0.3308759096727273,-1.4752583028168516,-0.7690532314182711,0.3407842468524084,-0.06385709685093505,-0.3445411374154851
7410070008,-0.8668942240969559,-0.3308759096727273,-0.833216177287312,0.12520265198442712,-0.8120976633541652,-0.9267053735788015,-0.3445411374154851
7410070009,-0.2805050907575486,-0.3308759096727273,-0.833216177287312,0.12520265198442712,1.493666157058982,-0.06385709685093505,-0.17619452736707852
7410070018,-0.9662173720700553,-0.3308759096727273,0.3893696332826002,-0.7690532314182711,0.3407842468524084,-1.5658661831506542,-0.3445411374154851
7410070019,-1.7306796695277749,-0.3308759096727273,-0.833216177287312,0.12520265198442712,0.3407842468524084,-0.9267053735788015,-0.3445411374154851
7410070020,-0.6627362394864085,-0.3308759096727273,-1.4752583028168516,0.12520265198442712,0.3407842468524084,-1.5658661831506542,-0.3445411374154851
7410070023,-0.42382274021132926,-0.3308759096727273,-0.833216177287312,0.12520265198442712,0.3407842468524084,-0.9267053735788015,-0.3445411374154851
7410070029,-1.520322688755179,-0.3308759096727273,-1.4752583028168516,-0.7690532314182711,1.493666157058982,-1.5658661831506542,-0.3445411374154851
7410071001,-1.2031309823734155,-0.3308759096727273,-1.4752583028168516,0.12520265198442712,0.3407842468524084,0.9920487392527079,-0.3445411374154851
7410071003,-0.48466307536809655,-0.3308759096727273,0.5740252195702229,1.165864515410082,0.3407842468524084,-1.5658661831506542,-0.3445411374154851
7410071004,-1.2031309823734155,-0.3308759096727273,3.024057948183109,-0.7690532314182711,0.3407842468524084,-0.06385709685093505,-0.3445411374154851
7410071005,-1.0772512048695522,-0.3308759096727273,-0.5429443347671257,-0.7690532314182711,0.3407842468524084,-1.5658661831506542,-0.3445411374154851
7410071007,-1.2031309823734155,-0.3308759096727273,-0.833216177287312,-1.773831374782383,0.3407842468524084,-0.9267053735788015,-0.3445411374154851
7410071008,-1.0772512048695522,-0.3308759096727273,1.2160673450997626,0.12520265198442712,0.3407842468524084,-0.9267053735788015,-0.3445411374154851
7410071009,-1.2031309823734155,-0.3308759096727273,2.6437860244621874,-0.7690532314182711,0.3407842468524084,-0.9267053735788015,-0.3445411374154851
7410071010,-1.0772512048695522,-0.3308759096727273,5.504737055247125,-0.7690532314182711,0.3407842468524084,-0.9267053735788015,-0.3445411374154851
7410071011,-0.9662173720700553,-0.3308759096727273,-1.4752583028168516,0.12520265198442712,0.3407842468524084,-1.5658661831506542,-0.17619452736707852
7411010001,-0.1674713689863329,-0.3308759096727273,-0.03476069892615435,-2.510151830832179,-1.1678693328567504,-0.287544564006949,-0.3445411374154851
7411010002,-0.8668942240969559,-0.3308759096727273,-0.4789352081313674,-0.7690532314182711,0.3407842468524084,-0.9267053735788015,-0.3445411374154851
7411010003,-0.6195639552589798,-0.3308759096727273,-0.4789352081313674,-5.005512746326653,-0.4563259938515798,-0.9267053735788015,-0.3445411374154851
7411010004,-1.0772512048695522,-0.3308759096727273,-0.4789352081313674,-5.899768629729351,-0.4563259938515798,-0.06385709685093505,-0.3445411374154851
7411010005,-1.2031309823734155,-0.3308759096727273,0.5740252195702229,0.2716086320073838,-2.3207512430633237,-1.5658661831506542,-0.3445411374154851
7411010006,1.2626881939908305,-0.3308759096727273,1.0181997287754359,0.2716086320073838,-2.3207512430633237,2.708941017271987,-0.3445411374154851
7411010007,-0.5497025177151927,-0.3308759096727273,0.16310691739817224,0.2716086320073838,0.3407842468524084,-0.5099603470470111,-0.17619452736707852
7411010008,-0.6950200561406923,-0.3308759096727273,1.6602418543049757,1.165864515410082,0.3407842468524084,-0.06385709685093505,-0.3445411374154851
7411010009,-0.6950200561406923,-0.3308759096727273,-0.4789352081313674,1.165864515410082,0.3407842468524084,-0.9267053735788015,-0.3445411374154851
7411010010,-1.0772512048695522,-0.3308759096727273,1.6602418543049757,0.2716086320073838,0.3407842468524084,-0.9267053735788015,-0.3445411374154851
7411010011,0.7012713999028928,1.2997129154576343,-1.253171048214245,0.2716086320073838,0.3407842468524084,-0.9267053735788015,-0.3445411374154851
7411020001,-0.6195639552589798,-0.3308759096727273,0.5740252195702229,0.2716086320073838,-3.8294048227724824,-0.9267053735788015,-0.3445411374154851
7411020002,-0.5497025177151927,-0.3308759096727273,0.9487834712310574,0.2716086320073838,0.3407842468524084,-0.9267053735788015,-0.3445411374154851
7411020003,1.1301511508155022,1.2997129154576343,-1.4752583028168516,0.2716086320073838,0.3407842468524084,0.9920487392527079,-0.07771807336523329
7411020004,-0.9662173720700553,-0.3308759096727273,-1.0310837936116386,0.2716086320073838,0.3407842468524084,-0.9267053735788015,-0.3445411374154851
7411020005,0.5832803546732701,-0.3308759096727273,-1.0310837936116386,0.2716086320073838,0.3407842468524084,2.708941017271987,-0.17619452736707852
7411020006,-0.009307774828185511,-0.3308759096727273,2.6233087419572976,-0.7690532314182711,0.3407842468524084,-0.06385709685093505,-0.17619452736707852
7411020007,0.15269511962778737,-0.3308759096727273,-0.5429443347671257,-1.773831374782383,0.3407842468524084,2.2628377670759114,-0.3445411374154851
7411020008,1.2084293579221865,-0.3308759096727273,0.4533787599183585,-1.773831374782383,-3.8294048227724824,0.34408365424440207,-0.3445411374154851
7411020009,-0.8668942240969559,-0.3308759096727273,-0.4789352081313674,-0.7690532314182711,0.3407842468524084,-0.9267053735788015,-0.3445411374154851
7411020010,2.8154919844202437,2.5771340673209866,-1.0310837936116386,1.165864515410082,1.493666157058982,3.4904040658939297,2.7161034111617792
7411020011,0.22960572444689353,-0.3308759096727273,-1.0310837936116386,1.165864515410082,0.3407842468524084,-0.9267053735788015,1.1589169578049001
7411020012,0.29089792235342604,-0.3308759096727273,-1.4752583028168516,0.2716086320073838,0.3407842468524084,0.567771121400416,-0.3445411374154851
7411020013,2.698316774815351,-0.3308759096727273,-1.4752583028168516,1.165864515410082,0.3407842468524084,2.2628377670759114,-0.17619452736707852
7411020014,-0.45237925871381224,-0.3308759096727273,-1.4752583028168516,-1.773831374782383,-3.8294048227724824,0.5753037127209174,-0.3445411374154851
7411020015,0.518240912326174,-0.3308759096727273,1.0181997287754359,0.2716086320073838,0.3407842468524084,-0.9267053735788015,-0.3445411374154851
7411030001,-0.48466307536809655,-0.3308759096727273,-1.4752583028168516,-1.773831374782383,-5.338058402481641,-0.9267053735788015,-0.3445411374154851
7411030002,1.0308280028424026,-0.3308759096727273,-1.4752583028168516,-1.773831374782383,-3.8294048227724824,-0.2950771553274504,-0.3445411374154851
7411030003,-0.1674713689863329,-0.3308759096727273,-1.4752583028168516,-0.7690532314182711,0.3407842468524084,-0.9267053735788015,-0.3445411374154851
7411030004,1.0070709591685105,-0.3308759096727273,0.8975532691235716,-0.23078043967467213,0.3407842468524084,1.4381519894487835,-0.3445411374154851
7411030005,1.573222634701129,-0.3308759096727273,1.9505136968251617,0.2716086320073838,0.3407842468524084,0.9920487392527079,-0.3445411374154851
7411030006,-0.9339335554157715,-0.3308759096727273,-1.4752583028168516,-1.773831374782383,0.3407842468524084,-0.9267053735788015,-0.3445411374154851
7411030007,-0.003108778666137679,-0.3308759096727273,-1.0310837936116386,1.165864515410082,0.3407842468524084,0.5753037127209174,-0.17619452736707852
7411030008,-0.42382274021132926,-0.3308759096727273,-1.4752583028168516,0.2716086320073838,0.3407842468524084,-0.9267053735788015,-0.3445411374154851
7411030009,0.033864509399243126,-0.3308759096727273,-0.4222978751152614,0.2716086320073838,0.3407842468524084,-0.06385709685093505,-0.3445411374154851
7411030010,-0.04159159148246938,2.2535462322538633,-1.4752583028168516,-0.8795754913796848,0.3407842468524084,-0.9267053735788015,1.0442987058929873
7411030011,-0.6950200561406923,-0.3308759096727273,-1.4752583028168516,-1.773831374782383,0.3407842468524084,0.9920487392527079,-0.3445411374154851
7411030012,-0.003108778666137679,-0.3308759096727273,-1.4752583028168516,-1.271442303100327,0.3407842468524084,-0.9267053735788015,-0.3445411374154851
7411040001,-0.6950200561406923,-0.3308759096727273,0.21974425041427825,-2.510151830832179,-3.8294048227724824,-0.9267053735788015,-0.3445411374154851
7411040002,-1.0772512048695522,-0.3308759096727273,-0.4222978751152614,-0.4647118240424119,-3.8294048227724824,-0.06385709685093505,-0.3445411374154851
7411040003,-0.9662173720700553,-0.3308759096727273,-1.4752583028168516,-0.4647118240424119,-3.8294048227724824,-0.287544564006949,-0.3445411374154851
7411040004,1.6842564675006255,-0.3308759096727273,0.4533787599183585,-0.4647118240424119,0.3407842468524084,1.6312095488245604,-0.3445411374154851
7411040005,-0.7770455076879406,-0.3308759096727273,0.5100160929344646,1.165864515410082,0.3407842468524084,-0.9267053735788015,1.0442987058929873
7411040006,1.6764194205258398,-0.3308759096727273,-1.253171048214245,0.2716086320073838,0.3407842468524084,1.5716499530624204,1.3272635678533067
7411040007,-0.8668942240969559,-0.3308759096727273,-1.4752583028168516,0.2716086320073838,0.3407842468524084,-1.5658661831506542,-0.3445411374154851
7411040008,-0.3625305423047968,-0.3308759096727273,1.5063391876199488,0.2716086320073838,0.3407842468524084,-1.5658661831506542,-0.3445411374154851
7411040009,-0.6627362394864085,-0.3308759096727273,0.5100160929344646,-0.4647118240424119,0.3407842468524084,-1.5658661831506542,-0.3445411374154851
7411040010,-0.8668942240969559,-0.3308759096727273,1.9505136968251617,-0.7690532314182711,-3.8294048227724824,0.5753037127209174,-0.3445411374154851
7411040011,-1.2031309823734155,-0.3308759096727273,0.5740252195702229,-0.2666641597362152,0.3407842468524084,-0.9267053735788015,-0.3445411374154851
7411040012,-1.520322688755179,-0.3308759096727273,-0.4789352081313674,-1.773831374782383,-3.8294048227724824,-0.9267053735788015,-0.3445411374154851
7411050001,0.6141912552504516,-0.3308759096727273,-1.0310837936116386,1.165864515410082,0.3407842468524084,1.6312095488245604,1.0442987058929873
7411050002,2.641166064742495,2.5771340673209866,-1.4752583028168516,1.165864515410082,0.3407842468524084,0.7608286807761925,5.841494803982186
7411050003,1.5869810429110407,2.5771340673209866,-1.0310837936116386,1.165864515410082,0.3407842468524084,0.5753037127209174,6.171751519622006
7411050004,-1.3161647041446312,-0.3308759096727273,-1.0310837936116386,-5.005512746326653,0.3407842468524084,-0.9267053735788015,-0.3445411374154851
7411050005,-0.2805050907575486,-0.3308759096727273,-1.253171048214245,-2.510151830832179,0.3407842468524084,-0.06385709685093505,-0.3445411374154851
7411050006,2.9086737555879467,2.5771340673209866,-1.4752583028168516,1.165864515410082,0.3407842468524084,1.21446452229277,1.3272635678533067
7411050007,-1.5873620200739942,-0.3308759096727273,-1.0310837936116386,-5.005512746326653,-3.8294048227724824,-0.9267053735788015,-0.3445411374154851
7411050008,0.6731290710822855,-0.3308759096727273,-1.253171048214245,1.165864515410082,0.3407842468524084,0.5753037127209174,1.212645315941394
7411050009,0.24704359639681084,-0.3308759096727273,-1.4752583028168516,1.165864515410082,0.3407842468524084,2.6275557891660637,-0.17619452736707852
7411050010,-0.2805050907575486,-0.3308759096727273,-0.833216177287312,-5.005512746326653,0.3407842468524084,-0.9267053735788015,-0.17619452736707852
7411060001,-0.7886160169902718,-0.3308759096727273,-0.4222978751152614,-0.7690532314182711,0.3407842468524084,-0.06385709685093505,-0.3445411374154851
7411060002,-0.5497025177151927,-0.3308759096727273,-1.4752583028168516,-0.7690532314182711,0.3407842468524084,-0.9267053735788015,-0.3445411374154851
7411060003,-0.04159159148246938,-0.3308759096727273,-1.4752583028168516,1.165864515410082,0.3407842468524084,-0.9267053735788015,-0.3445411374154851
7411060004,-1.7306796695277749,-0.3308759096727273,-1.4752583028168516,-0.7690532314182711,0.3407842468524084,-0.9267053735788015,-0.3445411374154851
7411060005,-0.9662173720700553,-0.3308759096727273,-1.4752583028168516,-0.8795754913796848,0.3407842468524084,-0.9267053735788015,-0.3445411374154851
7411060006,0.7240529549952557,-0.3308759096727273,-1.0310837936116386,-0.8795754913796848,0.3407842468524084,-0.06385709685093505,-0.17619452736707852
7411060007,-0.6950200561406923,-0.3308759096727273,-1.4752583028168516,-0.8795754913796848,0.3407842468524084,-0.9267053735788015,-0.3445411374154851
7411060008,-0.48466307536809655,1.2997129154576343,-1.4752583028168516,1.165864515410082,0.3407842468524084,1.5716499530624204,-0.17619452736707852
7411060009,0.033864509399243126,-0.3308759096727273,-0.4222978751152614,1.165864515410082,1.493666157058982,-0.06385709685093505,-0.3445411374154851
7411070001,0.033864509399243126,2.5771340673209866,-1.0310837936116386,1.668253587092138,0.3407842468524084,-0.9267053735788015,-0.3445411374154851
7411070002,-0.07014810998495274,-0.3308759096727273,-1.0310837936116386,1.668253587092138,0.3407842468524084,-0.06385709685093505,-0.3445411374154851
7411070003,-0.21346575943873344,-0.3308759096727273,-1.0310837936116386,1.668253587092138,0.3407842468524084,-0.287544564006949,-0.3445411374154851
7411070004,0.06944224131702698,-0.3308759096727273,-1.0310837936116386,1.668253587092138,0.3407842468524084,-0.9267053735788015,-0.3445411374154851
7411070005,-0.48466307536809655,-0.3308759096727273,-1.0310837936116386,-0.7690532314182711,0.3407842468524084,-0.9267053735788015,1.0442987058929873
7411070006,-0.48466307536809655,1.2997129154576343,-0.20021062051265487,1.668253587092138,1.493666157058982,0.12920046252484146,-0.3445411374154851
7411070008,0.48595709567188994,1.2997129154576343,-1.0310837936116386,1.668253587092138,1.493666157058982,0.06964086676270143,-0.3445411374154851
7411070009,0.15269511962778737,-0.3308759096727273,-1.0310837936116386,-0.8795754913796848,0.3407842468524084,-0.9267053735788015,-0.3445411374154851
7411070010,-0.45237925871381224,-0.3308759096727273,-1.0310837936116386,1.668253587092138,0.3407842468524084,-0.5695199428091512,-0.3445411374154851
7411070011,0.3729233739006743,-0.3308759096727273,-1.0310837936116386,1.668253587092138,0.3407842468524084,-0.06385709685093505,-0.3445411374154851
7411070012,-0.48466307536809655,-0.3308759096727273,-1.0310837936116386,0.12520265198442712,-2.3207512430633237,-0.9267053735788015,-0.3445411374154851
7411070013,-0.36667203013847394,-0.3308759096727273,-1.0310837936116386,-0.7690532314182711,0.3407842468524084,-0.06385709685093505,-0.3445411374154851
7411070014,0.8589538348861391,-0.3308759096727273,-1.0310837936116386,1.668253587092138,0.3407842468524084,-0.9267053735788015,-0.17619452736707852
7411070015,-1.2031309823734155,-0.3308759096727273,-1.0310837936116386,-5.005512746326653,0.3407842468524084,-0.9267053735788015,-0.3445411374154851
7411070016,0.1368064641408146,-0.3308759096727273,-1.0310837936116386,1.668253587092138,0.3407842468524084,-0.9267053735788015,-0.3445411374154851
7411080001,-0.45237925871381224,-0.3308759096727273,-0.38904166808209883,1.668253587092138,0.3407842468524084,2.6871153849282035,-0.3445411374154851
7411080002,0.43996270521948944,-0.3308759096727273,-1.0310837936116386,1.668253587092138,0.3407842468524084,0.9920487392527079,-0.17619452736707852
7411080003,1.957808165504687,-0.3308759096727273,-1.0310837936116386,1.668253587092138,0.3407842468524084,0.5753037127209174,-0.3445411374154851
7411080004,-0.5497025177151927,-0.3308759096727273,-1.0310837936116386,1.668253587092138,0.3407842468524084,-0.06385709685093505,-0.3445411374154851
7411080005,-0.42382274021132926,-0.3308759096727273,-1.4752583028168516,1.668253587092138,0.3407842468524084,-0.9267053735788015,-0.3445411374154851
7411090001,0.22960572444689353,-0.3308759096727273,2.592555822354702,1.668253587092138,0.3407842468524084,-0.9267053735788015,-0.3445411374154851
7411090002,-0.21346575943873344,-0.3308759096727273,-1.0310837936116386,0.12520265198442712,0.3407842468524084,-0.9267053735788015,-0.3445411374154851
7411090003,-0.7770455076879406,-0.3308759096727273,1.5962327276692174,0.12520265198442712,0.3407842468524084,0.3528879296808554,-0.3445411374154851
7411090004,-0.12361704302971765,2.5771340673209866,0.4533787599183585,1.165864515410082,0.3407842468524084,1.2069319309722684,-0.17619452736707852
7411090005,1.1761455412679027,-0.3308759096727273,4.13797873245643,-0.8795754913796848,0.3407842468524084,-0.9267053735788015,-0.3445411374154851
7411090006,0.8531047545255308,-0.3308759096727273,0.8975532691235716,1.668253587092138,-1.1678693328567504,2.0622476163796337,-0.3445411374154851
7411090008,-0.48466307536809655,-0.3308759096727273,-1.4752583028168516,-1.773831374782383,0.3407842468524084,0.06964086676270143,-0.3445411374154851
7411090009,-0.5497025177151927,-0.3308759096727273,-1.0310837936116386,-0.8795754913796848,0.3407842468524084,-0.2950771553274504,-0.3445411374154851
7411090010,-0.7886160169902718,-0.3308759096727273,0.21974425041427825,-1.773831374782383,-3.8294048227724824,0.567771121400416,-0.3445411374154851
7411100002,0.7939143925390428,-0.3308759096727273,-0.4789352081313674,1.165864515410082,0.3407842468524084,0.9920487392527079,-0.17619452736707852
7411100003,-0.42382274021132926,-0.3308759096727273,0.9487834712310574,1.165864515410082,0.3407842468524084,-0.9267053735788015,-0.3445411374154851
7411100004,-0.8668942240969559,-0.3308759096727273,-1.4752583028168516,-0.7690532314182711,0.3407842468524084,-0.9267053735788015,-0.3445411374154851
7411100005,-2.0018769854571383,-0.3308759096727273,-1.4752583028168516,-5.005512746326653,-0.4563259938515798,-0.9267053735788015,-0.3445411374154851
7411100006,-0.6950200561406923,-0.3308759096727273,-1.4752583028168516,-0.7690532314182711,0.3407842468524084,-0.9267053735788015,-0.3445411374154851
7411100007,-0.6950200561406923,-0.3308759096727273,-0.5429443347671257,-0.7690532314182711,-0.8120976633541652,0.9324891434905679,-0.17619452736707852
7411100008,-1.3484485207989154,-0.3308759096727273,-1.4752583028168516,-1.773831374782383,-0.8120976633541652,-1.5658661831506542,-0.3445411374154851
7411100009,-0.36667203013847394,-0.3308759096727273,-1.4752583028168516,-0.7690532314182711,-0.4563259938515798,0.567771121400416,-0.3445411374154851
7411100010,-1.3484485207989154,-0.3308759096727273,0.021876634089951674,-0.7690532314182711,-0.4563259938515798,-0.2950771553274504,-0.3445411374154851
7411100012,1.6764194205258398,-0.3308759096727273,-1.0310837936116386,-0.7690532314182711,-5.338058402481641,1.846092740544121,-0.3445411374154851
7411110001,-0.7770455076879406,-0.3308759096727273,-1.4752583028168516,-0.7690532314182711,-1.1678693328567504,-0.9267053735788015,-0.3445411374154851
7411110002,-0.48466307536809655,-0.3308759096727273,-0.2568479535287609,-0.7690532314182711,0.3407842468524084,-0.9267053735788015,-0.3445411374154851
7411110003,0.566571402566295,-0.3308759096727273,-0.4789352081313674,-0.7690532314182711,0.3407842468524084,-0.9267053735788015,-0.3445411374154851
7411110004,-0.8668942240969559,1.2997129154576343,-0.4222978751152614,-0.7690532314182711,0.3407842468524084,0.9920487392527079,-0.17619452736707852
7411110005,-1.3484485207989154,-0.3308759096727273,0.4533787599183585,-1.773831374782383,-1.1678693328567504,-0.9267053735788015,-0.3445411374154851
7411110006,-1.0772512048695522,-0.3308759096727273,-1.4752583028168516,-0.7690532314182711,0.3407842468524084,-0.9267053735788015,-0.3445411374154851
7411110007,-0.9662173720700553,-0.3308759096727273,-0.4222978751152614,-0.7690532314182711,-2.3207512430633237,0.567771121400416,-0.3445411374154851
7411110008,-0.17670577850094366,-0.3308759096727273,-1.4752583028168516,-0.7690532314182711,-3.8294048227724824,-0.2950771553274504,-0.3445411374154851
7411110009,-1.520322688755179,-0.3308759096727273,-1.4752583028168516,-5.005512746326653,-2.3207512430633237,-0.2950771553274504,-0.3445411374154851
7411110010,0.5550008932639637,-0.3308759096727273,0.4533787599183585,-0.7690532314182711,-2.3207512430633237,-0.06385709685093505,-0.3445411374154851
7411120001,-0.7770455076879406,-0.3308759096727273,-1.4752583028168516,-1.773831374782383,-2.3207512430633237,-0.9267053735788015,-0.3445411374154851
7411120002,-1.5873620200739942,-0.3308759096727273,3.378232376187587,-1.773831374782383,-2.3207512430633237,-1.5658661831506542,-0.3445411374154851
7411120003,0.9810863679494387,1.2997129154576343,-1.4752583028168516,-1.773831374782383,-2.3207512430633237,0.9324891434905679,-0.3445411374154851
7411120004,-0.9339335554157715,-0.3308759096727273,3.378232376187587,-1.773831374782383,-2.3207512430633237,-0.9267053735788015,-0.3445411374154851
7411120005,1.3343091354260501,-0.3308759096727273,1.5063391876199488,-1.773831374782383,-2.3207512430633237,0.9920487392527079,-0.17619452736707852
7411120006,-1.3161647041446312,-0.3308759096727273,3.378232376187587,-2.510151830832179,-2.3207512430633237,-1.5658661831506542,-0.3445411374154851
7411120007,-1.1058077233720354,-0.3308759096727273,3.378232376187587,-3.404407714234877,-2.3207512430633237,-0.9267053735788015,-0.3445411374154851
7411120010,-0.7886160169902718,-0.3308759096727273,3.378232376187587,-3.404407714234877,-0.4563259938515798,-0.9267053735788015,-0.3445411374154851
7412010004,-0.5497025177151927,-0.3308759096727273,-0.4222978751152614,-1.773831374782383,0.3407842468524084,-1.5658661831506542,-0.3445411374154851
7412010005,-1.2031309823734155,-0.3308759096727273,-0.4222978751152614,0.12520265198442712,0.3407842468524084,-0.7030179064227877,-0.17619452736707852
7412010006,-1.3484485207989154,-0.3308759096727273,0.5740252195702229,-0.7690532314182711,-3.8294048227724824,-0.9267053735788015,-0.3445411374154851
7412010007,1.0308280028424026,-0.3308759096727273,0.5740252195702229,-0.7690532314182711,-3.8294048227724824,0.9920487392527079,-0.3445411374154851
7412010008,-1.2031309823734155,-0.3308759096727273,-1.4752583028168516,-0.7690532314182711,0.3407842468524084,-0.9267053735788015,-0.17619452736707852
7412010009,-1.0772512048695522,-0.3308759096727273,-1.4752583028168516,-0.7690532314182711,-3.8294048227724824,-0.9267053735788015,-0.3445411374154851
7412010010,-1.0772512048695522,-0.3308759096727273,-1.0310837936116386,-0.7690532314182711,-0.8120976633541652,-0.9267053735788015,-0.17619452736707852
7412010011,-1.0772512048695522,-0.3308759096727273,-1.0310837936116386,-0.7690532314182711,-3.8294048227724824,-1.5658661831506542,-0.17619452736707852
7412010014,-0.8668942240969559,-0.3308759096727273,-0.4222978751152614,0.12520265198442712,-2.3207512430633237,-1.5658661831506542,-0.3445411374154851
7412020004,-1.2031309823734155,-0.3308759096727273,-1.4752583028168516,0.12520265198442712,0.3407842468524084,-1.5658661831506542,-0.3445411374154851
7412020005,-0.9662173720700553,-0.3308759096727273,-1.4752583028168516,0.12520265198442712,0.3407842468524084,-0.9267053735788015,-0.17619452736707852
7412020009,-0.6195639552589798,-0.3308759096727273,-1.4752583028168516,0.12520265198442712,0.3407842468524084,-0.9267053735788015,-0.3445411374154851
7412020011,-1.2031309823734155,-0.3308759096727273,-1.4752583028168516,0.12520265198442712,0.3407842468524084,-1.5658661831506542,-0.3445411374154851
7412020012,-1.2031309823734155,-0.3308759096727273,-0.4789352081313674,-0.7690532314182711,-3.8294048227724824,-0.9267053735788015,-0.17619452736707852
7412030003,-0.8668942240969559,-0.3308759096727273,-1.4752583028168516,0.12520265198442712,-3.8294048227724824,-0.9267053735788015,-0.3445411374154851
7412030004,-0.0048316105446798985,-0.3308759096727273,-1.0310837936116386,0.12520265198442712,0.3407842468524084,-1.5658661831506542,-0.3445411374154851
7412030005,-1.3484485207989154,-0.3308759096727273,-1.4752583028168516,0.12520265198442712,0.3407842468524084,-0.9267053735788015,-0.3445411374154851
7412030006,-1.0772512048695522,-0.3308759096727273,-1.4752583028168516,0.12520265198442712,-3.8294048227724824,0.3528879296808554,-0.17619452736707852
7412040005,-0.8668942240969559,-0.3308759096727273,-1.4752583028168516,0.6275917236664831,-0.8120976633541652,-0.9267053735788015,-0.3445411374154851
7412040006,-1.0772512048695522,-0.3308759096727273,-1.4752583028168516,-0.8795754913796848,-0.8120976633541652,-1.5658661831506542,-0.3445411374154851
7412040007,-1.2031309823734155,-0.3308759096727273,-1.4752583028168516,0.12520265198442712,0.3407842468524084,-1.5658661831506542,-0.3445411374154851
7412040008,-1.3484485207989154,-0.3308759096727273,-1.4752583028168516,0.12520265198442712,0.3407842468524084,-1.5658661831506542,-0.3445411374154851
7412040009,-1.3484485207989154,-0.3308759096727273,-1.4752583028168516,0.12520265198442712,0.3407842468524084,-0.9267053735788015,-0.3445411374154851
7412040014,-1.0772512048695522,-0.3308759096727273,-1.4752583028168516,0.12520265198442712,0.3407842468524084,-1.5658661831506542,-0.3445411374154851
7412040016,-1.7306796695277749,-0.3308759096727273,-1.4752583028168516,0.6275917236664831,-0.8120976633541652,-0.9267053735788015,-0.3445411374154851
7412040018,-2.0018769854571383,-0.3308759096727273,-1.0310837936116386,0.6275917236664831,-0.8120976633541652,-1.5658661831506542,-0.3445411374154851
7412040019,-1.7306796695277749,-0.3308759096727273,-1.4752583028168516,0.12520265198442712,0.3407842468524084,-0.5099603470470111,-0.17619452736707852
7412040020,-1.3484485207989154,-0.3308759096727273,-1.0310837936116386,0.12520265198442712,-0.8120976633541652,-1.5658661831506542,-0.3445411374154851
7412040021,-0.8668942240969559,-0.3308759096727273,-1.4752583028168516,0.12520265198442712,-0.8120976633541652,-1.5658661831506542,-0.3445411374154851
7412050003,0.3773995381841801,-0.3308759096727273,-1.4752583028168516,-5.005512746326653,0.3407842468524084,-0.9267053735788015,-0.3445411374154851
7412050004,-1.3484485207989154,-0.3308759096727273,-1.4752583028168516,-5.005512746326653,0.3407842468524084,-1.5658661831506542,-0.3445411374154851
7412050007,0.14048592788081987,-0.3308759096727273,-1.4752583028168516,-0.7690532314182711,0.3407842468524084,0.06964086676270143,-0.17619452736707852
7412050009,-1.3484485207989154,-0.3308759096727273,-1.4752583028168516,0.12520265198442712,0.3407842468524084,-1.5658661831506542,-0.17619452736707852
7412050011,-0.9662173720700553,1.2997129154576343,-1.4752583028168516,0.12520265198442712,0.3407842468524084,-0.9267053735788015,-0.3445411374154851
7412060003,-1.2031309823734155,-0.3308759096727273,1.9505136968251617,1.165864515410082,0.3407842468524084,-1.5658661831506542,-0.3445411374154851
7412060004,-0.8668942240969559,-0.3308759096727273,1.0181997287754359,1.165864515410082,0.3407842468524084,3.5499636616560695,-0.17619452736707852
7412070011,-0.42382274021132926,-0.3308759096727273,-1.4752583028168516,1.668253587092138,0.3407842468524084,-0.5695199428091512,-0.3445411374154851
7413010016,-0.13518755233204904,-0.3308759096727273,0.6639187596194914,0.12520265198442712,0.3407842468524084,-0.06385709685093505,-0.17619452736707852
7413010017,1.6764194205258398,-0.3308759096727273,-0.38904166808209883,0.12520265198442712,-0.8120976633541652,-0.9267053735788015,-0.3445411374154851
7413010018,0.6118368731757535,1.2997129154576343,-0.38904166808209883,0.6455335836972547,0.3407842468524084,0.9920487392527079,-0.17619452736707852
7413010019,1.955453783429989,2.2535462322538633,-0.38904166808209883,0.6455335836972547,0.3407842468524084,0.5753037127209174,-0.17619452736707852
7413010020,-1.0772512048695522,-0.3308759096727273,-0.38904166808209883,0.12520265198442712,0.3407842468524084,-0.06385709685093505,-0.17619452736707852
7413010021,-0.5497025177151927,-0.3308759096727273,1.2257974995640086,0.12520265198442712,0.3407842468524084,-0.2950771553274504,-0.17619452736707852
7413010022,0.033864509399243126,1.2997129154576343,-0.38904166808209883,0.6455335836972547,0.3407842468524084,0.12920046252484146,2.6623750530252854
7413010026,-0.48466307536809655,-0.3308759096727273,0.21974425041427825,0.12520265198442712,-0.8120976633541652,-0.06385709685093505,-0.3445411374154851
7413010027,0.24704359639681084,-0.3308759096727273,-0.9133795628723345,1.7557789914369206,0.3407842468524084,-0.06385709685093505,-0.3445411374154851
7413020001,-0.9662173720700553,-0.3308759096727273,-1.4752583028168516,1.7557789914369206,-0.8120976633541652,-0.06385709685093505,-0.17619452736707852
7413020008,1.0817970644988792,-0.3308759096727273,2.1483813131494887,1.165864515410082,-0.8120976633541652,2.9019985766477645,1.212645315941394
7413020009,1.496312029882023,-0.3308759096727273,0.4533787599183585,1.165864515410082,-0.8120976633541652,2.25530517575541,-0.17619452736707852
7413020011,-0.12361704302971765,-0.3308759096727273,-0.4789352081313674,-3.8722704829703565,1.493666157058982,1.6236769575040588,-0.3445411374154851
7413020013,-0.6195639552589798,-0.3308759096727273,2.6437860244621874,0.12520265198442712,-0.8120976633541652,-0.06385709685093505,-0.3445411374154851
7413030001,0.8589538348861391,-0.3308759096727273,1.6602418543049757,1.165864515410082,0.3407842468524084,-0.2950771553274504,1.0442987058929873
7413030002,-0.9662173720700553,-0.3308759096727273,4.020274501717126,1.165864515410082,-0.8120976633541652,-0.06385709685093505,-0.3445411374154851
7413030003,1.915332919800919,2.2535462322538633,-0.833216177287312,1.668253587092138,0.3407842468524084,0.9920487392527079,-0.17619452736707852
7413030004,4.962690299746806,2.5771340673209866,-1.4752583028168516,1.165864515410082,0.3407842468524084,1.5716499530624204,2.5477568011133727
7413030005,-1.0772512048695522,-0.3308759096727273,-1.4752583028168516,1.165864515410082,-0.8120976633541652,0.12920046252484146,-0.3445411374154851
7413030011,-1.1058077233720354,-0.3308759096727273,-0.4222978751152614,-0.8795754913796848,-2.3207512430633237,-0.9267053735788015,-0.3445411374154851
7413030012,-0.8668942240969559,-0.3308759096727273,-0.4222978751152614,0.12520265198442712,-0.8120976633541652,-0.2950771553274504,-0.3445411374154851
7413030024,1.1761455412679027,1.2997129154576343,2.592555822354702,1.165864515410082,0.3407842468524084,-0.9267053735788015,1.212645315941394
7413040001,-0.42382274021132926,-0.3308759096727273,1.7779460850442799,0.12520265198442712,-0.8120976633541652,0.567771121400416,-0.3445411374154851
7413040002,0.6485968541135432,-0.3308759096727273,1.2160673450997626,1.165864515410082,-2.3207512430633237,-0.06385709685093505,-0.17619452736707852
7413040003,1.573222634701129,-0.3308759096727273,1.2160673450997626,1.668253587092138,0.3407842468524084,2.2032781713137717,-0.17619452736707852
7413040004,-0.6195639552589798,-0.3308759096727273,1.003710244961402,1.165864515410082,0.3407842468524084,-0.9267053735788015,-0.3445411374154851
7413040005,-0.6195639552589798,-0.3308759096727273,0.21974425041427825,1.165864515410082,1.493666157058982,-0.7030179064227877,-0.3445411374154851
7413050001,0.31408292771562596,-0.3308759096727273,0.4533787599183585,1.165864515410082,0.3407842468524084,2.2032781713137717,-0.17619452736707852
7413050004,0.9197941700429063,-0.3308759096727273,-1.4752583028168516,1.7557789914369206,-0.8120976633541652,-0.06385709685093505,-0.17619452736707852
7413050005,0.566571402566295,-0.3308759096727273,-1.4752583028168516,1.7557789914369206,0.3407842468524084,-0.06385709685093505,-0.3445411374154851
7413050006,-0.6950200561406923,-0.3308759096727273,-1.4752583028168516,1.7557789914369206,0.3407842468524084,-0.06385709685093505,-0.3445411374154851
7413060008,1.4453429682255463,1.2997129154576343,-0.38904166808209883,1.165864515410082,-0.8120976633541652,-0.9267053735788015,-0.3445411374154851
7413060009,-0.20504898987583606,-0.3308759096727273,0.17283707186241826,1.165864515410082,0.3407842468524084,-0.9267053735788015,-0.3445411374154851
7413060010,2.743773673338238,2.5771340673209866,-0.38904166808209883,1.165864515410082,0.3407842468524084,3.125686043803778,1.212645315941394
7413060011,-0.04159159148246938,-0.3308759096727273,-0.38904166808209883,1.165864515410082,0.3407842468524084,0.34408365424440207,-0.3445411374154851
7413060012,-0.8668942240969559,-0.3308759096727273,-0.38904166808209883,1.165864515410082,-2.3207512430633237,-0.9267053735788015,-0.17619452736707852
7413060013,1.0308280028424026,-0.3308759096727273,-0.38904166808209883,1.165864515410082,-0.8120976633541652,-0.06385709685093505,-0.17619452736707852
7413060015,0.8306106235112463,-0.3308759096727273,-0.38904166808209883,1.165864515410082,0.3407842468524084,-0.9267053735788015,1.212645315941394
7413070001,0.9810863679494387,-0.3308759096727273,3.0879605336674003,0.12520265198442712,0.3407842468524084,1.6236769575040588,-0.17619452736707852
7413070002,-1.0772512048695522,-0.3308759096727273,0.6072814266033855,0.12520265198442712,0.3407842468524084,-0.9267053735788015,-0.17619452736707852
7413070003,1.3914598454989053,-0.3308759096727273,-0.38904166808209883,1.165864515410082,0.3407842468524084,1.2069319309722684,-0.17619452736707852
7413070004,-0.1674713689863329,-0.3308759096727273,-0.38904166808209883,1.165864515410082,-0.8120976633541652,-0.2950771553274504,1.0442987058929873
7413070014,-0.7770455076879406,-0.3308759096727273,2.592555822354702,0.12520265198442712,-0.8120976633541652,-0.2950771553274504,-0.17619452736707852
7413070015,0.7240529549952557,-0.3308759096727273,1.6602418543049757,-0.8795754913796848,0.3407842468524084,0.9920487392527079,4.506383318810207
7413070016,-1.3484485207989154,-0.3308759096727273,1.4381545997023693,0.12520265198442712,-0.8120976633541652,-0.2950771553274504,-0.3445411374154851
7413070017,-0.04159159148246938,-0.3308759096727273,1.6602418543049757,0.12520265198442712,0.3407842468524084,0.33655106292390086,-0.3445411374154851
7413070018,-0.7770455076879406,-0.3308759096727273,0.6639187596194914,0.12520265198442712,-0.8120976633541652,-0.9267053735788015,-0.3445411374154851
7413080002,0.10372594694303011,1.2997129154576343,-0.38904166808209883,1.165864515410082,0.3407842468524084,2.2032781713137717,1.212645315941394
7413080003,-1.3484485207989154,1.2997129154576343,-0.38904166808209883,-0.8795754913796848,-2.3207512430633237,1.1255467028663442,-0.17619452736707852
7413080007,-0.003108778666137679,-0.3308759096727273,-0.38904166808209883,-0.8795754913796848,0.3407842468524084,-0.9267053735788015,-0.17619452736707852
7413080008,1.4453429682255463,-0.3308759096727273,-0.38904166808209883,0.12520265198442712,0.3407842468524084,-0.7030179064227877,-0.17619452736707852
7413090001,-1.2031309823734155,-0.3308759096727273,-0.38904166808209883,-0.7690532314182711,-2.3207512430633237,-0.9267053735788015,-0.17619452736707852
7413090002,-0.42382274021132926,-0.3308759096727273,-0.38904166808209883,1.165864515410082,0.3407842468524084,1.5716499530624204,-0.17619452736707852
7413090003,-0.1674713689863329,-0.3308759096727273,-0.38904166808209883,1.165864515410082,0.3407842468524084,-0.9267053735788015,-0.17619452736707852
7413090004,1.3405081315880978,-0.3308759096727273,-0.38904166808209883,1.165864515410082,0.3407842468524084,0.7608286807761925,-0.17619452736707852
7413090005,-0.3127889074118329,-0.3308759096727273,-0.38904166808209883,1.165864515410082,0.3407842468524084,-0.287544564006949,-0.17619452736707852
7413090006,-0.6950200561406923,-0.3308759096727273,-0.38904166808209883,1.165864515410082,-0.8120976633541652,-0.06385709685093505,-0.17619452736707852
7413090007,-0.36667203013847394,-0.3308759096727273,-0.38904166808209883,1.165864515410082,-0.8120976633541652,-0.2950771553274504,-0.3445411374154851
7413100014,0.518240912326174,-0.3308759096727273,-1.0310837936116386,1.668253587092138,-2.3207512430633237,0.5753037127209174,-0.3445411374154851
7413100016,2.100771321855489,1.2997129154576343,-1.0310837936116386,1.165864515410082,0.3407842468524084,3.542431070335568,1.1589169578049001
7413100017,0.033864509399243126,-0.3308759096727273,-1.0310837936116386,0.12520265198442712,0.3407842468524084,1.6236769575040588,-0.17619452736707852
7413100018,-0.42382274021132926,1.2997129154576343,-1.4752583028168516,-0.8795754913796848,-0.8120976633541652,0.9920487392527079,-0.3445411374154851
7413100020,-0.42382274021132926,-0.3308759096727273,-1.0310837936116386,0.12520265198442712,0.3407842468524084,-0.9267053735788015,-0.17619452736707852
7413100021,0.15269511962778737,-0.3308759096727273,-1.0310837936116386,1.165864515410082,1.493666157058982,-0.5695199428091512,-0.3445411374154851
7413110002,0.19967628986730768,-0.3308759096727273,-1.0310837936116386,1.165864515410082,-1.1678693328567504,0.9920487392527079,-0.3445411374154851
7413110003,1.1761455412679027,-0.3308759096727273,-1.253171048214245,1.165864515410082,-1.1678693328567504,-0.06385709685093505,-0.3445411374154851
7413110004,0.033864509399243126,-0.3308759096727273,2.0350001059658105,1.165864515410082,-1.1678693328567504,-0.2950771553274504,-0.17619452736707852
7413110005,0.1687653892901263,-0.3308759096727273,-1.253171048214245,1.165864515410082,-1.1678693328567504,0.9324891434905679,-0.3445411374154851
7414010001,1.1761455412679027,-0.3308759096727273,-1.4752583028168516,-1.9898208991193513,0.3407842468524084,0.567771121400416,-0.17619452736707852
7414010003,0.9120425703573645,-0.3308759096727273,1.5106622111755748,-4.111256862923955,0.3407842468524084,0.34408365424440207,-0.3445411374154851
7414010004,3.107948466419884,2.5771340673209866,1.0152574998628758,-0.3592445596668574,0.3407842468524084,4.396475071626981,-0.17619452736707852
7414010005,0.6485968541135432,-0.3308759096727273,1.1359039595147402,-2.510151830832179,0.3407842468524084,0.567771121400416,-0.17619452736707852
7414020001,0.033864509399243126,-0.3308759096727273,-0.9133795628723345,0.6455335836972547,1.493666157058982,-0.9267053735788015,-0.3445411374154851
7414020002,0.22960572444689353,-0.3308759096727273,-0.2713374373427947,0.6455335836972547,1.493666157058982,-0.06385709685093505,-0.3445411374154851
7414020003,0.8777553472431019,-0.3308759096727273,-0.9133795628723345,0.6455335836972547,-2.3207512430633237,1.5641173617419188,-0.3445411374154851
7414020010,-0.3127889074118329,-0.3308759096727273,-1.4752583028168516,0.6455335836972547,0.3407842468524084,-0.9267053735788015,-0.3445411374154851
7414020011,3.4427107257878204,5.161556209247577,-1.4752583028168516,0.6455335836972547,1.493666157058982,6.6636103397916875,1.212645315941394
7414020013,-0.08171245511153935,1.2997129154576343,-1.4752583028168516,0.6455335836972547,-2.3207512430633237,-0.287544564006949,-0.3445411374154851
7414020014,-0.1674713689863329,-0.3308759096727273,-1.4752583028168516,0.6455335836972547,0.3407842468524084,-0.9267053735788015,-0.3445411374154851
7414020028,-0.1674713689863329,-0.3308759096727273,-1.0310837936116386,0.6455335836972547,0.3407842468524084,1.5641173617419188,-0.17619452736707852
7414020029,-0.1674713689863329,-0.3308759096727273,-1.0310837936116386,0.6455335836972547,0.3407842468524084,-0.2950771553274504,-0.17619452736707852
7414020030,2.8632337303414888,-0.3308759096727273,-1.4752583028168516,0.6455335836972547,0.3407842468524084,4.396475071626981,-0.3445411374154851
7414020033,-0.1674713689863329,-0.3308759096727273,-1.0310837936116386,-0.8795754913796848,0.3407842468524084,0.567771121400416,-0.3445411374154851
7414030009,-0.8668942240969559,-0.3308759096727273,-0.9133795628723345,0.6455335836972547,0.3407842468524084,-0.06385709685093505,-0.3445411374154851
7414030016,3.007337765330888,-0.3308759096727273,-0.9133795628723345,0.6455335836972547,1.493666157058982,2.4865252342319253,-0.17619452736707852
7414030026,-0.04159159148246938,-0.3308759096727273,-0.9133795628723345,0.6455335836972547,-0.8120976633541652,0.567771121400416,-0.17619452736707852
7414040001,-0.7770455076879406,-0.3308759096727273,-0.833216177287312,0.12520265198442712,0.3407842468524084,-0.9267053735788015,-0.3445411374154851
7414040002,-0.2618198457553564,-0.3308759096727273,1.6602418543049757,-4.111256862923955,0.3407842468524084,1.6236769575040588,-0.17619452736707852
7414040005,1.0817970644988792,-0.3308759096727273,1.7779460850442799,0.12520265198442712,0.3407842468524084,-0.2950771553274504,-0.17619452736707852
7414040006,-0.7770455076879406,-0.3308759096727273,-1.4752583028168516,-4.111256862923955,-0.8120976633541652,0.9324891434905679,-0.3445411374154851
7414040008,-1.2031309823734155,-0.3308759096727273,-1.4752583028168516,-4.111256862923955,0.3407842468524084,-0.06385709685093505,-0.3445411374154851
7414050001,1.4473428571972657,1.2997129154576343,-1.4752583028168516,-0.8795754913796848,-0.8120976633541652,1.8385601492236197,-0.17619452736707852
7414050002,-0.42382274021132926,-0.3308759096727273,-1.0310837936116386,1.1479226553793105,0.3407842468524084,0.12920046252484146,-0.3445411374154851
7414050003,1.710085425821551,-0.3308759096727273,-1.4752583028168516,1.1479226553793105,0.3407842468524084,5.817098929820776,-0.17619452736707852
7414050006,2.5211910369906527,2.5771340673209866,1.0954208854478982,1.1479226553793105,0.3407842468524084,4.396475071626981,2.830721663073692
7414050007,1.4130591515712625,-0.3308759096727273,3.024057948183109,1.1479226553793105,-0.8120976633541652,-0.7030179064227877,-0.3445411374154851
7414050010,-0.6195639552589798,-0.3308759096727273,-0.833216177287312,1.1479226553793105,0.3407842468524084,0.567771121400416,-0.17619452736707852
7414050012,3.3020484956156833,1.2997129154576343,0.5432722999676272,0.6455335836972547,0.3407842468524084,4.611358263346542,-0.17619452736707852
7414050014,1.851756158904035,-0.3308759096727273,-1.4752583028168516,1.1479226553793105,1.493666157058982,3.125686043803778,-0.17619452736707852
7414050015,0.48395720670017073,-0.3308759096727273,-0.38904166808209883,0.6455335836972547,0.3407842468524084,0.5753037127209174,-0.3445411374154851
7414060001,1.1761455412679027,-0.3308759096727273,-0.4789352081313674,-0.8795754913796848,-0.8120976633541652,1.399989490348045,-0.17619452736707852
7414060002,-0.36667203013847394,-0.3308759096727273,-0.4789352081313674,1.1479226553793105,-0.8120976633541652,1.2069319309722684,-0.3445411374154851
7414060008,1.4453429682255463,-0.3308759096727273,-1.4752583028168516,0.6455335836972547,1.493666157058982,0.9920487392527079,-0.17619452736707852
7414060010,-0.42382274021132926,-0.3308759096727273,1.4594320090680888,-0.8795754913796848,0.3407842468524084,1.6236769575040588,-0.3445411374154851
7414060011,2.6263201200381285,1.2997129154576343,-1.4752583028168516,0.12520265198442712,0.3407842468524084,0.9832444638162545,4.338036708761801
7414060013,3.125661699261356,2.5771340673209866,0.8975532691235716,1.1479226553793105,0.3407842468524084,6.938053127273388,3.9365966444218454
7414060014,1.3914598454989053,-0.3308759096727273,2.1014741345976287,1.1479226553793105,0.3407842468524084,1.6236769575040588,-0.17619452736707852
7414060017,-0.1674713689863329,-0.3308759096727273,0.6703090032548589,-1.773831374782383,-0.8120976633541652,-0.2950771553274504,-0.3445411374154851
7414070003,0.9197941700429063,-0.3308759096727273,0.4533787599183585,0.12520265198442712,-0.8120976633541652,0.7608286807761925,-0.17619452736707852
7414070006,0.7240529549952557,-0.3308759096727273,-0.4789352081313674,0.12520265198442712,-0.8120976633541652,-0.9267053735788015,-0.3445411374154851
7415020012,0.10372594694303011,-0.3308759096727273,-1.4752583028168516,0.6275917236664831,1.493666157058982,0.9920487392527079,-0.3445411374154851
7415030007,-0.42382274021132926,-0.3308759096727273,1.8298672371732974,0.6455335836972547,0.3407842468524084,1.3924568990275437,-0.17619452736707852
7415030010,-0.1674713689863329,-0.3308759096727273,0.08294353181314985,0.12520265198442712,1.493666157058982,1.6312095488245604,-0.3445411374154851
7415030020,1.4130591515712625,-0.3308759096727273,-0.833216177287312,1.165864515410082,0.3407842468524084,0.7012690850140524,-0.3445411374154851
7415030021,0.24704359639681084,-0.3308759096727273,0.21974425041427825,0.12520265198442712,1.493666157058982,2.25530517575541,-0.07771807336523329
7415030022,0.6731290710822855,-0.3308759096727273,2.0277348534976243,0.12520265198442712,0.3407842468524084,1.6236769575040588,-0.17619452736707852
7415030023,-0.6195639552589798,-0.3308759096727273,-0.38904166808209883,0.12520265198442712,0.3407842468524084,0.12166787120433994,-0.17619452736707852
7415040012,-0.42382274021132926,-0.3308759096727273,1.5063391876199488,1.165864515410082,0.3407842468524084,1.3924568990275437,-0.3445411374154851
7415040020,1.3405081315880978,-0.3308759096727273,-0.38904166808209883,0.12520265198442712,0.3407842468524084,-0.9267053735788015,4.338036708761801
7415060010,-0.45237925871381224,-0.3308759096727273,-1.4752583028168516,0.6275917236664831,0.3407842468524084,1.6236769575040588,-0.17619452736707852
7415070001,-0.9662173720700553,-0.3308759096727273,2.0682179275644663,0.12520265198442712,0.3407842468524084,-0.9267053735788015,-0.3445411374154851
7415070003,-0.7770455076879406,-0.3308759096727273,1.1359039595147402,0.12520265198442712,0.3407842468524084,-0.9267053735788015,-0.3445411374154851
7415070008,-0.36667203013847394,-0.3308759096727273,2.0682179275644663,0.12520265198442712,0.3407842468524084,-0.9267053735788015,-0.17619452736707852
