iddesa,iddesa,mean_ndvi,mean_ntl,z_NDVI,z_NTL,luas
7401050016,7401050016,0.5610099507269458,0.3047813668940631,2.0202842980531446,-0.33682202721510923,20727677.330390055
7401050019,7401050019,0.4850702420086928,0.3234520365034965,1.3445783661659543,-0.31938381132963917,11709427.815252734
7401050020,7401050020,0.4609661444187941,0.3037359371220167,1.1301018821342548,-0.3377984480098317,34882649.79077981
7401050021,7401050021,0.5175454616546631,0.3519808215490138,1.6335404773525504,-0.29273821569858893,19052776.29486341
7401050022,7401050022,0.2438424550569974,0.882280327161986,-0.8018487051312155,0.20255613936646746,12043406.005594289
7401050023,7401050023,0.3452494028361633,0.3033880577303443,0.10046284314164523,-0.3381233638302597,55425579.38893603
7401050025,7401050025,0.4314082145690918,0.3190739780007113,0.8670976005685992,-0.32347287352868387,20595553.094979137
7401050027,7401050027,0.4659657642759126,0.3344416148668412,1.1745881311817699,-0.3091196566957063,14476085.41855726
7401050028,7401050028,0.548412697655814,0.3361809868807954,1.9081948685660137,-0.3074951008913899,17325466.724097908
7401050029,7401050029,0.566614203982883,0.3176177261569664,2.0701505305255985,-0.32483299796803483,24523907.312973265
7401050030,7401050030,0.3642642974853515,0.3317182120340062,0.26965597444974815,-0.3116632872957616,8478887.07183544
7401050031,7401050031,0.3600666125615437,0.3249614726044645,0.23230528334117678,-0.317974013333926,42497541.90522158
7401050032,7401050032,0.3491044680277506,0.3126241710248248,0.1347649291218782,-0.32949692777086764,12491964.265243897
7401051008,7401051008,0.3074148962523663,0.5299806651607311,-0.23618580827136365,-0.12648816867763285,9132403.139477322
7401051009,7401051009,0.4425024773092831,0.3308329337661412,0.9658135328521326,-0.3124901282113089,21445258.37184636
7401051011,7401051011,0.3613262738622139,0.3989422308344715,0.24351365676527692,-0.24887673614072842,8107322.587806467
7401051012,7401051012,0.4276484054623892,0.4188815950009646,0.8336430962118848,-0.23025357241773942,20639307.009196203
7401051013,7401051013,0.3510913095976177,0.4417043745921357,0.15244369899259508,-0.20893732795823394,7560317.253471993
7401051014,7401051014,0.4809231758117676,0.3013155683053475,1.3076780767588962,-0.3400590479149477,21969491.52648285
7401051015,7401051015,0.442054365664684,0.422815025095715,0.961826268461552,-0.22657978863828643,9325056.855832335
7401051017,7401051017,0.5514056947496202,0.3365654792221819,1.9348263361412883,-0.3071359889475944,9137912.894068174
7401051021,7401051021,0.3447527745507371,0.4992303315849427,0.09604388125636247,-0.15520866808456815,4690647.292878402
7401051023,7401051023,0.4923984087430514,0.3431432145497671,1.409783853727619,-0.30099245092355054,5307218.163861994
7401052002,7401052002,0.3991679816410459,0.313346996437867,0.5802263838810237,-0.3288218161726331,46334872.32645164
7401052004,7401052004,0.3726181745529174,0.3296323968582625,0.3439881569677707,-0.3136114174963748,20611878.9572483
7401052005,7401052005,0.4349251247587658,0.3191632278588696,0.8983908082617446,-0.32338951506715735,53641140.93353621
7401052006,7401052006,0.5019936143306264,0.3172572719644085,1.495161285938432,-0.32516965852484053,37573290.59947237
7401052007,7401052007,0.4292564907589474,0.3806398618867718,0.8479517206746986,-0.2659709629468337,10018989.266746303
7401052008,7401052008,0.4321448152715509,0.3718164899009882,0.8736518193361551,-0.27421190281372326,10331813.545880591
7401052009,7401052009,0.1802449226379394,0.363000556668445,-1.3677348618503846,-0.2824458949605986,12442138.913622951
7401052011,7401052011,0.403741717338562,0.3283339455354434,0.6209231470614307,-0.314824157851046,15839364.08576113
7401060006,7401060006,0.5951500535011292,0.9279284150933322,2.3240604166229697,0.24519099011137838,3833136.6878096154
7401060007,7401060007,0.3595407349722726,1.337351862559223,0.22762606330577523,0.627588333904357,4012347.294220816
7401060008,7401060008,0.4140243911743164,1.1033488166355057,0.7124176210823772,0.4090318644238183,3615821.736363606
7401060009,7401060009,0.174927772731956,0.7557819973945108,-1.4150464698726948,0.08440798347375751,6480449.773395581
7401060010,7401060010,0.2156254205948267,0.3887482420760678,-1.0529217983543289,-0.2583978181598373,34822658.4878089
7401060011,7401060011,0.1897578537464141,0.5511190584065458,-1.2830895018914847,-0.10674512396614391,5009237.009297003
7401060013,7401060013,0.3282334208488464,0.5515552559210264,-0.05094411060865251,-0.10633771991554822,12792820.847968435
7401060017,7401060017,0.3695478439331054,0.4583643994164431,0.31666858137709986,-0.19337703389160996,6223666.7531690365
7401060018,7401060018,0.4792540073394775,0.3838543462568298,1.292825938699873,-0.26296866717608003,19550980.336472135
7401060019,7401060019,0.602375259399414,0.3384646603647271,2.3883497662528286,-0.30536217303942875,41956686.60768991
7401060020,7401060020,0.4020997948116726,0.3537473826589519,0.6063134414167246,-0.29108826555462564,31520295.96142598
7401060021,7401060021,0.3366586480821882,0.3557926129049851,0.024022940426377308,-0.2891780412663762,31833331.637881525
7401060022,7401060022,0.275116118517789,0.3146742493892008,-0.5235779523330647,-0.3275821753893003,29613217.451557588
7401060029,7401060029,0.5677158832550049,0.4954714259771831,2.0799531915019767,-0.15871944776480507,2694988.5553917172
7401060030,7401060030,0.1615312397480011,0.3674399680209805,-1.5342478331221294,-0.2782995298226923,4948979.624011208
7401060031,7401060031,0.4963180047494394,0.324831132983485,1.4446601301424256,-0.31809574921681705,32355835.19801375
7401061025,7401061025,0.1986922621726989,0.3370051710186778,-1.2035917941251597,-0.3067253212730675,7827383.050652963
7401061027,7401061027,0.5628170626504081,0.3243641545177047,2.036363846775117,-0.31853190236346307,8695104.875899455
7401061028,7401061028,0.459735631942749,0.4080187581499667,1.1191528728035807,-0.24039935176571914,3311635.5690212124
7401061030,7401061030,0.3290542960166931,0.297961853833139,-0.04364002385858561,-0.343191383187757,28548231.850539554
7401062001,7401062001,0.43074859891619,0.3096922833836006,0.8612283890986815,-0.33223528106558703,29649303.565900363
7401110002,7401110002,0.3419362813708206,0.3290372794134134,0.07098293249962911,-0.3141672511487064,35136514.955973506
7401110003,7401110003,0.3214786015862134,0.4230447138617739,-0.11104799461907267,-0.2263652616624045,3932695.401551133
7401110004,7401110004,0.253773611945075,0.3321497522163521,-0.7134820030060678,-0.3112602331461021,24032609.208778888
7401110005,7401110005,0.3974474073185557,0.3214401955891362,0.5649168403552141,-0.32126285032104795,68456662.02432366
7401110006,7401110006,0.3840634107589721,0.3352951667117379,0.4458270252859781,-0.30832244793715,15491431.407490635
7401110007,7401110007,0.4361251207485592,0.3115902356862899,0.909068284146628,-0.3304626128813727,48099982.706295565
7401110008,7401110008,0.3215792899908021,0.3084496982773329,-0.11015207661515627,-0.3333958429411086,38465466.09979048
7401110009,7401110009,0.3989201273236956,0.362305087231918,0.578020994430574,-0.283095456354464,6901738.778371341
7401110010,7401110010,0.5156341791152954,0.3123159172123377,1.6165340261669832,-0.3297848337025839,15846111.942060243
7401110011,7401110011,0.2575549483299255,0.3054131557104705,-0.6798359505148207,-0.3362319428740007,43203459.326031074
7401110012,7401110012,0.4193171718664336,0.3277243994954926,0.7595123936355666,-0.315393467664735,29264617.56221007
7401110013,7401110013,0.3306494233058743,0.3188177521973369,-0.02944669879048714,-0.3237121858280356,41616391.86339256
7401110014,7401110014,0.3607249600546701,0.3175583543774413,0.23816321081886843,-0.32488845060741633,19236763.72479277
7401110015,7401110015,0.4205730874224728,0.3591053612880941,0.7706874376999786,-0.28608396790493074,10108869.193016794
7401110016,7401110016,0.500607207969383,0.2843261119719467,1.4828251443056797,-0.35592702766693907,48759740.86314037
7401110017,7401110017,0.4411561664782072,0.5193610325968221,0.9538341582920179,-0.13640679769028732,2379458.9758435455
7402010008,7402010008,0.2127748836170543,0.3170836050994275,-1.0782856663155662,-0.3253318616138053,65553299.52022789
7402010011,7402010011,0.2621798985676512,0.3969935216915211,-0.6386834841298239,-0.25069681069850375,7163398.351860932
7402010013,7402010013,0.2817074358463287,0.4357384971267527,-0.4649288964831234,-0.21450939695007373,6841673.962210393
7402010014,7402010014,0.2325691626622126,0.3541528608926459,-0.9021576300879411,-0.2907095530004469,32520277.711006112
7402010015,7402010015,0.2223081421041544,0.3910679283753984,-0.9934594348396599,-0.256231254703867,7781330.999247041
7402010016,7402010016,0.4201565318637424,0.360199388556238,0.7669809570359694,-0.28506215754217623,9773818.21688698
7402010017,7402010017,0.2567439079284668,0.4468253041264259,-0.6870525282383283,-0.20415443175679757,4800076.00310406
7402010018,7402010018,0.4455357896095795,0.2972322320003733,0.9928037221637753,-0.3438728425730215,80689729.27345549
7402010019,7402010019,0.4115892611868013,0.2797805773665482,0.690750013907518,-0.3601725108457408,123462832.01023707
7402011001,7402011001,0.3777617064999862,0.3179818937991189,0.38975492518623067,-0.3244928690870037,3182166.816494843
7402011002,7402011002,0.3949847448439825,0.3105097710856378,0.5430042511394861,-0.3314717558503672,21720852.791830674
7402011003,7402011003,0.1955364942550659,0.3671075648608359,-1.2316715844956403,-0.2786099909999757,7063803.471828305
7402011006,7402011006,0.2389330363405343,0.4157713971655617,-0.8455323510764461,-0.2331584656237589,5469954.161021715
7402020010,7402020010,0.3473672866821289,0.3687902050122858,0.11930761752807965,-0.2770384221793417,9754455.198845081
7402020011,7402020011,0.3246553077460816,0.3654903559699949,-0.08278189731220242,-0.2801204476874069,15739383.488688322
7402020012,7402020012,0.353457462086397,0.3560479285787998,0.17349754946691903,-0.28893957901879425,15207314.884838361
7402020013,7402020013,0.4044742217430702,0.4227449567420242,0.6274409172716909,-0.22664523176935558,3693574.8615682097
7402020014,7402020014,0.3638656971066497,0.3715767498633816,0.26610925765444704,-0.27443581757519825,6687232.41094837
7402020016,7402020016,0.2508465194702148,0.379445317601128,-0.7395270561387245,-0.2670866551835645,12459288.560869396
7402020017,7402020017,0.2657320566445469,0.3058505662027154,-0.6070766433337321,-0.3358234059144863,18778565.225138694
7402020018,7402020018,0.2599357880521317,0.3308150929592329,-0.6586514141198226,-0.3125067913438556,17337100.702253293
7402020019,7402020019,0.3793667687310113,0.4696142305155832,0.404036650634712,-0.18286980584432225,5891776.139711861
7402020020,7402020020,0.3467975192599826,0.3352207906490959,0.11423786899416408,-0.30839191442465125,22451554.793782
7402021006,7402021006,0.3673712596917363,0.2985729136881294,0.29730149519822185,-0.3426206594861881,36281638.33102692
7402021007,7402021007,0.1800194812077347,0.3064169806478615,-1.3697408230827042,-0.3352943805725073,8908440.82042721
7402021008,7402021008,0.2268062797752586,0.3329292365025872,-0.953435337327158,-0.31053220273546106,16293621.48546648
7402021011,7402021011,0.2825988271962041,0.3082397608459359,-0.4569973619419726,-0.333591922370916,44611069.762688234
7402021012,7402021012,0.2553810337611607,0.3656668705842378,-0.6991792821436035,-0.2799555848295395,8676073.940019086
7402022003,7402022003,0.1023433685302734,0.343825836914574,-2.0608971494366752,-0.30035488856425846,13753318.98619306
7402022004,7402022004,0.1786267757415771,0.3080220311102547,-1.3821330136867775,-0.3337952797338237,15809260.49796261
7402030001,7402030001,0.3332276996597698,0.3012634468115948,-0.006505385796579246,-0.3401077288610169,25812473.004130494
7402030002,7402030002,0.4038397158968561,0.3118426632720733,0.6217951310112425,-0.33022684807869446,21361158.701463606
7402030003,7402030003,0.4303730666035353,0.3375227847724533,0.8578869302550937,-0.30624187528144303,17224545.608581524
7402030004,7402030004,0.3562922863673914,0.407577552846919,0.1987216070101546,-0.24081143304000147,10164558.075984806
7402030006,7402030006,0.27387886859001,0.4601985958067454,-0.5345869110127591,-0.19166391308236588,4279338.912998194
7402030007,7402030007,0.1957667901263973,0.6236810522813063,-1.2296224288039177,-0.03897295827858287,1915620.3788816556
7402030008,7402030008,0.3780978787329889,0.4961908931477051,0.39274616094167,-0.15804747273099418,10435594.606560862
7402030009,7402030009,0.3339917639011434,0.3408642017588397,0.00029320151634430833,-0.30312102573555727,14932749.584256837
7402030010,7402030010,0.334391874792433,0.3244545566160159,0.003853358741336066,-0.3184474677213303,10497583.418349888
7402030019,7402030019,0.3505253316648959,0.3270147115236154,0.147407669056317,-0.3160563090262823,34986891.233138554
7402031001,7402031001,0.3367500397990799,0.3339789661561944,0.02483613718827428,-0.3095517658950098,7883033.982452057
7402031002,7402031002,0.3285906747671274,0.3611638399808071,-0.04776529157119687,-0.2841613697019701,5189549.42179526
7402031003,7402031003,0.3501185749407698,0.3071521362120571,0.14378837770050298,-0.3346077527382613,23081410.72787063
7402031004,7402031004,0.3088160404027277,0.5126718830919164,-0.2237185308771237,-0.14265439542496072,9913826.081847843
7402031005,7402031005,0.5351753234863281,0.5763575302730446,1.790409688718702,-0.08317264744366291,7047381.0921866745
7402031006,7402031006,0.3447115795257835,0.3050823460462638,0.09567733096014451,-0.33654091574225403,16691043.952929925
7402031007,7402031007,0.2172546580358205,0.4380898936553522,-1.0384249636691096,-0.21231321646186319,3686389.657686595
7402031008,7402031008,0.3559654423447906,0.44636625699375,0.19581337298343982,-0.20458317711883664,5779563.655199476
7402031009,7402031009,0.3168033345303021,0.4004541872157938,-0.15264817634424524,-0.2474645842287482,5780591.971268755
7402032001,7402032001,0.4012115250772504,0.3591987513042943,0.598409682779833,-0.2859967425778207,9249862.65140755
7402032002,7402032002,0.435740968101045,0.3538189671337605,0.9056501221987259,-0.29102140638182283,4932891.084404557
7402032003,7402032003,0.3662870879457288,0.3449441955759275,0.2876546148990132,-0.2993103529272391,7481444.297494797
7402032004,7402032004,0.3374407529011625,0.3512055121729177,0.03098205146931255,-0.2934623467855405,5731265.409313694
7402061001,7402061001,0.3790511687596639,0.427546839558819,0.4012284653474329,-0.22216032196335225,6696995.620421941
7402061005,7402061005,0.4718329012393951,0.3853810500956585,1.2267934835110557,-0.26154274128849325,7342141.871621635
7402062002,7402062002,0.2244042158126831,0.4927947070324925,-0.9748087254488665,-0.16121947608723108,7993299.450342878
7402062005,7402062005,0.3060221672058105,0.4154196813108626,-0.24857820869208247,-0.23348696466170915,10107706.986430725
7402062006,7402062006,0.2455224085898295,0.3258510861614728,-0.7869006023982821,-0.31714312330232725,22361303.30822087
7402062007,7402062007,0.3673835566014419,0.3325876127519959,0.29741091219457605,-0.3108512758506216,27540354.541206915
7402062008,7402062008,0.2892597516377767,0.3241751309024751,-0.39772894712987933,-0.31870844850127056,20598314.074380584
7402070023,7402070023,0.4384434819221496,8.640553782334857,0.9296968910203262,7.448704790696071,1003634.0398561242
7402071004,7402071004,0.3156108379364014,0.4684395273359597,-0.16325892315713536,-0.1839669666894412,8842686.247413822
7402072001,7402072001,0.3294808864593506,0.8435796074439,-0.0398442535369021,0.16641006000860278,2651880.5407872093
7402072006,7402072006,0.1823002994060516,2.487838962153783,-1.3494462708363042,1.7021316060986045,623224.8201860911
7402073002,7402073002,0.4856550352913992,1.431814023380369,1.34978181369982,0.7158150332068212,11331636.196036765
7402080008,7402080008,0.1924739224570138,0.3296095639456213,-1.2589221226620686,-0.3136327432050002,15936210.645109162
7402080009,7402080009,0.4658965042659214,0.322709822806365,1.1739718607169036,-0.3200770313883987,11979837.883681744
7402080010,7402080010,0.305192368371146,0.5222389890123342,-0.25596169757187465,-0.13371881561291624,11718088.11727551
7402080011,7402080011,0.3111217723173253,0.3907024266900177,-0.20320229821924518,-0.256572629567731,7667785.413957645
7402080012,7402080012,0.2554895054210316,0.3012181066636837,-0.6982141093077642,-0.34015007609890885,18291458.48426783
7402080013,7402080013,0.3584071695804596,0.3462261098048125,0.21753968198619578,-0.2981130580504309,14204140.647441825
7402081001,7402081001,0.3964829742908478,0.3708395626956914,0.5563353863474304,-0.27512434290648496,21934761.112762693
7402081002,7402081002,0.4032405912876129,0.668210997308889,0.6164641643899826,0.002617558344707483,10273656.021567138
7402081007,7402081007,0.4268408881293403,0.3028259501640947,0.826457866491459,-0.33864836659106934,37819075.71216048
7402090011,7402090011,0.2418663024902343,0.2965082452551965,-0.8194323650400264,-0.3445490388436809,2420728.61389587
7402090012,7402090012,0.1173110849717084,0.3298459195848928,-1.9277155115691063,-0.31341198943721443,28780301.997978292
7402090013,7402090013,0.334960659344991,0.3440499929462112,0.008914361774086117,-0.30014552910616255,10518898.098363603
7402091007,7402091007,0.3686147332191467,0.3356747402208431,0.30836583100879533,-0.3079679301327732,28626131.244263213
7402091008,7402091008,0.2318503061930338,0.2879425953217593,-0.9085539619754092,-0.3525492689298675,4691311.35494967
7402091010,7402091010,0.6305806636810303,0.3158701466440757,2.639319374986441,-0.32646521949304186,25058922.119978547
7402092002,7402092002,0.2634598016738891,0.3477721433890492,-0.6272950006114785,-0.29666907837685325,3061479.913262325
7402092004,7402092004,0.172917380261777,0.3314756259373762,-1.432934793918831,-0.31188986024747356,6247967.945371203
7402111004,7402111004,0.3307008445262909,0.3282123394261285,-0.02898915656064707,-0.314937736722698,17922736.893726215
7402111005,7402111005,0.4589752852916717,0.3969161694931812,1.1123873643351498,-0.2507690568665354,5852348.219709233
7402111008,7402111008,0.1883834838867187,0.3099517328911359,-1.2953185436204786,-0.33199295785927346,33639970.73898262
7402111009,7402111009,0.1317654497483197,0.2946770575781989,-1.799101638984289,-0.3462593495452404,33331150.366861176
7402112001,7402112001,0.2868930816650391,0.3217298908789412,-0.4187874021383288,-0.3209922778611255,54384944.900873154
7402112002,7402112002,0.6417179107666016,0.3421420717033484,2.7384177788074844,-0.3019275081793022,14024172.417347576
7402112003,7402112003,0.637155294418335,0.3272054399269041,2.697819954777272,-0.31587817063373325,9806275.470675351
7403090012,7403090012,0.5619365572929382,0.4843259437037354,2.02852917499216,-0.16912921506816206,12715523.49038471
7403090013,7403090013,0.4262262284755707,0.4827060474790561,0.8209886701888398,-0.17064218169811854,5212142.020603974
7403090018,7403090018,0.2811706662178039,0.8222348436927903,-0.4697050330811283,0.1464742673400771,2664406.6533444077
7403090019,7403090019,0.2200775146484375,0.6176462240959588,-1.013307393557153,-0.044609426542936835,4545521.335661447
7403091009,7403091009,0.2073131203651428,0.935974005545093,-1.1268840332328338,0.2527054899209082,7385322.789566356
7403091010,7403091010,0.3300455212593078,0.597839868303281,-0.03482017469698253,-0.06310836179497728,5315686.757630116
7403091011,7403091011,0.4562485558646066,0.5998296165400849,1.0881251268362537,-0.06124995714013886,6091540.781662934
7403100013,7403100013,0.3259626924991607,0.4741508109312864,-0.07114888412549139,-0.17863268578780014,7980565.356123117
7403100015,7403100015,0.2923188045107085,1.5711401736838766,-0.37050972009984773,0.8459442432623866,688655.1388444279
7403100016,7403100016,0.2944857733590262,0.7713339436479398,-0.35122819097974634,0.09893334340351062,4329565.768108971
7403100017,7403100017,0.0900461822748184,0.5701474601051276,-2.170316606510986,-0.08897278994081999,5883135.603021057
7403100018,7403100018,0.4101411955697195,1.1600214828179083,0.6778652327602227,0.4619635593424939,1859404.4641283038
7403100019,7403100019,0.2718217849731445,1.272926128375066,-0.552890689441262,0.567415352175003,1514430.818568649
7403100024,7403100024,0.4550023555755615,1.290927357213226,1.0770365285016001,0.5842283171757324,1319191.0720634074
7403101010,7403101010,0.1302639007568359,1.6295913457075757,-1.812462311255619,0.9005370445828609,1483118.5190275207
7403101011,7403101011,0.3652150290352957,7.6707979087489,0.2781155137181042,6.542962648954656,3440593.301916436
7403101012,7403101012,0.3458379239452128,3.6971295257962753,0.10569946059959437,2.831596716787773,3760649.841209421
7403101013,7403101013,0.4382736844589872,1.480050662654793,0.928186045706132,0.7608675646292589,4000143.420580843
7403101014,7403101014,0.3372141474318784,1.4179674405930498,0.028965732703047063,0.7028824654429255,5841558.89494532
7403101015,7403101015,-0.0178756471723318,1.344503963762714,-3.1305970917590034,0.634268323825993,2141208.1672158195
7403101026,7403101026,0.4349097547859981,1.2212396868702522,0.8982540473767293,0.519140740489021,2328695.0098376647
7403101027,7403101027,0.2967190212673611,1.3690187452771831,-0.33135691566796943,0.6571648809060052,2177062.6247000536
7403101028,7403101028,0.2910352018144395,1.2486698048868807,-0.38193112229765347,0.5447601922678802,2960026.9823710267
7403102003,7403102003,0.1289104577720574,0.471916354512895,-1.8245051471937836,-0.18071964540015903,5990513.218615108
7403102004,7403102004,0.0685922937926157,0.4223692751565163,-2.36121172520646,-0.2269961145566003,18813346.29246254
7403102006,7403102006,0.4642822959206321,0.4112909517201938,1.1596087538177113,-0.23734315618782525,16433540.093491178
7403102009,7403102009,0.4003523588180542,0.5444987657141597,0.5907648847207557,-0.11292841013690347,5255422.47754127
7403102010,7403102010,0.2959694385528564,0.5090786064937274,-0.3380266474220127,-0.14601047929159225,7895520.857373791
7403102015,7403102015,0.5856414522443499,0.4996854613095984,2.2394535833653726,-0.1547835815418535,3793251.776435205
7403103001,7403103001,0.5027130514762036,0.9374358681359036,1.5015627846417008,0.25407085474106267,3404571.594417936
7403103002,7403103002,0.2665864159079159,0.911985152339976,-0.5994746175692796,0.23030014454302614,4593074.95197105
7403103003,7403103003,0.3885982118803879,0.8593504007898315,0.48617735147748253,0.1811398209011921,1985507.2076209607
7403103007,7403103007,0.4306062810561236,0.7928261917591749,0.8599620552677585,0.11900688496724983,716050.281851373
7403103008,7403103008,0.3268484528531733,0.9233985593950532,-0.06326745377055827,0.24096015087266648,3129407.6304773856
7403103009,7403103009,0.2360758697777463,2.706817349175062,-0.8709552085965928,1.9066551966826146,3738607.8216139735
7403103010,7403103010,0.0907178897302127,4.750158303892815,-2.1643398030735814,3.815114906021988,5154913.871136782
7403103012,7403103012,0.2711645371421089,1.2217030465633196,-0.5587388322067082,0.5195735137386881,7732669.160989838
7403103014,7403103014,0.2969944795822715,0.713731228068788,-0.3289059078814745,0.04513299178939064,1854020.2161250927
7403104003,7403104003,0.3138945579528808,1.5844428289405126,-0.1785302559712598,0.8583687882341425,905451.7523368916
7403104004,7403104004,0.3798006497896634,1.351618674340679,0.4078972923202424,0.6409133912829472,2380453.2070446713
7403104008,7403104008,0.4407606720924377,1.5779761462157944,0.9503150783929359,0.8523289722138591,1225470.3596190112
7403104009,7403104009,0.2166723715292441,1.0330640800665811,-1.043606106093705,0.34338663394300883,4520881.678239691
7403104010,7403104010,0.4917114575703938,0.9765727307918578,1.403671412817373,0.29062428717552113,4736876.160653566
7403105001,7403105001,0.2287658003510022,0.5766117456030299,-0.9359996676487636,-0.08293521290604788,7669106.649749979
7403105002,7403105002,0.4137224555015564,0.7113913755165414,0.7097310197169543,0.04294759325790852,3024540.7696602806
7403105003,7403105003,0.1997823715209961,0.7339233010183507,-1.1938920814783418,0.06399218295046871,3031074.4722377
7403105004,7403105004,0.3693091587546171,1.1424932461635509,0.3145447782485355,0.44559236423999693,4085126.919330281
7403105005,7403105005,0.2106894485088957,3.0573625910022555,-1.0968417142242655,2.234060894093616,1752914.3105909806
7403105006,7403105006,0.3113127498088982,7.624629602476573,-0.20150299457309165,6.499841919560111,8138594.703160592
7403105007,7403105007,0.0396726880421028,16.632127941028738,-2.6185362459780754,14.912753930831704,13314360.458844695
7403105008,7403105008,0.3708201457316841,0.6973112452946519,0.3279894290200632,0.02979689456091135,17724871.375363417
7403105009,7403105009,0.2806249398414744,0.8596107374345987,-0.4745608661610424,0.18138297268467476,14540660.50698896
7403105010,7403105010,0.3529913106956782,5.231968921361647,0.16934976874478339,4.265121131780921,47448183.52895715
7403130045,7403130045,0.1556716316574208,0.4336828693844391,-1.586386194095163,-0.21642933239430195,9567547.021392409
7403130046,7403130046,0.311838043689272,0.5031011327836765,-0.19682896833644278,-0.15159337905823603,8318186.0998434685
7403130047,7403130047,0.3298500234430486,0.4106195214681131,-0.036559699859074604,-0.23797026522744447,4708744.406982112
7403130048,7403130048,0.1801644271825053,0.7261574948390467,-1.368451104480819,0.05673899881126684,7112078.757114097
7403130049,7403130049,0.5270354747772217,0.425236139533009,1.7179819147616828,-0.2243184923310758,11099019.712825712
7403130055,7403130055,0.1014119608594715,0.543594277326266,-2.069184746252474,-0.11377319310955175,3698364.0287416913
7403130056,7403130056,0.309390171714451,0.3321445395102392,-0.21860995277534392,-0.3112651017606963,24572751.03850219
7403130059,7403130059,0.2665615487575513,0.4061244511877307,-0.5996958836406683,-0.2421686152389547,7087720.2085818825
7403130060,7403130060,0.2056242448775413,0.4273467379707774,-1.1419115228618122,-0.22234721481531144,14972171.812815044
7403130061,7403130061,0.3699401795394777,0.3896696091255628,0.320159554689888,-0.25753727068859206,8209114.322292302
7403131001,7403131001,0.2041040906053938,0.6152033350841385,-1.1554377435493934,-0.04689106008171694,5542405.908780448
7403131002,7403131002,0.3772332034562787,0.5811509022379702,0.38505234405073374,-0.07869568668691003,5472745.658740134
7403131003,7403131003,0.2510562393711761,0.9420988256187314,-0.7376609839150331,0.25842600969539997,3308748.9152451213
7403131004,7403131004,0.1786216735839843,0.358310252964532,-1.3821784123090408,-0.2868265910078325,34741160.43656995
7403131005,7403131005,0.3547628364759026,0.8889792644133715,0.18511267458670444,0.20881287875699556,1966224.277382439
7403131007,7403131007,0.2956835111441355,0.8679069141667006,-0.3405708084337261,0.18913151753629123,8147260.924672607
7403131008,7403131008,0.274188511173417,0.8412884696416212,-0.5318317341243505,0.16427016055907723,7574122.476836142
7403131009,7403131009,0.1520636275007918,0.4768218721336191,-1.6184899491932103,-0.17613794173930353,7827721.352118825
7403131010,7403131010,0.1891732287051072,1.4327022644860292,-1.2882914524257765,0.7166446413827929,1202103.3520570283
7403131011,7403131011,0.3114851163159643,0.9789473103835172,-0.19996929009556527,0.2928421204092937,1945611.8532486074
7403131012,7403131012,0.1785179093123445,1.2129305333625982,-1.3831016991513052,0.5113800754607688,613460.0225328719
7403131013,7403131013,0.3224413052672597,1.16675826764652,-0.10248192821044172,0.46825564798595287,949687.6040557786
7403131014,7403131014,0.3221191522544359,0.9222220397597122,-0.10534842197785961,0.23986129347634655,4558882.3119857535
7403131015,7403131015,0.3954745133717854,0.4114629688835529,0.5473621754069589,-0.23718249390342888,14222246.873354677
7403131017,7403131017,0.4171631336212158,0.3207546418900093,0.7403459200689426,-0.3219031505168383,20424647.33598414
7403131018,7403131018,0.4067665100097656,0.4499947608000158,0.6478375293412497,-0.20119419139745984,9949326.259931244
7403131019,7403131019,0.2420517848927065,1.0515216449685123,-0.8177819562917369,0.36062581219494083,5522102.94571101
7403132001,7403132001,0.4041068407168422,0.3959494307770025,0.6241719879740286,-0.2516719810138862,6654081.224707114
7403132002,7403132002,0.4003320581772748,0.4247296423980168,0.5905842511151326,-0.22479155551360372,4315862.337572998
7403132004,7403132004,0.1913874516898537,0.3716077625717121,-1.2685894594820697,-0.27440685202043386,8534927.127598755
7403132005,7403132005,0.3635928111330943,0.3534355147427914,0.26368113837176305,-0.29137954702248525,13746881.050879706
7403132006,7403132006,0.308886754901129,0.4721367941596932,-0.2230893184815711,-0.18051375700777694,8477299.096077692
7403132007,7403132007,0.3681854145829457,0.4072836217134836,0.3045457854220126,-0.2410859617348758,9062852.607573753
7403132008,7403132008,0.3480496613875679,0.463301673207675,0.12537933737027152,-0.18876567028986346,3935435.9096494825
7403132009,7403132009,0.2256365098596256,0.3685667956507816,-0.9638438638316376,-0.2772470842551131,16027500.14995955
7403132010,7403132010,0.3651294752233858,0.3447756647186636,0.277354262204518,-0.2994677590371328,17694464.758217014
7403132011,7403132011,0.454736833741679,0.344575924831317,1.074673934791034,-0.2996543140643146,4966619.835297789
7403132012,7403132012,0.348083659289355,0.3367591926927952,0.12568184819493758,-0.3069550625324662,19576637.904841613
7403132013,7403132013,0.34413246866529,0.4385982408593085,0.09052444520036941,-0.21183842533370326,4617006.667337123
7403132014,7403132014,0.3340290905957553,0.3153207442099828,0.0006253316942542325,-0.3269783557893895,12451204.569855161
7403132016,7403132016,0.4453185200691223,0.4521460811066576,0.9908704738042113,-0.19918488006954366,2715402.4763207175
7403133001,7403133001,0.2263819012644874,0.3433368451562316,-0.9572114260419232,-0.3008116019026961,34403556.338028245
7403133002,7403133002,0.2711917773035001,0.3769397996444315,-0.5584964512580814,-0.2694267835210999,20612592.09515137
7403133003,7403133003,0.1866117533494603,0.6215323285158685,-1.3110832713753984,-0.04097984446337259,2877792.551558103
7403133004,7403133004,0.220134122656026,0.4408158813215906,-1.0128036996772913,-0.20976717165364828,7793693.047122768
7403133006,7403133006,0.378871462992485,0.3628120275260664,0.39962945667428085,-0.28262197926578275,28019842.710874904
7403133007,7403133007,0.3007047743582928,0.3552457631309885,-0.2958919783902616,-0.2896887934041064,27834654.400271855
7403133008,7403133008,0.2955217080957749,0.3731496905691214,-0.34201052003415283,-0.2729667069232763,6355671.20241149
7403133009,7403133009,0.4122052192687988,0.4359597146960869,0.6962307635288227,-0.21430278198593986,4047319.550008418
7403133010,7403133010,0.3833466837228822,0.4555166505778514,0.43944964093720923,-0.19603680239878057,9226910.136396669
7403133011,7403133011,0.2568116987436346,0.3575309071656652,-0.6864493305607301,-0.2875544920726773,8057773.346061765
7403133012,7403133012,0.2061914835665671,0.6938446985545604,-1.136864274808851,0.026559175095282463,3639354.747048301
7403140003,7403140003,0.2793679854062157,0.5559370121066002,-0.4857451540961905,-0.10224520411831493,4744369.3652293775
7403140004,7403140004,0.1964450466234847,0.8840930980739751,-1.2235873524761516,0.20424924899646135,1445538.2752826696
7403140005,7403140005,0.2972120052971444,0.5567732995493867,-0.32697038010083773,-0.10146412013607517,3060437.8379257526
7403140022,7403140022,0.229574600754626,0.40579257955351,-0.9288030212609169,-0.2424785799764208,8686502.8148822
7403140023,7403140023,0.3038136467936441,0.8693446057814138,-0.26822946056521596,0.1904743069101352,3195579.34717539
7403140024,7403140024,0.2199768807723937,1.0085653025838692,-1.0142028263700953,0.3205050244661976,2796159.24742714
7403140025,7403140025,0.252612360512338,1.0001727114958936,-0.7238147326774983,0.3126664295849167,8171161.894416837
7403140026,7403140026,0.0847843702602222,0.6637996211610566,-2.2171358220537942,-0.0015026221965971055,11766178.718713986
7403140027,7403140027,0.3394715926226447,0.5164228518382927,0.04905231365070836,-0.13915102869268706,14106069.945439994
7403140028,7403140028,0.4227643879977139,0.4624057210537321,0.7901854687331463,-0.18960248050665474,13781822.587983903
7403140029,7403140029,0.2993596057726945,0.6656756237119257,-0.307861189334293,0.0002495451422335464,2444040.570243258
7403140030,7403140030,0.2679542096327967,0.7610229271672349,-0.5873040898032453,0.08930295867974442,1088397.3757889757
7403140031,7403140031,0.1782187468919389,0.4253164711090719,-1.3857636243216505,-0.22424346345449514,8199881.845034074
7403140032,7403140032,0.310261194951771,1.0350262030639608,-0.21085965219870692,0.34521923690465434,2018108.8292718818
7403140033,7403140033,0.2962659547785374,1.185097916208354,-0.3353882678973189,0.4853846935732266,1100974.6415207868
7403140034,7403140034,0.4054236344888177,1.2657228541990049,0.6358887219174927,0.5606875672164541,2671380.8218555553
7403140035,7403140035,0.4652957007998511,0.5154872225378234,1.1686259557513174,-0.14002489696156326,8994217.809795516
7403140036,7403140036,0.3153009108328955,0.5147391992308203,-0.16601663168441586,-0.14072354313696836,4905687.327282405
7403141001,7403141001,0.1652159736269996,0.366147194274519,-1.5014613426089451,-0.2795069673786798,6137333.779679943
7403141002,7403141002,0.2818743881670016,0.3671247107013575,-0.4634433670371313,-0.2785939769589794,5746861.629609284
7403141003,7403141003,0.3687826076579207,0.5278332560722917,0.3098595653936967,-0.12849382696745154,4354429.918026505
7403141004,7403141004,0.4276860735066664,0.5670196280043376,0.8339782636939608,-0.09189415337170206,2647948.9888900095
7403141005,7403141005,0.161838909092051,0.5736289254538688,-1.531510213972105,-0.08572113664615413,2801246.8194079627
7403141006,7403141006,0.243459053784714,0.7463208277649946,-0.8052601813976858,0.07557134708203452,3996753.627589431
7403141015,7403141015,0.2101571454104909,0.8069031986524817,-1.1015781079664184,0.13215466650705635,3707723.2277046735
7403141016,7403141016,0.2251590002216412,1.1817339329084138,-0.9680927094009097,0.4822427673195569,1651066.0441831446
7403141017,7403141017,0.2316232845771338,0.6105829587204877,-0.9105739835835954,-0.05120644470299246,6729057.4156900495
7403141018,7403141018,0.3162165990695455,0.8537610836260218,-0.15786890523527544,0.17591945540848197,4496034.087965295
7403141021,7403141021,0.1382656669673359,0.8624347085453407,-1.7412631851953722,0.18402053303540625,4047993.6261973437
7403141022,7403141022,0.2617918649659625,0.6381318308919406,-0.6421361785219686,-0.025476077749024773,5854178.801103467
7403141025,7403141025,0.2048736713033839,0.5384589512954527,-1.148590071212025,-0.11856953549259888,1765564.905095504
7403141026,7403141026,0.2368695477036188,0.4294283990559641,-0.863893120901344,-0.22040296449310948,10122909.463327173
7403141029,7403141029,0.2860698949212624,0.3325120299007629,-0.4261120571206716,-0.3109218694664164,2101752.097508696
7403141030,7403141030,0.1540777062857022,0.5879494720889675,-1.600568824590253,-0.0723458914597351,183138.2372027483
7403142001,7403142001,0.3210900263697778,0.6801558194134799,-0.11450550825932146,0.013773900936092058,3748681.086776922
7403142002,7403142002,0.321648898688567,0.5161216861205141,-0.10953270355217558,-0.1394323144158982,3241761.73345609
7403142003,7403142003,0.3488352777882869,0.5924277002795144,0.13236969420878936,-0.06816327178916377,5763267.706470537
7403142004,7403142004,0.2831307495532392,0.5636578326742363,-0.45226435600846904,-0.09503403608375281,2765908.5128981406
7403142005,7403142005,0.3958050720860455,0.5034278622006829,0.550303462486308,-0.1512882170994484,13452849.870217456
7403142006,7403142006,0.3465538016324207,0.6005912508346855,0.11206928750460347,-0.060538598440485626,3944537.061922356
7403142007,7403142007,0.3536644377848878,0.5484025976904138,0.17533920397925884,-0.10928227069966952,4160057.1904928377
7403142008,7403142008,0.4033138308904867,0.5686552167231239,0.6171158449790471,-0.09036653011154729,8191037.675830798
7403142009,7403142009,0.2885902629739817,0.6161006092412148,-0.4036860079231445,-0.04605301512741899,3850449.492345493
7403142010,7403142010,0.4443833662423062,0.4839170236176193,0.9825495439682665,-0.16951114227756406,5548625.67700764
7403142011,7403142011,0.4051386358403263,0.3867000365881383,0.6333528249458575,-0.26031082129381555,47371224.8321731
7403142012,7403142012,0.4110939755340647,0.3465460099874867,0.6863429986689634,-0.2978142745271847,40390279.857821226
7403142013,7403142013,0.4325366701398577,0.4404698313034988,0.8771385150770636,-0.21009037885772233,14025822.329556815
7403142014,7403142014,0.4819156353290264,0.4404050632603215,1.3165089084053245,-0.21015087155257645,12812071.91420821
7403142015,7403142015,0.322788331218969,0.7653897658152944,-0.09939411686580342,0.09338154164837033,1521029.3060042472
7403143001,7403143001,0.23078377815044,0.5041359901367287,-0.9180438499018748,-0.1506268327955314,5777363.231251854
7403143002,7403143002,0.2561261853866698,0.5636332964055066,-0.6925489778928993,-0.09505695270967371,2943271.1279766345
7403143003,7403143003,0.2365995389072448,0.6236063524473516,-0.8662956392734978,-0.03904272716520344,2008433.5634889638
7403143004,7403143004,0.156090475059614,0.611252438635099,-1.5826593563686213,-0.05058115725877142,1955082.7867851264
7403143005,7403143005,0.1756255744485294,0.579132030036486,-1.4088374816223046,-0.08058129282911655,1029622.3525946755
7403143006,7403143006,0.1600481757467032,0.8152706953081337,-1.547444027313015,0.13996982344328557,645853.3871108969
7403143007,7403143007,0.2302637488329952,1.3791726469721424,-0.9226710324455476,0.6666485220147889,851231.8809214192
7403143008,7403143008,0.1837709412800806,0.7904766135729435,-1.3363606078184234,0.11681240279235276,4033296.691565096
7403143009,7403143009,0.2502821760142439,0.7812961903557755,-0.744548542621324,0.10823798069984931,2946296.9746777904
7403143010,7403143010,0.2177392349153722,0.4863702709815575,-1.0341132343051838,-0.16721983414305558,3076526.5681136423
7403143011,7403143011,0.2057274307008681,0.5217606323344023,-1.1409933830100087,-0.13416559589420934,1651429.8806416036
7403143012,7403143012,0.1689594433729951,0.7184846313024691,-1.4681522246796925,0.04957262215689188,4693938.634175157
7403143013,7403143013,0.1694061511689865,0.9784269036340316,-1.4641774516305683,0.29235606578802825,1795195.8113843903
7403143014,7403143014,0.2077617962575305,0.7144645568881369,-1.122891748207012,0.04581791346249351,3292763.8680596026
7403150004,7403150004,0.4685340881347656,1.0515018796952844,1.1974408876082276,0.36060735163038726,1462895.911942847
7403150009,7403150009,0.2291525135869565,0.8584162373325906,-0.9325587217736208,0.1802673217150112,3170344.9785358943
7403150010,7403150010,0.3368025234841291,0.6888178329027382,0.025303133150118194,0.021864133605209737,3867949.0027861907
7403150011,7403150011,0.4089992677252863,1.2192754911252324,0.6677044429534899,0.5173062016021205,5356480.222308891
7403150012,7403150012,0.2684271738244189,1.3651317479513243,-0.5830956892807329,0.6535344648613485,1231563.4127805217
7403150013,7403150013,0.4935475777888644,4.175053436221885,1.420009075210597,3.2779727976230855,586739.9893952899
7403150014,7403150014,0.4430480436845259,2.590013365404946,0.9706679422541682,1.7975614615421733,519261.5759842732
7403150015,7403150015,0.2293739879283101,2.322500125600301,-0.9305880594055486,1.5477068111455987,1417000.8366625702
7403150016,7403150016,0.4385228931152706,2.7064778721642546,0.930403485964602,1.9063381286006205,825738.0546987437
7403150017,7403150017,0.350979741008137,1.1990883545646536,0.15145096990531232,0.49845162097824314,1725157.040359164
7403150018,7403150018,0.2674299515276234,0.9790328455255228,-0.5919688997884909,0.29292200936364243,3398301.845871245
7403150019,7403150019,0.2974705391936451,0.7401696153896281,-0.3246699645421273,0.06982617716564221,5974125.412043107
7403150027,7403150027,0.3179925371031854,1.3212595958517552,-0.14206673948761941,0.6125583201554339,2101673.704418491
7403150030,7403150030,0.2603117991907176,0.5980297211862728,-0.6553056947183852,-0.06293104112949784,3366210.5506554493
7403150031,7403150031,0.3922512192817958,0.5616548201023425,0.5186815421311112,-0.09690482949291622,5202145.266863475
7403150032,7403150032,0.4031451611871726,0.5063093922730411,0.615615034388874,-0.14859689726286004,1667222.442780078
7403150033,7403150033,0.4254252495255061,0.477518332918145,0.8138616185183699,-0.17548745443647054,17140269.87379506
7403150034,7403150034,0.356983099410783,0.538246627063934,0.20486841056159535,-0.1187678441694912,7287155.202245489
7403150035,7403150035,0.2936502357438809,0.4290215904945837,-0.3586627431053442,-0.2207829195598428,8508573.865314936
7403151001,7403151001,0.4781370529761681,0.309102483031353,1.2828873610877887,-0.33278614860740374,48823126.66752022
7403151002,7403151002,0.4589045904820261,0.3395530387996527,1.1117583271286944,-0.3043456386295577,23442958.2937785
7403151003,7403151003,0.3476875300939582,0.6248870432310929,0.1221571198065738,-0.03784657497374008,1780463.2976050193
7403151004,7403151004,0.379464915939425,0.4372223279741184,0.4049099572623338,-0.213123514001301,9485735.313491328
7403151005,7403151005,0.4208605196308928,0.4478359000405352,0.7732449883085204,-0.20321054543178285,4858127.830997367
7403151006,7403151006,0.4482053268609832,0.4789623219290737,1.0165570678983464,-0.17413878335848743,6914469.228078455
7403151007,7403151007,0.4102143116735702,0.385364725281831,0.6785158144640806,-0.2615579884988916,10246204.773631858
7403151008,7403151008,0.3256047188771673,0.6587535290132699,-0.07433410703354229,-0.006215621038728659,2973834.948284145
7403152001,7403152001,0.1669633210333921,0.807966433868087,-1.4859135741555838,0.13314771740531609,3098405.4812460393
7403152002,7403152002,0.4160334975631148,0.9116764957823904,0.730294501671165,0.23001186245147628,2123023.639531582
7403152003,7403152003,0.3114231654575893,0.9951896019056642,-0.20052052426799027,0.308012255812195,1445660.8612287713
7403152004,7403152004,0.2799942829459786,1.1619855624939694,-0.4801724047416433,0.46379798982216525,2144674.755939226
7403152005,7403152005,0.4776867230733235,1.315287030203166,1.2788803587988118,0.6069800044683726,308047.9828504518
7403152006,7403152006,0.1475883975252577,0.6918937023169602,-1.658310215718685,0.024736964414320998,2915366.605590052
7403152007,7403152007,0.1907320291994196,0.5916948810101784,-1.2744213605013601,-0.06884771754772707,5348996.802911508
7403152008,7403152008,0.2110986184828961,0.9011175054821696,-1.0932009499489117,0.22014987269751468,1420641.0962265928
7403152009,7403152009,0.4329778013271015,0.7752526421320768,0.8810636678725133,0.10259336800819423,1494789.3658642778
7403152010,7403152010,0.2144648667493027,0.6196175189688801,-1.063248320946146,-0.04276825714264106,1344338.6748648768
7403152011,7403152011,0.2822418212890625,1.5784051936162289,-0.4601739741945867,0.852729698130518,518996.882602903
7403152012,7403152012,0.1461833266614311,1.9216111510657767,-1.6708124327199636,1.1732805784353566,2276522.1438345797
7403170001,7403170001,0.3519987598542244,3.567172258949149,0.16051812450239855,2.7102179487750377,1434071.9754951508
7403170002,7403170002,0.1936157845162056,7.510126101883518,-1.2487619182075662,6.3928968123543735,1217028.6675270933
7403170003,7403170003,0.2240272075571912,4.313335955783197,-0.9781633171230522,3.407127267159546,1837434.2948621025
7403170004,7403170004,0.441543698310852,6.60941525516674,0.957282387980187,5.55164202481875,346474.6637556914
7403170005,7403170005,0.3861229464134074,5.599493576436188,0.46415262176407723,4.608385428803489,1686938.8611447313
7403170006,7403170006,0.1925616042370136,2.890710478231882,-1.2581419366452364,2.078409512485366,2837430.1397806685
7403170007,7403170007,0.0841539367999534,4.773828556562141,-2.2227453725242112,3.83722268173362,2179945.8630730086
7403170012,7403170012,0.2710612098317776,1.706019263959992,-0.5596582309994511,0.9719199443953728,2867492.843998505
7403170013,7403170013,0.3733282739845588,1.1226469378736437,0.3503065693805706,0.4270561137611102,6999462.9896977125
7403170014,7403170014,0.144764538815147,3.847668820514655,-1.6834367024202923,2.9721988898999334,2290805.78877917
7403170015,7403170015,0.1619406448379232,2.410079410064797,-1.5306049768026309,1.6295049738004206,2475610.236630837
7403170016,7403170016,0.4379409192866481,3.207727268697268,0.925225125725398,2.3744999766785244,1302955.0916033713
7403171001,7403171001,0.3195160330456093,0.6422840298891986,-0.12851078486417933,-0.02159796603539697,4585985.657237332
7403171002,7403171002,0.2489392884725569,0.7963525088386061,-0.7564974570047317,0.12230042932308119,4561508.935915717
7403171003,7403171003,0.161883635764176,1.5718539939744902,-1.5311122393396166,0.8466109441676857,1573693.3625604736
7403171004,7403171004,0.1945399484234655,1.0733100275515597,-1.2405387758659434,0.3809759403492319,3088117.739850146
7403171005,7403171005,0.3640794820718832,0.3309807387960143,0.2680115005204623,-0.31235207981380614,30936970.708337083
7403171006,7403171006,0.4830206180440968,0.3675805541576187,1.3263409631736147,-0.2781682237981905,25664777.223371122
7403171007,7403171007,0.4237924269687982,0.322706627667712,0.7993328837377277,-0.3200800156154661,45155459.12847137
7403171008,7403171008,0.1957115630275794,2.3457277182504246,-1.230113835459303,1.5694011468928266,2506139.033172875
7403180012,7403180012,0.4046004708053425,0.3665809227322189,0.6285642721240134,-0.2791018694020533,4569920.348473663
7403180013,7403180013,0.3054568721149619,0.346651142985024,-0.25360816275169396,-0.2977160813747112,16673035.178951424
7403180014,7403180014,0.1900018072747565,0.3392728389843231,-1.2809188213741636,-0.30460734241271065,14692181.956958992
7403180015,7403180015,0.2744310362078541,0.5121049875640528,-0.5296737642405277,-0.14318387009331426,1368807.599952782
7403180016,7403180016,0.3040945049207834,0.3566600609082047,-0.265730405647441,-0.2883678536370091,25143496.191175185
7403180017,7403180017,0.3060140212376912,0.4139874357118174,-0.24865069091610012,-0.23482466751220282,7878558.331472025
7403180018,7403180018,0.2165634014423076,0.3153924109610327,-1.044575713896843,-0.3269114197714125,67914924.20978083
7403180025,7403180025,0.1757878667894339,0.3565956425088105,-1.40739341633288,-0.2884280197681191,12638214.327030633
7403180035,7403180035,0.2151374324488658,0.3461859209424066,-1.0572638809153745,-0.2981505940399528,10736103.080344997
7403180042,7403180042,0.3147923045071271,0.3890431055897161,-0.17054217328995636,-0.25812241863130886,4865334.552687725
7403180043,7403180043,0.1694024278834333,0.3311047105617409,-1.4642105811510375,-0.31223629144307996,16336007.261823574
7403180044,7403180044,0.2163713760958373,0.2908021623390352,-1.046284341278653,-0.3498784623637745,24339030.39859641
7403181001,7403181001,0.3606797318016518,0.3280769790901746,0.23776077315655486,-0.31506416190240877,18705135.269204363
7403181002,7403181002,0.2718246142069498,0.3063469429318735,-0.5528655151273596,-0.3353597950882731,12108081.249833176
7403181003,7403181003,0.4537421778628701,0.3021698441572641,1.0658235600813912,-0.3392611629411844,55588199.7694346
7403181005,7403181005,0.3508859174004916,0.3014004763966322,0.15061613435870408,-0.33997974461960695,60308884.97246847
7403181006,7403181006,0.341297080924919,0.3113112259332592,0.06529537403712433,-0.3307232051584189,30355888.234248888
7403181007,7403181007,0.4365110099315643,0.3065915995840962,0.9125018976593562,-0.33513128825865623,44825665.70668926
7403181008,7403181008,0.382982325553894,0.3037348835244197,0.43620760880050025,-0.337799432059292,11277373.543974295
7403181009,7403181009,0.493543039156696,0.303910688421282,1.4199686907960318,-0.33763523207025364,8532230.899791654
7403181011,7403181011,0.4878091458921079,0.2914152063293472,1.3689489310802703,-0.3493058854999566,583587134.4929713
7403182001,7403182001,0.4641011763592155,1.18365975800987,1.1579971653076204,0.48404146841487716,2452991.3737668693
7403182002,7403182002,0.4918066614407957,1.029617558966473,1.4045185298402716,0.34016761822184,4862603.097970221
7403182003,7403182003,0.5176971727230172,0.6134279202409767,1.6348903912585957,-0.04854927952263515,5491853.4081158405
7403182004,7403182004,0.5039983076423624,0.6342191313563201,1.5129988992927352,-0.0291304993966905,3098726.4028798304
7403182005,7403182005,0.4944126983355371,0.4897383122737759,1.427706854080846,-0.16407411776579148,9626286.571952874
7403182006,7403182006,0.3411217300759938,0.589230939845556,0.06373511510566295,-0.0711490135835197,7203380.160907028
7403182011,7403182011,0.2877175402799323,0.5202257242135929,-0.41145143014052027,-0.13559918449788275,3800234.759605881
7403182013,7403182013,0.2765674896900452,0.4585847696624321,-0.5106637585994265,-0.19317121031887913,6162183.776844975
7403182015,7403182015,0.4932942227593686,0.9879385541079077,1.4177547408288451,0.3012398507759421,2487983.014387766
7403182016,7403182016,0.5222729500158138,0.5033338853971666,1.6756053204033552,-0.1513759904799551,2640299.9775711414
7403183001,7403183001,0.3196810966625548,0.2936983451672461,-0.1270420609647684,-0.34717345700196284,35105352.99256531
7403183002,7403183002,0.2123694240495245,0.3064268883758864,-1.0818934156675788,-0.3352851268551074,25788452.58468323
7403183003,7403183003,0.2270123677040717,0.3195391701508875,-0.9516015821239874,-0.3230383887826788,7959181.176239723
7403183004,7403183004,0.5501662890116373,0.3098068987781142,1.92379819522127,-0.3321282314505954,25522735.80547088
7403183005,7403183005,0.5465061233704349,0.3092317760938268,1.8912303110774678,-0.33266539019953323,25303176.262137704
7403183006,7403183006,0.3730210398399778,0.2836531132991917,0.34757282260334904,-0.3565556015955467,61793408.60040619
7403183007,7403183007,0.1955435583016095,0.3845231062182923,-1.231608729130072,-0.2623440521607916,2609067.2883202056
7403183008,7403183008,0.4274507410386029,0.2862973114915286,0.8318842927356825,-0.3540859473256943,189961019.16371086
7403183009,7403183009,0.5501662890116373,0.3098068987781142,1.92379819522127,-0.3321282314505954,25522735.80547088
7403184001,7403184001,0.2499402918127163,0.2936690036174705,-0.7475906030517612,-0.3472008617116012,33013466.458435595
7403184002,7403184002,0.2392009915335228,0.3080397551791113,-0.8431481055158783,-0.33377872563343225,36184895.92750016
7403184003,7403184003,0.2313407009988419,0.4523520836827386,-0.913088391438571,-0.19899247575465778,6802894.047128697
7403184004,7403184004,0.1918079151497505,0.5399269715196803,-1.2648482066014697,-0.11719841950534035,3825063.2151308088
7403184005,7403184005,0.1765940894227842,0.458789265595936,-1.4002197067549609,-0.192980213192866,5377242.567778902
7403184006,7403184006,0.2047832687619711,0.6332424843608763,-1.149394466363407,-0.03004267777629403,1535459.4356478371
7403184007,7403184007,0.2337622306316754,0.4447360570342121,-0.8915417992174067,-0.20610576733255578,7845389.259807262
7403184008,7403184008,0.2669033559473349,0.3042359852924107,-0.596654508455054,-0.33733140809477374,30988672.860258322
7403184009,7403184009,0.2285821661467676,0.2876374780584546,-0.9376336312653356,-0.3528342453564871,85965363.00393572
7403184010,7403184010,0.1815847640490739,0.4755282059043212,-1.3558130517121523,-0.17734621286520041,3989755.2413989045
7403184011,7403184011,0.1968008871384897,0.5296178284391325,-1.2204211097968867,-0.12682705449237697,5473892.116368507
7403185001,7403185001,0.2376429699464012,0.4957785020999226,-0.8570112667815117,-0.15843264178335817,2356385.0206646523
7403185002,7403185002,0.2555035434959747,0.551256795074498,-0.69808919955144,-0.10661647931646938,3436102.270286316
7403185003,7403185003,0.2649106349152079,0.6033539381941257,-0.6143855933476792,-0.05795827649136614,1626043.683639396
7403185004,7403185004,0.3420262651750423,0.5540946780508468,0.07178360175834286,-0.10396592542448325,4548065.618780758
7403185005,7403185005,0.2829924309143573,0.4145201271744265,-0.4534951050640104,-0.23432713909358463,19163341.68768103
7403185006,7403185006,0.2538241381455129,0.6741526353029393,-0.7130324245980402,0.008166987916382368,1457601.753066228
7403185007,7403185007,0.2451831995309804,0.593440617047995,-0.7899188596063074,-0.06721721780972574,5251314.281947817
7403185008,7403185008,0.2050168031001474,0.3934248523153204,-1.1473164950323536,-0.2540299116695911,13601428.791720307
7403185009,7403185009,0.2271845824588498,0.3291269565160068,-0.9500692279271366,-0.31408349364521454,16921252.417339467
7403185010,7403185010,0.1824082164314728,0.3003152638109526,-1.3484860330969248,-0.34099332215841943,102394877.97732666
7404010004,7404010004,0.492113598910245,0.3615427463228304,1.4072496368240341,-0.28380747502487513,39610951.95210776
7404010006,7404010006,0.3060714070305404,0.3905901653748883,-0.24814007636030672,-0.25667748049647465,7145952.209409783
7404010007,7404010007,0.1557014684741787,0.4974385201323353,-1.58612070829844,-0.15688220179226323,16881733.441461526
7404010008,7404010008,0.2722940223161564,1.0466874055538375,-0.5486887563641197,0.35611068165497595,2831964.0721766213
7404010009,7404010009,0.4208221435546875,0.3954195192040796,0.7729035208105254,-0.2521669130437567,12048272.328560844
7404010010,7404010010,0.4231276028398154,0.8609899155035654,0.7934173276314734,0.18267111100077435,2607716.8673095894
7404010011,7404010011,0.4832411429182214,0.3789043128127878,1.3283031772522533,-0.2675919481640253,30743678.271712624
7404010013,7404010013,0.435705546015886,0.4454683660552587,0.9053349390953702,-0.20542179814071512,22428183.854607295
7404010017,7404010017,0.1885082441876192,0.552898707301884,-1.2942084356571302,-0.10508294996347374,7818713.30453757
7404010018,7404010018,0.4534013837120821,0.2928058939637675,1.0627911988421053,-0.34800699736655927,73029379.3463007
7404010020,7404010020,0.1923353668580572,0.4721682246818378,-1.2601549801708922,-0.18048440121915146,6017286.346235843
7404010021,7404010021,0.3319595524522125,0.8108261125632092,-0.017789266194802054,0.1358186282773839,6467965.356039617
7404010022,7404010022,0.2706039042680966,0.6151021059289773,-0.5637273022044872,-0.04698560708503988,7345533.222255564
7404010023,7404010023,0.5045797539669932,0.2943818805233897,1.5181725658402943,-0.34653504191803025,15960309.74135806
7404011001,7404011001,0.1404303130251934,0.4432338665099778,-1.72200232409361,-0.20750879803315098,14474252.935654193
7404011002,7404011002,0.4212348629465816,0.4823376687714731,0.7765758675447271,-0.17098624367151435,32535039.17929907
7404011003,7404011003,0.445977155375961,1.712834141428656,0.996730962227105,0.9782849707719065,4372852.9991833195
7404011004,7404011004,0.3944062292575836,0.7927839341241862,0.537856662084737,0.11896741676513621,7417106.27507674
7404011008,7404011008,0.4337626581721606,0.4574836251449752,0.8880472662407437,-0.1941996681202433,9055181.725202082
7404011009,7404011009,0.3739405668950091,0.460693217586643,0.35575470657554886,-0.19120194136094715,12576277.634637669
7404011011,7404011011,0.2549822480399468,0.6501354966737847,-0.7027276481029188,-0.014264775760419792,5591050.993802943
7404011013,7404011013,0.4986117885958764,0.3400384927144542,1.4650700497703102,-0.303892229601074,41240000.84564667
7404011014,7404011014,0.2958181224776396,0.3156505244699079,-0.3393730467082309,-0.32667034437428555,80941235.37369984
7404012001,7404012001,0.2189779457139091,0.4871730667606592,-1.0230912769051428,-0.1664700310347168,7610564.914884095
7404012002,7404012002,0.3935623522158022,0.6001072575427698,0.5303479063554956,-0.06099064326202109,5092654.523898071
7404012003,7404012003,0.0893198282930863,0.4706307515258126,-2.1767796507126334,-0.18192038553967826,5603501.6409931425
7404012004,7404012004,0.3445197854723249,0.569802927347828,0.09397076160650791,-0.08929458003871618,4599324.658054619
7404012005,7404012005,0.4896682970451586,0.3538339566471013,1.3854915210321501,-0.2910074063285241,11591831.762167161
7404012006,7404012006,0.1557651460170745,0.639647444378754,-1.5855541102143953,-0.024060510137639886,4815031.275904529
7404012007,7404012007,-0.0050103572152909,0.7589345201999849,-3.0161226898137175,0.08735240777217414,1954479.6505718275
7404012009,7404012009,0.5279175043106079,0.424033824069659,1.7258301485496208,-0.22544144276889744,10601800.321484536
7404012010,7404012010,0.4980832981764023,0.2945163868001592,1.4603675809643115,-0.34640941442092793,42131563.20360543
7404013001,7404013001,0.2989511133724228,0.4392924071806459,-0.31149592460854186,-0.21119008103619674,15115027.81428766
7404013002,7404013002,0.3772197262994174,0.3597482386136472,0.38493242530216526,-0.28548352700884183,17562025.395844948
7404013003,7404013003,0.3338893647731538,0.3037473511925662,-0.0006179383783233855,-0.337787787383805,126653289.37328999
7404013005,7404013005,0.2677951191746911,0.429956311884185,-0.588719664975484,-0.21990989927050097,9667531.30778519
7404013006,7404013006,0.2954315060815629,0.3460396992945421,-0.3428131309092795,-0.2982871635747327,9328536.822223254
7404013007,7404013007,0.217886006173912,0.3547573448145239,-1.0328072744628327,-0.2901449711536513,23625923.008411087
7404020001,7404020001,0.3000714329537812,0.5673653550224224,-0.30152740353425334,-0.09157124784635573,20192333.78821917
7404020002,7404020002,0.1703375128251087,0.3958460326655935,-1.4558902642499987,-0.2517685538003271,58986798.70886605
7404020003,7404020003,0.1648944497108459,0.43951631499503,-1.5043222387205526,-0.21098095341049544,19665161.72757344
7404020004,7404020004,0.0665677234464805,0.4521115334382255,-2.379226202948033,-0.19921714724115885,33988618.55448239
7404020005,7404020005,0.1748383761914961,3.176369166380222,-1.415841913701734,2.3452118274368376,8800829.800528947
7404020006,7404020006,0.1280509084463119,7.065203779661985,-1.832153353750787,5.977343879895877,7648741.622246906
7404020007,7404020007,0.309558933064089,11.044871129856404,-0.21710832672293484,9.694312786569865,1020099.7741773005
7404020008,7404020008,0.1579336524009704,12.964967839936548,-1.5662589002160259,11.48766362249495,881562.9786986065
7404020009,7404020009,0.0553799885657483,1.0342967128182463,-2.4787738434497792,0.3445379004203599,5997482.971106578
7404020010,7404020010,0.228600886090615,3.679562260151195,-0.9374670625845258,2.8151890690041315,3293837.5011918964
7404020011,7404020011,0.0872388788860527,0.592696823509672,-2.195295785183291,-0.06791191342412087,35401874.14751911
7404020012,7404020012,0.2489335027763801,0.6124376850866063,-0.7565489377029426,-0.04947414910473987,30445062.55377556
7404030007,7404030007,0.2460699236162704,0.5746802831205375,-0.782028854041489,-0.08473917925802968,51868737.62272285
7404030011,7404030011,0.33559344073122,2.053551444068389,0.014544803916669362,1.2965114727472158,1709696.8770332616
7404030012,7404030012,0.1223753359339078,1.5413448969147243,-1.8826541797114946,0.8181157572178748,3330159.5813787365
7404030013,7404030013,0.2113792454562808,0.8133832668804833,-1.0907039518202104,0.1382069844515276,5545508.891225028
7404030014,7404030014,0.2009686957465278,1.1469285258758086,-1.1833362559443341,0.44973487046782495,4815988.169004005
7404030016,7404030016,0.4121012056512807,0.4601110392214343,0.6953052580253088,-0.19174569004424183,31364472.719069462
7404030017,7404030017,0.3640861511230469,2.599753558424597,0.26807084124624897,1.8066587029478591,837026.1835487387
7404030019,7404030019,0.1860942543412795,0.6463486855439408,-1.3156879394137084,-0.017801618915008883,19759538.64134569
7404030020,7404030020,0.2177028884327937,0.9383091729374632,-1.0344366426286558,0.2548865125606258,16250214.883609656
7404031001,7404031001,0.3838608685661764,1.3637692624956184,0.44402481978059155,0.6522619172765843,8080425.299166019
7404031002,7404031002,0.2687400182088216,1.928027061223984,-0.5803120230030178,1.1792729733939216,1766396.3811939573
7404031003,7404031003,0.2750897265333779,0.4012261313610467,-0.5238127862654285,-0.24674359623324302,49262896.95994783
7404031004,7404031004,0.3643318702434671,0.4844194268313924,0.2702572318717654,-0.16904190277589656,29393279.191729367
7404031005,7404031005,0.358156708186586,0.6948835102915475,0.21531109496096754,0.02752941471244048,4109758.044832541
7404031006,7404031006,0.142150281225519,1.0497144413255557,-1.7066981737981533,0.3589379023377088,3422312.6835337905
7404031007,7404031007,0.1316925094498259,0.9332650161014736,-1.799750656385037,0.25017532128006703,3434406.001412052
7404031008,7404031008,0.2192347699372716,0.9209236084646054,-1.0208060738920235,0.23864857182735535,2903499.9078117614
7404031009,7404031009,0.2804229402802681,0.7042947406405555,-0.47635824337053534,0.03631940832311262,13540720.662200393
7404060008,7404060008,0.6280629634857178,0.6061083705734964,2.6169170641875152,-0.055385664609833705,46805968.00834589
7404060009,7404060009,0.277375062306722,16.39500078481714,-0.5034780369693538,14.691279574055757,1503494.8789322942
7404060010,7404060010,0.3447595536708832,2.189501588737999,0.09610420136784291,1.4234875278112367,19945138.446387857
7404060011,7404060011,0.4277962292860065,6.441579141699402,0.8349584217007284,5.394884798578565,3300896.271059297
7404060012,7404060012,0.457385991243708,1.198441897705529,1.0982459430175309,0.4978478368341349,21012867.98630605
7404060013,7404060013,0.4125703802519437,1.2246765099605654,0.6994799390467358,0.5223506983674878,18676340.91799938
7404060014,7404060014,0.2303729283027754,0.7600976091025858,-0.9216995615692964,0.08843872100045293,30198324.447267845
7404061001,7404061001,0.2617798572450172,0.3540457079087287,-0.6422430223380453,-0.29080963279969396,55242274.90962535
7404061002,7404061002,0.327302369198413,0.3084104115303694,-0.059228539581448726,-0.33343253636396475,92649462.09590907
7404061003,7404061003,0.3169775266154179,1.037654272653337,-0.1510982280077667,0.3476738272230663,16791904.26785355
7404061004,7404061004,0.2656070936971636,0.7155270848444027,-0.6081885544305506,0.046810303787709756,38748286.14679369
7404070010,7404070010,0.1980662992243078,0.688353057852151,-1.2091615663103379,0.021430038425986685,2463383.673462133
7404070011,7404070011,0.1519828997280802,0.7808731092781867,-1.6192082589656593,0.10784282726816288,3500405.502880091
7404070012,7404070012,0.3189954193440834,0.4175212305054511,-0.13314316721434072,-0.2315241390472141,66614779.93286543
7404070013,7404070013,0.3482842445373535,0.3999097151939385,0.12746664094973387,-0.24797311557011553,135869165.36958385
7404070014,7404070014,0.3942963583340137,0.3033912821780269,0.536879038703621,-0.33812035222885617,116865083.44658709
7404070015,7404070015,0.3513462680945576,0.5044956680973139,0.15471230090949875,-0.15029089723150849,40546011.997892216
7404070016,7404070016,0.3714316497307947,1.250274983239543,0.3334305465400787,0.546259412554777,15521576.895354653
7404070017,7404070017,0.4119168892143349,0.4313904987049487,0.6936652239523485,-0.2185703833386279,7083868.672108234
7404070018,7404070018,0.3035913823725103,0.2902560859002992,-0.27020715300494824,-0.3503884922142217,66405449.535915256
7404070024,7404070024,0.3265063121421386,0.7481071499002776,-0.06631179660368655,0.07723975382307177,20726188.411252327
7404070025,7404070025,0.3307872461573697,0.2969283076143984,-0.028220361214574715,-0.34415670486432415,38456176.051040344
7404070027,7404070027,0.058488523229232,1.9573685836082404,-2.45111433109392,1.2066776574490932,12401473.133831583
7404070028,7404070028,0.4266349352490312,0.6406354725990094,0.8246253129399247,-0.023137701809595443,3075638.050173313
7404071001,7404071001,0.0572240749994913,0.4353527825134398,-2.462365298260122,-0.214869650483441,14986301.779045861
7404071002,7404071002,0.2851888681895307,0.3500180708675083,-0.4339513680533877,-0.2945714049108362,70673392.29386033
7404071003,7404071003,0.0555756241825397,0.5143223649022973,-2.4770330921487065,-0.14111286216843935,4959086.924758206
7404071004,7404071004,0.1514195657580288,0.4094408664804335,-1.62422076311694,-0.23907111702117223,14783800.33871777
7404071005,7404071005,0.4389768866482019,0.3431556157040656,0.9344430869641033,-0.3009808683713224,41232314.486638464
7404071006,7404071006,0.4923704262074404,0.3456628742305757,1.4095348671878927,-0.29863911435925,46528503.20235292
7404071007,7404071007,0.3072399020848806,0.3365106940660117,-0.23774289347766114,-0.3071871577273222,98158896.67072839
7404071008,7404071008,0.3458907960293273,1.1895626683043532,0.1061699125076992,0.48955472670828903,2082909.2102124037
7404071010,7404071010,0.1701029086550185,0.511308372361651,-1.4579777548665818,-0.14392790060575553,8088124.497511619
7404071011,7404071011,0.2956298328859918,0.6493534486874093,-0.3410484336189322,-0.014995200640967227,4207032.035551258
7404071012,7404071012,0.4358553821991044,0.5955974146171853,0.9066681704116456,-0.06520279077419003,2656330.1329610758
7404071013,7404071013,0.3265874808175223,0.7586026033380117,-0.06558956371175266,0.08704240079244631,2814782.298998527
7404071014,7404071014,0.2164049631141754,0.3076103805672723,-1.0459854864646365,-0.3341797571622214,83106508.81815664
7404071015,7404071015,0.4879744334887432,1.1033956455321892,1.3704196479344555,0.4090756021379511,1914322.0092567764
7404071017,7404071017,0.1998703956604003,0.3226004747796745,-1.193108849172759,-0.3201791613353137,56330522.42001895
7404071018,7404071018,0.2260103452773321,0.6237744321769708,-0.9605175038342482,-0.03888574240395043,3876899.752106235
7404071019,7404071019,0.4726130426289111,0.6095053926780394,1.2337351241033636,-0.05221288044804853,2410474.3648716356
7404072001,7404072001,0.3572060267130534,0.3664758469802765,0.20685200126883124,-0.27920000908772225,22399548.317858145
7404072002,7404072002,0.2091355125109354,3.075743310674252,-1.1106685222186243,2.2512282996808604,1426763.3865155587
7404072003,7404072003,0.2544889332369863,0.4051986420978922,-0.7071171268654051,-0.2430333115307887,28259172.35428621
7404072004,7404072004,0.2991134980145623,0.3405075016987104,-0.3100510380295307,-0.3034541799707836,19024930.37716261
7404072006,7404072006,0.3423967853282232,0.3198725493918084,0.0750804627762981,-0.32272701595585873,31502887.85199039
7404072007,7404072007,0.3998226482925844,0.3488865390472418,0.5860515595015218,-0.2956282441445569,18443905.298908886
7404072008,7404072008,0.335698127746582,0.8896856632821051,0.015476301264573382,0.20947264812959504,1535638.9012470697
7405010001,7405010001,0.3852224525498466,0.3122670245810366,0.45614009372695324,-0.3298304989239001,22400692.23421543
7405010002,7405010002,0.3828812925735172,0.38234732201451,0.4353086247866147,-0.264376212520299,27875236.225001894
7405010005,7405010005,0.3952720535577091,0.761174105839427,0.5455607029013467,0.08944415802492664,6512453.669311588
7405010006,7405010006,0.4132655251597444,0.7347001387293739,0.7056652872084572,0.06471774148672778,6225770.262627242
7405010007,7405010007,0.3740673329703449,0.4491857714926048,0.35688266177200945,-0.2019497791983678,20534858.07820029
7405010008,7405010008,0.4361325280141022,0.6199485079205463,0.9091341934495598,-0.0424591168217205,14586918.082927406
7405010009,7405010009,0.3433608095586235,0.500833033092893,0.08365827933576439,-0.1537117611454895,12153145.406781232
7405010012,7405010012,0.3252126422947543,0.3740309637161526,-0.0778227755702292,-0.272143606749931,19820957.020351607
7405010013,7405010013,0.3012672829616521,0.3814591444798972,-0.2908868182909825,-0.2652057613215577,23132594.529992066
7405010014,7405010014,0.3360344737063172,0.5341550898544655,0.018469082827676377,-0.12258929838911366,4825176.073549293
7405010015,7405010015,0.3430007900514135,0.3788082514997652,0.08045485229182506,-0.2676816684552506,15785161.73670507
7405010016,7405010016,0.392904801105135,0.4245670635866153,0.5244970650302369,-0.2249434024730824,29980527.79913868
7405010017,7405010017,0.4713732512100883,0.3443511986642852,1.2227035514236537,-0.2998642060230815,8905908.678538918
7405010038,7405010038,0.5453614755110308,0.3697346599615011,1.8810453187779719,-0.2761563108441277,9183465.966639157
7405010040,7405010040,0.3768373581517212,0.3161824543790075,0.3815301417021369,-0.3261735272389145,76026048.93964939
7405010041,7405010041,0.4062603441543511,0.6326718925242109,0.6433337028610708,-0.03057560475954647,3965950.0522271213
7405010042,7405010042,0.4230878512064616,0.301184611088251,0.7930636205273414,-0.34018136062634263,13023057.37316005
7405010043,7405010043,0.3700531954303302,0.425168495824789,0.32116516175811993,-0.22438167086788835,5237771.052212502
7405010044,7405010044,0.2725243184469987,0.4874264087522232,-0.5466395983632883,-0.1662334121863218,7020072.694113153
7405010045,7405010045,0.3653305542222075,0.8319644813509163,0.2791434483177524,0.15556165014524845,2475815.0508122803
7405010046,7405010046,0.3211755592729792,0.4200388838506685,-0.11374444278988242,-0.22917267637998898,3441159.7289937986
7405010047,7405010047,0.3569380803710481,0.5376974848258588,0.20446783446365993,-0.1192807374453996,6268683.15585004
7405011001,7405011001,0.3625936264756452,0.3732037050231959,0.2547904669235233,-0.27291625797148233,5427696.926340982
7405011002,7405011002,0.4593861730475175,0.4135368198624383,1.1160434133067743,-0.23524553814123034,12606297.2465258
7405011003,7405011003,0.1705119521529586,0.3560029398957806,-1.454338115965892,-0.288981597992045,7617281.742274073
7405011004,7405011004,0.3106115072263501,0.3596318975070645,-0.20774259939535455,-0.285592188421388,20916795.081706174
7405011005,7405011005,0.3651153306357538,0.3760570968120702,0.2772284047061373,-0.27025121900603044,14777920.01175771
7405011006,7405011006,0.176769099868733,0.4578034264259981,-1.3986624767040985,-0.1939009769701354,11775914.295110261
7405011007,7405011007,0.1715453806469077,0.3634112690011256,-1.4451427453840346,-0.2820622938110988,20807892.938180175
7405011008,7405011008,0.1677295055745773,0.3058706055810727,-1.4790961205711894,-0.33580468933852436,18662004.791061223
7405011009,7405011009,0.163823810870208,0.6313739176127162,-1.5138487042250741,-0.031787900150876805,6738062.881524352
7405011010,7405011010,0.2062246882006726,0.6760298578742945,-1.1365688224215569,0.009920294741962345,4347555.728913229
7405011011,7405011011,0.3470532087318797,0.3624133524165323,0.11651297507236885,-0.28299433777105604,4477320.1434432
7405011012,7405011012,0.3741829638765956,0.4711248434805929,0.3579115370545442,-0.1814589086695407,9541291.143893164
7405011013,7405011013,0.5314353704452515,0.4590194480602594,1.7571318621706578,-0.19276522510781668,5070950.209718524
7405011014,7405011014,0.4016096239375969,0.3786582354209656,0.6019519371017675,-0.2678217819500059,10449868.573282365
7405011015,7405011015,0.3437277672626718,0.2905216262996102,0.08692344194386797,-0.3501404801768195,18630886.899954595
7405011017,7405011017,0.174172208550271,0.3610192019160783,-1.4217694242809114,-0.28429646018617655,3300382.4912658413
7405011018,7405011018,0.2035383846753947,0.3912172067174759,-1.16047135322549,-0.2560918302477212,8754785.811350698
7405020001,7405020001,0.373017843197975,0.5177417285480236,0.3475443791183807,-0.13791921123398246,19451032.971756745
7405020002,7405020002,0.3595012516647096,0.5535983700506433,0.2272747437447554,-0.10442947205855051,12622950.783423543
7405020003,7405020003,0.3828860198786826,0.4535736945850365,0.43535068799960297,-0.19785150357273074,12431731.285894983
7405020012,7405020012,0.3771086132738546,0.5406403268598029,0.38394374978905144,-0.11653215285908006,7187676.641390004
7405020013,7405020013,0.3739615501241481,2.0486625607937983,0.3559414138020934,1.2919453053967904,4142829.3148535974
7405020014,7405020014,0.3610957760574358,1.1472654966931597,0.24146270428462718,0.45004959779057196,7102399.056353975
7405020015,7405020015,0.3391863027763188,2.492844766022616,0.04651382562220117,1.7068069760971676,15214562.427885208
7405020016,7405020016,0.2869722023988381,0.5695390900675678,-0.418083391679695,-0.0895410013802137,5449076.772061718
7405020031,7405020031,0.4382100449564959,0.5264423702526815,0.927619786102803,-0.1297929002038044,11169932.45442213
7405020033,7405020033,0.2901452357075604,0.4615888753701527,-0.38984997513165437,-0.19036540608315228,5027066.3628337
7405021001,7405021001,0.3839542488296906,0.5353882476286861,0.4448557104837917,-0.12143754154602539,7318375.044127386
7405021002,7405021002,0.4836969442300863,0.3598408533097313,1.3323588637354837,-0.28539702582284976,19746212.79916794
7405021003,7405021003,0.3977482835364811,0.4403578418809598,0.567594014769594,-0.21019497584154653,8241209.045608512
7405021004,7405021004,0.3675352931022644,0.4682475092982879,0.29876105239685113,-0.18414630958741277,6898674.0296191815
7405021005,7405021005,0.4403605703418335,1.0621750804118155,0.9467550025010895,0.3705760127538097,6582949.987006532
7405021006,7405021006,0.3822791456860083,0.5410479597441193,0.42995076615606936,-0.1161514278830923,7462831.301563684
7405021007,7405021007,0.4223372354870141,0.4597970602857409,0.7863846971714431,-0.19203894318291584,5102210.067497591
7405021008,7405021008,0.4156778895191126,0.5128409543482982,0.7271303275017515,-0.14249648458777656,3195681.238455649
7405021009,7405021009,0.5958591348984662,0.3803700168195801,2.3303697706415525,-0.2662229955003389,12205921.510670265
7405021010,7405021010,0.4257391293843587,0.5998428080048713,0.8166544983714322,-0.061237636445937584,3464550.832457266
7405021011,7405021011,0.4093381309078724,0.5200076132101908,0.6707196225800163,-0.13580289796097142,4123457.4541902295
7405021012,7405021012,0.370042474472971,0.3721742146355399,0.321069767469606,-0.273877791542988,13785781.18629023
7405021013,7405021013,0.441354281321784,0.334861481206879,0.955596969570323,-0.30872750579625907,23553875.70577346
7405021014,7405021014,0.4496121595134842,0.3239252778164658,1.0290749611654173,-0.31894180874729405,17512291.30180248
7405021015,7405021015,0.3418519794940948,0.3351071601814464,0.07023282061305083,-0.30849804412795007,7524588.989113439
7405021016,7405021016,0.3651191955670463,0.5844746120973545,0.27726279457995645,-0.07559137541789558,6499562.0812672125
7405022001,7405022001,0.3848856268359616,0.4650932716671684,0.45314304334678074,-0.1870923355155747,10466313.438144038
7405022002,7405022002,0.3969687227559337,0.4290058702046292,0.5606575403931011,-0.22079760215108046,4617261.417827968
7405022003,7405022003,0.4146946183170181,0.4570058930499956,0.7183812528065333,-0.1946458650473992,7856529.353043744
7405022004,7405022004,0.4162880461377701,0.5443409088718232,0.732559456129789,-0.11307584682520903,3918025.020868333
7405022005,7405022005,0.4918135525773607,0.4922556759496672,1.4045798466655928,-0.16172292564677646,6509671.085959992
7405022006,7405022006,0.1990539630254109,0.4867272621058687,-1.2003734065928486,-0.166886408056838,2704278.9631122653
7405022007,7405022007,0.4069051778907243,0.4417770637403133,0.6490713859270532,-0.2088694370317183,10485602.40591289
7405022008,7405022008,0.4103125988966486,0.3861429491161626,0.6793903669318707,-0.2608311353375334,8177658.649107502
7405022009,7405022009,0.3642521404757874,0.6454551743219744,0.26954780227454345,-0.01863614932611245,6031279.159658515
7405022010,7405022010,0.3724374299002166,0.4349492050056477,0.34237990436780436,-0.21524658777892197,12605876.520846328
7405030011,7405030011,0.3079993723249278,0.7754254422203114,-0.23098518324999043,0.10275476153647674,5831226.148185228
7405030012,7405030012,0.3748103567545445,0.5787751073025005,0.36349403264755065,-0.08091465503946416,7027338.307781022
7405030013,7405030013,0.2878105214582587,0.4717233272630574,-0.4106240904679109,-0.18089993089204873,4278822.447481175
7405030014,7405030014,0.3961541851665658,0.3398091965242222,0.5534098449492986,-0.3041063899151187,19666765.458969563
7405030015,7405030015,0.396234560684419,0.45310761043707,0.5541250203839765,-0.19828682143561707,5415915.534615958
7405030016,7405030016,0.3722386001851517,0.6891311526112943,0.3406107322156796,0.02215677103242943,3473892.700460317
7405030017,7405030017,0.3217298926376715,0.4225049599547679,-0.10881202536179797,-0.22686938633239712,15184100.543185238
7405030018,7405030018,0.3922928052070813,0.4126588668632163,0.5190515706296758,-0.23606553733022534,10712247.53411953
7405030019,7405030019,0.430900510152181,0.4054731394080361,0.862580084081609,-0.24277693382959195,24519056.269710217
7405030020,7405030020,0.5201929843786991,0.7320305493325757,1.6570979394449388,0.0622243720896598,5366170.002060484
7405030021,7405030021,0.3342047533446067,0.3930716000326924,0.0021883658882735245,-0.2543598457156303,21991190.037250847
7405030022,7405030022,0.2341429462878613,0.6113643463654015,-0.8881542193650585,-0.05047663657466692,9068089.891371453
7405030030,7405030030,0.3438044907546205,0.6022497794923096,0.08760612192117974,-0.05898954951032426,2399039.675465303
7405030032,7405030032,0.3573162940240675,0.3374241042401036,0.2078331516762145,-0.3063340418969316,21220704.750700925
7405030033,7405030033,0.2445674147855439,0.838982023626191,-0.7953980668916663,0.16211596339386508,5091664.849079253
7405031001,7405031001,0.3386286694647125,0.5981804623641631,0.04155204550966162,-0.06279025039955248,4288635.07929604
7405031002,7405031002,0.2926315634157571,0.3711586129327662,-0.3677268144111266,-0.2748263532238005,18539813.49181714
7405031003,7405031003,0.3502501249313354,0.3466573436914849,0.14495889982213317,-0.2977102899778213,4519513.7683760375
7405031004,7405031004,0.3750881067303379,0.3791521360198981,0.36596543146370125,-0.26736048380428773,8946159.461324057
7405031005,7405031005,0.3533047846180642,0.4180129606193579,0.17213903660508081,-0.23106486811247692,10091700.820651446
7405031007,7405031007,0.3563908021072651,0.3902031490831241,0.19959819280354865,-0.2570389497843018,12111228.278647281
7405031008,7405031008,0.3567283166318752,0.3670717795606482,0.2026013721707922,-0.2786434141070872,16170753.2869902
7405031009,7405031009,0.3131203827555807,0.3941447064168858,-0.18541880982490241,-0.25335757524611346,8535489.147311654
7405031010,7405031010,0.0263304459421258,0.3637169916405319,-2.7372545329427775,-0.2817767519693456,15722508.789883478
7405032001,7405032001,0.3506908289970347,0.3940507393753826,0.14888025212155592,-0.253445339508999,15292489.467726437
7405032002,7405032002,0.3189442348857484,0.3752641950428158,-0.13359860275262656,-0.270991781209608,19742415.525228757
7405032003,7405032003,0.3969800625628198,0.3311991133423362,0.5607584411591,-0.31214812020430566,91532412.30824885
7405032004,7405032004,0.3338094291539726,0.4957327597136695,-0.0013291996270357778,-0.15847536470777834,6673428.7522261785
7405032005,7405032005,0.3276168445730247,0.5004972629074974,-0.056430360873047855,-0.15402536709017794,4006456.7447050065
7405032006,7405032006,0.2766881433086418,0.3416459393971686,-0.509590191592581,-0.30239089071693487,33252467.825464897
7405032007,7405032007,0.3223450801108397,0.4032114408498624,-0.1033381325610672,-0.24488933732396703,12033981.659652181
7405032008,7405032008,0.2996806117466518,0.4016879884646749,-0.30500490183418005,-0.24631222638685907,6244941.143625777
7405040017,7405040017,0.3624777851799721,0.334267293624353,0.2537597196114125,-0.3092824709666201,37482257.32080813
7405040018,7405040018,0.370509190345878,0.3461196423726949,0.3252225709126531,-0.2982124975512564,14540928.064629246
7405040019,7405040019,0.4041311475965712,0.4090633121971695,0.6243882687985901,-0.23942374888911094,18574389.050263144
7405040020,7405040020,0.3488666626036391,0.6902609982216138,0.13264895398292603,0.023212035363176682,5544617.0597512
7405040021,7405040021,0.3197932677861501,0.4032922548599143,-0.12604397057333694,-0.24481385785893786,20895881.564634234
7405040022,7405040022,0.4514511042627795,0.4948461527661543,1.0454377560257688,-0.15930344659663123,9547316.070403239
7405040023,7405040023,0.2858802667762629,0.395839251976243,-0.4277993543804533,-0.2517748868953483,15554123.768930439
7405040024,7405040024,0.2901535517052759,0.5116536911573036,-0.38977597999681957,-0.1436053763560169,4637058.335863035
7405040025,7405040025,0.4240810450385598,0.3282336783915699,0.8019009860530961,-0.3149178063455918,29931749.87203514
7405040026,7405040026,0.5569228172302246,0.2942700526652773,1.983917285395832,-0.34663948800232003,19786064.039525345
7405040027,7405040027,0.3333333432674408,0.2881512113214853,-0.005565376760804413,-0.3523544237038266,39269471.57651238
7405040028,7405040028,0.2050159568846885,0.2901692102289347,-1.147324024595146,-0.3504696332093836,21418114.94720411
7405041001,7405041001,0.3558464406806731,0.6305703169888764,0.19475450494581054,-0.032538454976030806,12375463.3686956
7405041003,7405041003,0.4084452521906166,0.3380317759962841,0.6627748535535247,-0.30576648264525785,29601976.843476698
7405041004,7405041004,0.2831170550847458,0.3611389660113208,-0.4523862083799257,-0.2841846017369696,9227868.165683355
7405041005,7405041005,0.3983008961748242,0.5174982898907449,0.5725111213014304,-0.13814658046868578,14570506.501117628
7405041006,7405041006,0.3296059760178509,0.4228024059082602,-0.03873121586369461,-0.2265915748312693,14891723.020733597
7405041007,7405041007,0.316906503686216,0.3903435673746498,-0.15173018479785383,-0.2569078005254312,24095724.409735348
7405041008,7405041008,0.350299264931693,0.4839841165045279,0.14539614392400044,-0.16944847820226488,5355327.374435768
7405041009,7405041009,0.3673612271613191,0.4577998450879215,0.29721222648190515,-0.19390432190354404,8836305.586039905
7405041010,7405041010,0.3471843313663564,0.5950082965479475,0.11767969461101346,-0.06575302107060153,11686919.658528823
7405041011,7405041011,0.273271035701696,0.6582267524429248,-0.5399953632594449,-0.006707625008015509,7669326.926205396
7405041012,7405041012,0.3050020107471299,0.7710895372558912,-0.2576554856821878,0.09870507031435592,9483842.470092602
7405041013,7405041013,0.4344639480113983,0.4710867526216678,0.8942872915495483,-0.18149448514510874,19206227.098751716
7405041014,7405041014,0.2327277194398417,0.373667384096898,-0.9007468035652533,-0.2724831864235446,41185162.124272816
7405041015,7405041015,0.2143696203295351,0.4257727895562235,-1.0640958165701648,-0.2238172666570363,9829004.850534933
7405041016,7405041016,0.1735866338732276,0.3575709398360804,-1.426979824604004,-0.2875171019648893,35201597.947885506
7405041017,7405041017,0.3850260343218825,0.3471683571931323,0.4543923788093395,-0.29723300855468393,14754021.048372222
7405050003,7405050003,0.1581136499132429,0.3017038816025127,-1.5646572956165308,-0.3396963672372421,15711248.981529066
7405050004,7405050004,0.2812862171846277,0.4765409456154743,-0.46867686909372314,-0.17640032425550894,1801473.2363432462
7405050005,7405050005,0.377854862475442,0.363345301484852,0.3905838201908158,-0.2821239068016487,7635068.953237758
7405050006,7405050006,0.3146624711710979,0.3391311453646094,-0.1716974207460284,-0.3047396828151626,10881541.577808462
7405050007,7405050007,0.2686482117825817,0.3984483989761836,-0.5811289098181335,-0.2493379700833823,3170276.2394872177
7405050009,7405050009,0.5913670539855957,0.2955393962685753,2.2903995657174687,-0.3454539339622032,51869205.34682189
7405050010,7405050010,0.1891658467457706,0.3513264646683429,-1.2883571365559485,-0.2933493783826266,18651985.90957388
7405050011,7405050011,0.2726094325383504,0.5536336199525547,-0.5458822594508241,-0.10439654900799415,2253998.46915285
7405050013,7405050013,0.1632286310195922,0.3229967267922027,-1.5191445706747722,-0.3198090659780467,20750449.841965806
7405050014,7405050014,0.2101242144902547,0.342721620894281,-1.1018711248678748,-0.30138621511809216,20285421.489137545
7405050015,7405050015,0.319598776953561,0.3075667937054702,-0.12777453566894081,-0.33422046684868556,31646815.83727601
7405050028,7405050028,0.2346980994659855,0.3442838144676586,-0.8832145072974723,-0.29992714217870015,7156055.9956904445
7405050030,7405050030,0.260435406366984,0.2985830028757161,-0.6542058471730531,-0.3426112362873995,16513412.192647971
7405051005,7405051005,0.3933705416592685,0.3078982233264623,0.5286411901587126,-0.333910914947088,20905981.162757717
7405060005,7405060005,0.2422212820786696,0.2961317178083804,-0.8162737828219337,-0.34490071165680086,12601660.639736185
7405060006,7405060006,0.2567859888076782,0.2951207879874049,-0.6866780956762062,-0.34584490984743904,10093153.618190385
7405060008,7405060008,0.4516400269099644,0.2963495422478171,1.0471187758179872,-0.34469726584154686,73846506.43312639
7405060009,7405060009,0.221594146319798,0.328673584540862,-0.9998125167117805,-0.31450693846772926,58758344.66563067
7405060011,7405060011,0.3355406176659368,0.3295152752929871,0.014074788174513306,-0.31372080784941736,27883693.698214266
7405060015,7405060015,0.012193139642477,0.3708260037070212,-2.8630472425648352,-0.2751370068642629,21327498.735647168
7405070001,7405070001,0.2958365167890276,0.3318676298827142,-0.3392093754810477,-0.3115237325418391,14460315.174717179
7405070003,7405070003,0.3716535515275014,0.3815102364571019,0.3354050123743823,-0.2651580419334935,16037093.474206524
7405070004,7405070004,0.3688221140804454,0.3521064663342419,0.310211090629942,-0.29262086474463145,15390925.594961861
7405070023,7405070023,0.0869305034478505,0.5236276274016408,-2.1980396871070473,-0.13242184145365282,3263107.560923109
7405070024,7405070024,0.3008211319590988,1.0415093398459434,-0.29485663703312653,0.35127442084739435,11921062.008997412
7405070025,7405070025,0.5757859945297241,0.3971435229568628,2.151760446907037,-0.2505567110393677,17048604.384193107
7405070026,7405070026,0.2557507276535034,0.5551797805568345,-0.6958897731336966,-0.10295245069898559,7714542.659842282
7405070027,7405070027,0.3935149847137971,0.537482668997513,0.5299264338133465,-0.1194813732484357,3548080.542108389
7405070028,7405070028,0.3855654708275388,0.4426441916571427,0.4591922450835283,-0.20805954835979037,12531598.39404163
7405070029,7405070029,0.3811064141246438,0.5746628061756301,0.419515887146126,-0.08475550254716119,6157278.199839749
7405070030,7405070030,0.4147337342941714,0.5833483106836681,0.7187293038886371,-0.07664332950496541,6834150.7416452
7405070031,7405070031,0.4323700011483294,0.3235790656246994,0.8756555066729209,-0.31926516741993394,55011634.8272864
7405070040,7405070040,0.3609494482472369,0.3265242008193702,0.24016069021293374,-0.316514441044774,31892923.95940326
7405070041,7405070041,0.3647333218906465,0.4561194046008209,0.27382931904385927,-0.19547383626000497,13732952.826467916
7405070044,7405070044,0.1296284794807434,0.6600533651828766,-1.8181162429436637,-0.0050015872512156525,619499.3740162278
7405071032,7405071032,0.058749849597613,0.4237091658999391,-2.448789068326206,-0.2257446702037451,27056076.000935234
7405071033,7405071033,0.269886901413185,0.888859590990058,-0.5701071407688058,0.20870110499444983,11343411.80286252
7405071034,7405071034,0.4731843130929129,0.6372809421919723,1.2388182465929447,-0.026270799157251997,17991519.87893623
7405071035,7405071035,0.2672975503815633,0.5154453724226807,-0.5931469954289865,-0.14006398454427754,41661329.19191402
7405071036,7405071036,0.2151829154191616,0.8637422994220699,-1.0568591767974966,0.18524180964065212,21251280.484520853
7405071037,7405071037,0.0450052469968795,0.9626508556274088,-2.571087529375154,0.27762139709569433,7498699.599107937
7405071038,7405071038,0.5920623370579311,0.7369962228086626,2.2965861432570374,0.0668622607087699,9960474.051541714
7405071039,7405071039,0.3636846542358398,1.119124386974343,0.2644983515317228,0.4237660869792895,1921475.6251686697
7405071042,7405071042,0.3029267787933349,0.3451331732675131,-0.2761207466752693,-0.2991338496816489,18019611.607738297
7405071043,7405071043,0.0926915009816487,0.941823937117551,-2.146778755601272,0.2581692666257462,11548895.128613377
7405080005,7405080005,0.4391081730524699,0.7056383266747456,0.9356112637142825,0.037574304040032744,12828778.029224582
7405080006,7405080006,0.1838220164086863,0.706347529646149,-1.3359061450880114,0.03823669241606084,5235279.180861811
7405080007,7405080007,0.2057569323623007,3.148918980799737,-1.1407308794006719,2.319573632757046,1201357.5847913357
7405080008,7405080008,0.2837450958185175,1.7890721268323906,-0.4467979482135508,1.0494904752317964,3789428.081657436
7405080009,7405080009,0.2134058387248048,1.593568438854145,-1.0726714742642993,0.8668920152575645,3852863.9857279593
7405080010,7405080010,0.2197312000325967,1.022568235874329,-1.0163888754876549,0.33358362201288116,3073912.0871459316
7405080011,7405080011,0.2917016607268053,1.3307767545710325,-0.37600102000933067,0.6214472497886372,4850487.868457597
7405080013,7405080013,0.3148006842510242,1.339877783646504,-0.17046761094629523,0.629947518558742,6349300.920261675
7405080014,7405080014,0.3402000064143821,1.506549620641476,0.05553368588998697,0.7856173223925427,5358212.49688043
7405080015,7405080015,0.3335199832916259,0.8666147327990051,-0.0039046675798230894,0.18792463325605788,14279067.45814734
7405080016,7405080016,0.4342270972023547,1.5520753809619696,0.892179810505121,0.8281379203906896,3046124.1675164183
7405080017,7405080017,0.3847420222809667,1.2488455356279344,0.45186526059920545,0.5449243229961461,3063163.450379861
7405080018,7405080018,0.365945478733597,0.8132708714332414,0.2846150013039551,0.13810200824475252,21048612.98911741
7405080019,7405080019,0.1507430314429012,2.803688576754895,-1.6302405155965423,1.9971319398827694,5195844.752759017
7405080020,7405080020,0.3348302729282105,0.979213079541639,0.007754193046247553,0.29309034610510304,7462095.946413861
7405080021,7405080021,0.301265540204199,1.85796531905012,-0.29090232521837,1.1138360174144375,4437854.842297576
7405081001,7405081001,0.4371386766433716,0.3449174621406491,0.918086829805855,-0.2993353216844126,40599568.942473665
7405081002,7405081002,0.3490940928459167,0.3436580545766108,0.13467261151850712,-0.3005115955647237,8387981.362012573
7405081003,7405081003,0.3912030160427093,0.3202624513752245,0.5093547069558286,-0.32236285146132193,18423645.661501788
7405081004,7405081004,0.4746957778930664,0.3377755721512794,1.2522671489990835,-0.3060057744357152,43200025.91949109
7405081006,7405081006,0.4416228412343602,0.3945013986736099,0.9579865958812179,-0.25302442829918836,9644453.792591393
7405090002,7405090002,0.2490242938606106,0.3985412501378885,-0.7557410853262023,-0.24925124804090085,8953252.832166677
7405090003,7405090003,0.1919936206605699,0.5629891673147168,-1.2631958126515486,-0.0956585627417868,12817648.153661275
7405090005,7405090005,0.5041402491127572,1.358500013183312,1.514261884036098,0.647340491908105,2320284.839974133
7405090008,7405090008,0.5186775957228821,1.436943504893191,1.6436141228602696,0.7206059168693933,18050169.9242973
7405090009,7405090009,0.276851216952006,0.8809124198383829,-0.5081391743314473,0.20127852781212585,7783093.390108275
7405090010,7405090010,0.3330759115882447,1.5477739026693924,-0.007855984871165612,0.824120383330598,4211338.648683955
7405090011,7405090011,0.2080510284511403,3.2491805152193303,-1.1203181814628995,2.413216888129847,2934113.78605024
7405090012,7405090012,0.3670820823082557,7.494586218391977,0.2947284161505997,6.378382718921773,2019654.0021107153
7405090013,7405090013,0.443019049508231,2.024215181547081,0.9704099542101883,1.269111701350644,3856516.2765403893
7405090020,7405090020,0.403419392220926,0.8248527962765507,0.6180551219180772,0.14891940847794355,10052261.584652834
7405090021,7405090021,0.3695971618345634,0.5994180761573547,0.3171074084298483,-0.06163433167997934,10898752.89549789
7405091001,7405091001,0.3913754941617136,0.4390263616870888,0.5108894045481559,-0.21143856482649748,8044471.73177794
7405091002,7405091002,0.2940317987713247,0.735950170860215,-0.35526762340598933,0.06588525880760454,5716235.094800055
7405091003,7405091003,0.3062215367035616,0.8967859306563253,-0.24680423359339443,0.21610422578086758,3940966.122685638
7405091004,7405091004,0.4880034552680121,0.573739802750601,1.3706778815876641,-0.0856175783765441,8785852.140743744
7405091005,7405091005,0.4291236877441406,0.4941636574416537,0.8467700492357103,-0.1599408903015668,16768026.940478778
7405091006,7405091006,0.3064760565757751,0.5583248546960999,-0.24453953452698257,-0.10001498337919489,6555287.182226656
7405091009,7405091009,0.2986324778142965,0.4404718534980283,-0.3143311203232755,-0.21008849014855951,9151638.456233697
7405100007,7405100007,0.3793790990656072,0.4997045347811967,0.40414636504327683,-0.1547657671129994,8668498.005498398
7405100008,7405100008,0.3611247311190667,0.4025611701520067,0.24172034428920927,-0.24549668355473495,36930368.16654374
7405100009,7405100009,0.458598872593471,0.483159628456638,1.1090380718858524,-0.17021854166944922,13462522.342770832
7405100010,7405100010,0.3998071078596444,0.4672716426263804,0.5859132818744557,-0.18505775915275458,16445150.270158604
7405100011,7405100011,0.4120815158420139,1.1122680394633775,0.6951300595534702,0.417362328004217,1043481.7963202167
7405100012,7405100012,0.3276206851005554,0.6204846222424569,-0.0563961881421027,-0.041958391487260854,2260746.868089972
7405100013,7405100013,0.4351872603098551,0.6663665009715322,0.9007232710775648,0.0008948174894713056,2327418.3498592926
7405100014,7405100014,0.6068299611409506,0.6028842312374196,2.427987374064997,-0.0583969780208394,3731985.005617017
7405100015,7405100015,0.3398384650548299,0.579225615455871,0.05231671751605835,-0.08049388499741537,3644327.888395655
7405100033,7405100033,0.4130355517069499,0.4412632360655666,0.7036190003731156,-0.20934934686396311,9564009.844405303
7405100035,7405100035,0.4155496060848236,0.8362326140979395,0.7259888709571454,0.15954804280428997,1555210.6866361063
7405100036,7405100036,0.4464268739196075,0.40067120871245,1.0007325246869907,-0.24726188835390037,16388306.25650026
7405101001,7405101001,0.4194737483437967,0.4182339567317448,0.7609055995924235,-0.23085845998688376,6264472.400097369
7405101002,7405101002,0.4295034151195523,0.4927316001468791,0.8501488354385598,-0.16127841727778325,4028194.207335105
7405101003,7405101003,0.3386907974878947,0.6037835159821762,0.04210485608148524,-0.057557055198057996,2814906.145283949
7405101004,7405101004,0.420446468414216,0.5147014957621999,0.7695607910955492,-0.1407587577939243,4241519.438895276
7405101005,7405101005,0.5442405113807092,0.919477986865426,1.8710710625545082,0.23729837592851882,3382164.560826199
7405101006,7405101006,0.2845791874449537,0.3885203757646061,-0.43937626238892613,-0.25861064298162556,37710917.9514142
7405101007,7405101007,0.395593981971796,0.3370606225799501,0.5484251982057547,-0.3066735300777392,13793081.167057294
7405101008,7405101008,0.4220831537552904,0.5816234145411708,0.784123896646821,-0.0782543649922885,4500205.800155872
7405101009,7405101009,0.4743288779449173,0.8604148667734762,1.2490025002987144,0.18213402132430692,2151092.599759221
7405101010,7405101010,0.496102222334576,0.5085829134533757,1.4427401141168035,-0.1464734515594005,5327768.7137781475
7405101011,7405101011,0.4516919668280182,0.5215837282284843,1.0475809333811785,-0.1343308225333474,1692551.9478062624
7405101012,7405101012,0.4195287057053454,0.7253944425518253,0.7613946061454656,0.056026315720900034,1636733.8673717356
7405101013,7405101013,0.3620664346097695,0.5244206889292977,0.2500995525517481,-0.13168113003734913,2280554.948577686
7405101014,7405101014,0.351889942003333,1.0307597425949646,0.1595498712843709,0.34123440613631445,1149072.2774799308
7405101015,7405101015,0.5270623916234726,0.5540721517181112,1.7182214188760179,-0.10398696479058893,6218259.531079701
7405101016,7405101016,0.2324502239488575,0.5970081991481604,-0.9032159379943256,-0.0638851323434182,3180730.3421676145
7405101017,7405101017,0.4900933674403599,0.364621702460261,1.3892737660835872,-0.28093176124762104,7207536.207159293
7405101018,7405101018,0.4468387716678732,0.5861384549430032,1.0043975604967372,-0.07403736309006471,1921880.2832366878
7405101019,7405101019,0.4419823814840877,0.3796037753319367,0.961185758527396,-0.26693865727152566,12288518.780563394
7405101020,7405101020,0.3557463488889521,0.3738489797992484,0.19386389555922443,-0.27231357788096394,8172351.540080126
7405102001,7405102001,0.1963604736328125,0.3790080142441468,-1.2243398767146454,-0.2674950920798302,7646763.02978177
7405102002,7405102002,0.167761519148543,0.4082292219550255,-1.4788112661492454,-0.24020278070825485,8933422.250982173
7405102003,7405102003,0.2492931578456565,0.3945214110878519,-0.75334875340088,-0.2530057369074364,5097845.604877277
7405102006,7405102006,0.0445368944660319,0.5481827500371004,-2.5752548956799455,-0.10948760617614628,5545540.728264058
7405102007,7405102007,0.2955243340853987,0.4530698188565371,-0.34198715417199943,-0.19832211838820482,4524503.110000136
7405102008,7405102008,0.0539167773752435,0.594608407321723,-2.4917933887932566,-0.06612651354853884,6185064.950927604
7405102009,7405102009,0.4323043941527374,0.4357237657091679,0.875071740460974,-0.21452315594455637,6826791.6285382705
7405102010,7405102010,0.2577360043158898,0.4540045075804391,-0.6782249276944191,-0.1974491286082945,8433516.75637858
7405110016,7405110016,0.4061808457245698,0.3332874107364398,0.6426263316914206,-0.3101976716369418,19693328.71560564
7405110017,7405110017,0.3125303492826574,0.3413347212458704,-0.19066888418514874,-0.30268156531100904,11406429.567685274
7405110018,7405110018,0.4317583150292045,0.3179851449966323,0.8702127686624389,-0.32448983250152974,17298981.944301143
7405110019,7405110019,0.4418672572003491,0.3134958053355611,0.960161391134639,-0.328682830172776,16714427.970441068
7405110020,7405110020,0.5792205333709717,0.5035125159872731,2.1823207204121435,-0.15120915132211088,3336369.3612138717
7405110022,7405110022,0.4364201099197299,0.3667719653562709,0.9116930760528238,-0.27892343753050103,17974292.512747716
7405110023,7405110023,0.4441628955659412,0.3934358299316805,0.9805878121372988,-0.2540196586873467,8172364.680654329
7405110024,7405110024,0.3637337508791181,0.4380673153361341,0.26493520984549346,-0.21233430438281586,6349191.061744388
7405110025,7405110025,0.4482362730043394,0.3888059124766526,1.0168324244013902,-0.258343954591115,12088592.045155631
7405110026,7405110026,0.3845047931281887,0.3498161646142084,0.44975441308011105,-0.2947599833018271,18853035.638250146
7405110027,7405110027,0.438244200589364,0.4306103248617753,0.9279237004070039,-0.21929905778844952,3592480.779034837
7405110028,7405110028,0.3893799356282112,0.352199317888455,0.49313307177739907,-0.29253414233555136,26660466.721030578
7405110029,7405110029,0.3826584393746083,0.3821550749818228,0.4333256934456285,-0.2645557692972904,6451345.315751011
7405110030,7405110030,0.4318414111903564,0.3830932374021989,0.8709521521806945,-0.2636795351201354,16752421.367774308
7405110032,7405110032,0.3701442778110504,0.5244019379617256,0.32197560606955894,-0.1316986432507166,1594013.2459800828
7405110033,7405110033,0.3948075972284781,0.4485195244962937,0.5414280047114137,-0.20257204712971447,7048981.31649255
7405110034,7405110034,0.4024979102248609,0.467271427058587,0.6098558430246258,-0.18505796049088535,2798856.605067602
7405110035,7405110035,0.369212022503059,0.3686284141834257,0.31368046704051367,-0.2771895331711257,6077458.261108535
7405110036,7405110036,0.4524191713549546,0.3219455833082896,1.054051545671373,-0.32079082332165154,18663373.673358783
7405110037,7405110037,0.3935968982395028,0.3212439924143185,0.5306552943285544,-0.3214461020946296,31101255.75305104
7405110038,7405110038,0.5180300076802572,0.3041084397849714,1.6378519321802352,-0.33745053430398186,17193215.63029559
7405110040,7405110040,0.4448422260165955,0.3489130490936415,0.9866324444247597,-0.29560348403032843,7728670.760128351
7405111001,7405111001,0.3887679393474872,0.4061757068787647,0.48768757397186546,-0.24212074294383584,7071912.631717395
7405111002,7405111002,0.3250213945415658,0.4663795573823551,-0.07952448398432112,-0.18589095771493658,7857252.266958476
7405111003,7405111003,0.5880941034673335,0.4350802863515251,2.2612770932022235,-0.21512415913250568,7109568.059839523
7405111004,7405111004,0.337459142192584,0.3238226110535381,0.03114567802920383,-0.31903769846167745,18075749.722335774
7405111005,7405111005,0.2426538283822505,0.3312724071155534,-0.8124250176886638,-0.31207966456414066,25304702.98310649
7405111007,7405111007,0.3954035937786102,0.3945637963393035,0.5467311380932219,-0.25296614951284185,8053145.331984718
7405111008,7405111008,0.3819394046313142,0.4905609098739678,0.42692777528822023,-0.16330581995756674,7240911.150675043
7405111011,7405111011,0.5504994988441467,0.4045664894281227,1.9267630717554305,-0.2436237357072439,5720201.407072352
7405111014,7405111014,0.4319142273494175,0.3455212911395967,0.8716000649979185,-0.2987713515289858,6670397.500464169
7405111015,7405111015,0.478468206193712,0.322444854721568,1.2858339380135462,-0.3203245088898546,5722514.58595257
7405112001,7405112001,0.3473420195527129,0.3425370500630105,0.11908279247256731,-0.301558602400883,8631316.982546106
7405112002,7405112002,0.2145714125405806,0.3411389129760181,-1.0623002843471225,-0.30286444824736175,10948577.631138511
7405112003,7405112003,0.2057187375289469,0.3333603782687301,-1.1410707342131305,-0.3101295207024908,18710433.223053448
7405112004,7405112004,0.4183914858991928,0.323072207284784,0.7512757081164003,-0.31973856796419353,12823799.350146826
7405112005,7405112005,0.3201744508207514,0.3344030451526124,-0.12265223202229127,-0.30915568041726704,10148424.076988705
7405112006,7405112006,0.4633210280845905,0.7515280088302987,1.15105546345212,0.08043480133788108,3351546.925340869
7405112007,7405112007,0.3223669477242252,0.6186182657413756,-0.103143556148671,-0.04370154951350879,7587827.054388161
7405112008,7405112008,0.4272369551528347,0.3720987424446364,0.8299820416788174,-0.27394828180315844,7259305.594986743
7405112010,7405112010,0.2432110613814447,0.6502680402977568,-0.8074667995264666,-0.014140981361106983,3895618.7443271927
7406010003,7406010003,0.1754630895761343,0.4748606133859025,-1.4102832600427437,-0.17796973750053688,11234445.52277662
7406010004,7406010004,0.0975788606179727,0.4008081267253567,-2.103291389725501,-0.24713400831972793,14784287.202602958
7406011001,7406011001,0.3825473007300918,0.2998414976920184,0.43233678997695274,-0.3414358149042083,59985222.08737097
7406011002,7406011002,0.398575301754612,0.3009265740762013,0.5749527619283843,-0.34042236457621117,21539571.161765315
7406011003,7406011003,0.3475985021069885,0.2999769423070342,0.12136495533933063,-0.34130931100870926,4204800.697780744
7406011004,7406011004,0.119023414368325,0.4974950277810862,-1.9124793307861194,-0.15682942422195048,12707041.259429857
7406011005,7406011005,0.2177874613151275,0.6198661514620463,-1.0336841193541493,-0.04253603691794252,13356244.20013666
7406012001,7406012001,0.1236434540191254,0.3049294267446744,-1.8713705584417044,-0.3366837408176238,76836382.18280333
7406012002,7406012002,0.1198574781417846,0.3030393735206392,-1.9050578927952282,-0.3384490313425604,25675687.666822527
7406013001,7406013001,0.3739747206370036,0.5196945051022357,0.356058604054896,-0.13609533775537783,3245567.163583438
7406013002,7406013002,0.3129603688309832,0.3483769998952939,-0.18684260193393207,-0.29610414854004136,18975509.091507133
7406013004,7406013004,0.3488529026508331,0.3082911507401931,0.13252651893688183,-0.33354392473134903,9250443.786954982
7406020003,7406020003,0.2438840270042419,0.5469625669169373,-0.80147880100823,-0.11062724482405309,35031492.18626212
7406021004,7406021004,0.0535777613059761,0.3976143662768067,-2.494809928794207,-0.2501169481581658,121296697.35992496
7406021006,7406021006,0.3949799384408478,0.3662882751545304,0.5429614841185957,-0.27937519926888965,16728366.365724858
7406021007,7406021007,0.377211332321167,0.3007760182379219,0.38485773630227743,-0.3405629822008414,18701298.009614192
7406030002,7406030002,0.3152290675199915,0.7930762173641939,-0.16665588818822688,0.1192404063442771,12840067.569822332
7406030003,7406030003,0.339531026860719,1.687732296986339,0.04958115512115704,0.9548401028766786,5124873.467327853
7406030004,7406030004,0.2913489956558159,4.2442913488103065,-0.3791390078217554,3.3426403051326266,1789563.2795242155
7406030005,7406030005,0.319146955230335,0.9389147230416124,-0.13179481206573343,0.25545209021083964,20050098.392814167
7406031001,7406031001,0.2969767180356112,0.3832421248564335,-0.32906394881474127,-0.263540475749267,12443979.051170783
7406031002,7406031002,0.3338709334014648,0.3619834773440229,-0.0007819393653337595,-0.283395836725031,13847681.943581954
7406031003,7406031003,0.329514107990617,0.3350940973451214,-0.03954865079991555,-0.3085102446844741,13363793.412371457
7406031004,7406031004,0.2994174398263481,0.3439274652018828,-0.3073465861868959,-0.3002599687755614,13204536.253859874
7406031005,7406031005,0.4180117756557589,0.3208481244217074,0.7478970743526271,-0.32181583878119235,16801703.264402036
7406031007,7406031007,0.3980892499287923,0.3669880624655053,0.5706279086012603,-0.2787216050241215,1647781.226968998
7406031008,7406031008,0.3614004208650254,0.3312832380243963,0.24417341133211717,-0.3120695486052282,15496538.41704515
7406031010,7406031010,0.3438269733719127,0.3565001102680187,0.08780617059301567,-0.28851724591125155,7568073.945542607
7406031011,7406031011,0.335785956057535,0.3179900328784243,0.01625779110302872,-0.3244852672695539,12549261.293329187
7406032002,7406032002,0.3916462659835815,0.4500418252883403,0.5132987122649245,-0.20115023364312593,881133.5586749236
7406033004,7406033004,0.3030069860020963,5.671519227345784,-0.2754070688424866,4.675656655606112,743249.2913529843
7406033005,7406033005,0.2534010508056205,0.887191382526672,-0.7167970245694774,0.20714301522396858,10702880.745719306
7406040001,7406040001,0.3534537933684967,0.3099158705344089,0.17346490548540397,-0.3320264529364105,36965785.11625778
7406040002,7406040002,0.3428475328031463,0.314639723435468,0.07909118059085676,-0.3276144222796068,27206924.184614442
7406040003,7406040003,0.2925028252427717,0.3112746856743968,-0.3688723171871416,-0.3307573333892689,31262899.867772046
7406040004,7406040004,0.2988507900134017,0.3653436198363632,-0.31238859446389927,-0.28025749774667075,20975075.0113915
7406040005,7406040005,0.3029209067798226,0.3305010566551397,-0.2761729954187708,-0.3128000980640327,9387371.572278205
7406040006,7406040006,0.3544545695300462,0.3388035288740218,0.18236973801984552,-0.30504567329167026,21224205.0007125
7406040007,7406040007,0.3815666324985224,0.3617017427105412,0.4236108763216442,-0.28365897401275775,13257574.217700092
7406040008,7406040008,0.5210372477478624,0.37346332929953,1.6646101326867546,-0.27267377153288475,20396001.44846223
7406040009,7406040009,0.2763913948759781,0.3018557654313923,-0.5122306372778946,-0.33955450928287206,35522921.372871704
7406041001,7406041001,0.3116717565627325,0.4999580877555156,-0.19830857893405626,-0.15452895120885302,9703096.97944966
7406041002,7406041002,0.4577302654970039,0.3964157577725202,1.1013092699524702,-0.25123643633385223,5823221.9626916265
7406041003,7406041003,0.290720578038987,0.3754880042752272,-0.3847306214657994,-0.27078274565846844,7204310.314290251
7406041004,7406041004,0.2485988749560646,0.3615633354364786,-0.7595264313881048,-0.28378824500173194,12251513.560249193
7406041005,7406041005,0.3263269511888166,0.3370696534381867,-0.06790773714855043,-0.30666509534782027,18521523.204967827
7406041006,7406041006,0.3374164150967385,0.450042445801677,0.030765495479093657,-0.20114965408996838,12857796.375826746
7406041007,7406041007,0.3761124529740988,0.5694792659141331,0.37507998885269,-0.08959687653223458,9993503.07416293
7406041008,7406041008,0.3632621600717271,0.3608668189765717,0.26073902959466055,-0.2844387843048057,146256731.198837
7406042001,7406042001,0.4563833091562824,0.2909186322808188,1.0893241516950989,-0.34976968062045855,37898942.43469105
7406042002,7406042002,0.3756578936272128,0.2817187240125818,0.3710353532823168,-0.35836230155286375,234717493.75724298
7406042003,7406042003,0.492236536557796,0.2875088138793007,1.4083435269521971,-0.3529544163937207,48118120.250568144
7406042004,7406042004,0.4894192059834798,0.2980894451149849,1.3832751271218064,-0.3430722142257178,14359633.117468823
7406042005,7406042005,0.5091499479690401,0.2911614789725081,1.5588378152754179,-0.34954286427560666,25328781.468019765
7406043001,7406043001,0.3649574109077863,0.338654135682897,0.2758232466043915,-0.3051852050156604,32330246.494318422
7406043002,7406043002,0.3766984617527833,0.3534656777324262,0.38029425178019494,-0.29135137509635695,20006080.144184
7406043003,7406043003,0.4053550072370143,0.5207948866008025,0.635278081688351,-0.1350675926059114,10073378.734575655
7406043004,7406043004,0.3442786220273582,0.3289287256708383,0.09182490704545146,-0.31426863924232057,43462227.68653568
7406043005,7406043005,0.3621100498272442,0.5478963931760172,0.2504876375426656,-0.10975506057753155,6870748.4877122445
7406043006,7406043006,0.3513821466086435,0.2882320310157526,0.15503154528380983,-0.352278938929798,44707358.48194496
7406043007,7406043007,0.4077425208313536,0.9038290277636022,0.6565220017057662,0.222682406983162,3214701.94236136
7406043008,7406043008,0.3305852159396409,0.2909965692706485,-0.030018011203545473,-0.3496968882631118,129069112.13704368
7406043009,7406043009,0.3742591431901652,0.2894758815817527,0.358589374972741,-0.3511171951277324,104127372.34073776
7406050003,7406050003,0.4148683528321327,0.4595313313567685,0.7199271297188615,-0.192287131305108,17499452.305569466
7406050004,7406050004,0.421624036444299,0.5946379404432636,0.7800387046477321,-0.06609892991281667,10460126.21349033
7406050009,7406050009,0.3795953985091743,0.3197141581637657,0.40607098155220295,-0.32287495175498926,45129119.65057825
7406050012,7406050012,0.3514605905313117,0.3869234042566489,0.15572953352687857,-0.26010219815887703,18731530.669691354
7406050016,7406050016,0.3704184779414424,0.5187422756186896,0.32441541862292955,-0.13698471042673596,10107025.599007225
7406051001,7406051001,0.3766731123558593,0.3113258073691993,0.38006869471445925,-0.33070958624527,38541936.18603483
7406051002,7406051002,0.2657799884347495,0.3696132018899885,-0.6066501497967868,-0.27626975144997507,27216067.11125908
7406051003,7406051003,0.3691210352732036,0.377970922982255,0.31287086937445757,-0.2684637247907141,15761285.43664406
7406051004,7406051004,0.2797081199957649,0.3586646605960912,-0.4827186615842018,-0.28649557787761964,11796910.04650796
7406051005,7406051005,0.3983619892491704,0.2889947915553768,0.57305472297478,-0.3515665283287254,63083863.17471237
7406051006,7406051006,0.3445842960438829,0.3245637564381258,0.09454477191819992,-0.31834547619598913,11279602.930389997
7406051007,7406051007,0.3546247401431685,0.313064416136729,0.18388390359488385,-0.3290857433053663,37853314.205188714
7406051008,7406051008,0.2677758001512096,0.2889985045873015,-0.5888915642227297,-0.3515630603945995,24720001.74914592
7406052001,7406052001,0.3250809737614223,1.3913743023515968,-0.07899435247665877,0.6780447442777294,7486911.348321846
7406052002,7406052002,0.2701476170466496,0.388422646173418,-0.5677873122753709,-0.2587019214277224,32404640.986097965
7406052003,7406052003,0.2169478237628936,0.522003975058317,-1.041155152417821,-0.1339383162602942,8544157.93443324
7406052004,7406052004,0.3684781863365644,0.3181362466994233,0.3071508469102405,-0.32434870504498686,16632415.638171274
7406052005,7406052005,0.4231764849494485,0.390781368022328,0.7938522770406791,-0.25649889916470264,17608518.23179323
7406053001,7406053001,0.1540199545926825,0.4869214930442334,-1.6010826948987988,-0.16670499833208288,20511121.70344563
7406053003,7406053003,0.3029975442325368,0.3083112920120046,-0.27549108101222713,-0.3335251129879352,72817774.20240681
7406053004,7406053004,0.2978876965989014,0.3321687945977271,-0.32095812869208257,-0.31124244775520093,9198948.525983999
7406053005,7406053005,0.2736978930096294,0.3078705318065396,-0.5361972183902024,-0.33393677854559356,25202861.27135368
7406060001,7406060001,0.1935546663072374,0.447025732022881,-1.2493057435269306,-0.2039672341360926,7329765.992212795
7406060002,7406060002,0.4802607536315918,0.2981779083332181,1.3017838930161185,-0.342989590477896,25804536.82497326
7406060003,7406060003,0.3750051127539741,0.5506487853414529,0.36522695717815995,-0.10718435423510381,9207234.70611668
7406060006,7406060006,0.3803634643554687,0.5645305288049441,0.41290517485081835,-0.0942189467565865,9923096.86048341
7406060007,7406060007,0.5415804726736886,0.2882910024795002,1.8474022341678735,-0.352223860181289,27933479.57530796
7406060008,7406060008,0.4904263416926066,2.928858283649792,1.392236546441931,2.1140391754996104,275919.00822776096
7406060009,7406060009,0.3078609194074358,0.4225798445741435,-0.2322171271067086,-0.22679944485806922,11623410.701600058
7406060010,7406060010,0.2487753721383901,0.7286169733585857,-0.7579559724665257,0.05903612678185271,2621048.445577382
7406061001,7406061001,0.1181018511454264,0.4228693627898712,-1.9206793324299498,-0.22652903778353745,12921629.560595457
7406061002,7406061002,0.339176455411044,0.3604795716112634,0.04642620449167637,-0.2848004694129773,11501359.391118145
7406061003,7406061003,0.3100019118365119,0.3046415291564311,-0.21316673425071742,-0.3369526342425364,26934803.773313012
7406061004,7406061004,0.546312986101423,0.3105565096575383,1.8895117898908242,-0.33142810249866483,69718383.69719283
7406061005,7406061005,0.3139566665000103,0.3454460203432231,-0.17797761869591797,-0.2988416536887097,8844106.687941438
7406061006,7406061006,0.5165284544557005,0.2937422054096248,1.6244912222433348,-0.34713249198081525,62501250.88792832
7406061007,7406061007,0.5163739313844775,0.2906139982049503,1.6231162873429892,-0.3500542057549177,35808442.64461706
7406061008,7406061008,0.5327538251876831,0.3341988063880338,1.7688633753068377,-0.30934643735011447,9029176.437117243
7406061010,7406061010,0.347133070230484,0.3797412062368801,0.11722357680165023,-0.26681029820139734,15336636.520700887
7406061011,7406061011,0.5341678135831591,0.2774094617624185,1.7814449398475658,-0.36238710875032426,38661822.07851421
7406062001,7406062001,0.4462054371833801,0.3396267468981039,0.9987621969265602,-0.3042767960138301,11516514.340856938
7406062002,7406062002,0.3729708842094371,0.303354251864891,0.34712654149895805,-0.3381549381654229,17621653.88378167
7406062003,7406062003,0.3958848274843947,0.3225861349641015,0.5510131201433386,-0.32019255457749257,32858338.910480574
7406062004,7406062004,0.4849432740090282,0.2790823277453014,1.3434486142616966,-0.3608246689039123,91504105.7014342
7406062005,7406062005,0.5535336303710937,0.3253858264100796,1.9537605504854383,-0.3175776711871827,12054826.048743593
7406063001,7406063001,0.4543415307998657,0.2983021605324974,1.0711565583461662,-0.3428735401850783,13462095.618530441
7406063002,7406063002,0.3512423805079277,0.4668093543247959,0.15378791681954002,-0.18548953173365249,7494707.140584771
7406063003,7406063003,0.2596374893188476,0.6027167074537446,-0.6613056542658088,-0.058553443534224085,3876933.1242506388
7406063004,7406063004,0.4060581330330141,0.3268866965664966,0.6415344432051258,-0.31617587369672556,8924326.840969635
7407010007,7407010007,0.31458580493927,0.3384879765067362,-0.1723795912270049,-0.3053403959994792,4095486.461873339
7407020001,7407020001,0.1435493528842926,0.4975926306605897,-1.6942493372813319,-0.15673826412328076,2731887.459826193
7407021005,7407021005,0.1343357676551455,0.8389639131457041,-1.7762311396659187,0.16209904838893344,2001231.530321091
7407040013,7407040013,0.1955813964207967,3.141658568021876,-1.23127204833398,2.312792480924441,2097149.2817967806
7407040023,7407040023,0.209994688630104,0.4778023409758493,-1.1030236364262391,-0.1752221937935979,4682570.659589714
7407050004,7407050004,0.3245022296905517,0.3445893235879242,-0.08414397456939948,-0.2996417997616569,37504685.75941807
7407050010,7407050010,0.225480039914449,1.2126623469513735,-0.9652361218729497,0.5111295920750994,4925586.57139378
7407050013,7407050013,0.1843424588441848,0.3941446746601724,-1.3312752866503412,-0.2533576049065614,4178074.5746783568
7407050017,7407050017,0.4051318602128462,0.3421004924449053,0.6332925359118617,-0.3019663427846086,3814620.510032594
7408010005,7408010005,0.4056045136730523,0.5329001165951885,0.6374981715691327,-0.1237614306737911,5764747.514411727
7408010006,7408010006,0.4182618941712551,0.4604100463228247,0.7501226104713212,-0.19146642044682474,3270973.8705269024
7408010007,7408010007,0.3998285640369762,0.5686830882309587,0.5861041973591661,-0.0903404984061589,2752661.2937764893
7408010008,7408010008,0.5287113189697266,0.3293014945605053,1.7328934528872177,-0.31392047688342395,33428117.45660719
7408010016,7408010016,0.283798094718687,0.5273557087055689,-0.4463263679055342,-0.12893985136029076,2533725.3540282855
7408010017,7408010017,0.4375370927472167,0.4157240624898512,0.921631906937061,-0.23320267573036862,2605583.3054330973
7408010018,7408010018,0.3818310419718424,0.3051078034357126,0.42596357232989945,-0.33651713879893197,33900474.96229244
7408011006,7408011006,0.1345661640167236,1.1036696351196202,-1.7741810898193864,0.40933150563128806,2809709.3663925417
7408011007,7408011007,0.3584528446197509,0.7884164533491411,0.21794609511984142,0.11488823405642412,2426759.8064088565
7408012001,7408012001,0.4255636306036086,0.2814011457629359,0.8150929231534946,-0.35865891641423203,76404962.76834975
7408012002,7408012002,0.3652548918572085,0.3110208468744785,0.2784702101698406,-0.3309944162516236,32334528.140240934
7408012004,7408012004,0.0706575632095336,0.2934289199192721,-2.342835110132334,-0.34742509744858036,47908175.20938904
7408012006,7408012006,0.2081721884305359,0.5955866640715122,-1.1192401088949802,-0.06521283167471777,2896996.3391398443
7408012007,7408012007,0.2837805108709649,0.2838092857673809,-0.44648282768674447,-0.3564097380955963,44570415.02729847
7408020012,7408020012,0.1269224110771628,0.6569037262088956,-1.842194640178185,-0.007943318080292128,13044889.71294349
7408020013,7408020013,0.4152342875798543,0.4197079736807171,0.7231831901369562,-0.22948174311958758,58515919.79200606
7408020014,7408020014,0.4483667905213403,0.5281547449246672,1.0179937596493291,-0.12819355964283113,10287192.49841581
7408020015,7408020015,0.3375224622234175,0.4609756047316255,0.03170909499726468,-0.19093819463410247,13689466.854527518
7408020016,7408020016,0.4999167830855758,1.834778712520348,1.4766817945696162,1.0921799622875596,3199263.077869376
7408020017,7408020017,0.2985995292663574,3.946656544458482,-0.31462429407473314,3.0646524192190756,2436244.198969305
7408020018,7408020018,0.2181398300897507,0.5308750284853441,-1.0305487679649556,-0.12565284241130714,40944803.89855001
7408020019,7408020019,0.3462996006011963,1.1411782315227,0.10980742546181563,0.4443641539144216,7552131.826364429
7408020026,7408020026,0.4864662488301595,3.6022995051612483,1.3569999319862784,2.743026440153363,1106663.1884688195
7408020027,7408020027,0.5058069825172424,0.3980403526835543,1.5290923550412425,-0.24971908117853767,39141797.22918334
7408020028,7408020028,0.4426246711186,0.3301187502949492,0.9669008043625046,-0.3131571683235815,41091534.167668134
7408020029,7408020029,0.3964405274123288,0.3173846979739502,0.5559576971504417,-0.32505064392545574,41171952.512483835
7408021001,7408021001,0.2469945549964904,0.3052193187696407,-0.7738015521599173,-0.3364129846090578,33992105.43663357
7408021002,7408021002,0.3109243810176849,0.396066044846394,-0.20495867145692512,-0.2515630646568475,11163019.405208332
7408021003,7408021003,0.3316095769405365,0.3585407798613088,-0.020903322506659813,-0.2866112812263681,4988726.627729625
7408021005,7408021005,0.4598418965059168,0.3148721164242352,1.1200984070556048,-0.3273973695871664,68535820.96657416
7408030001,7408030001,0.2982577880223592,0.5575595657557052,-0.31766508247960884,-0.10072975548092086,1495491.3253887685
7408030002,7408030002,0.2016903162002563,0.3343040677113494,-1.1769153303260314,-0.30924812434266663,25510082.64628671
7408030004,7408030004,0.3092242081960042,0.5665789463433875,-0.2200866839319964,-0.09230574556958088,815868.045050873
7408030005,7408030005,0.4106369912624359,0.3238121345337114,0.6822767862969309,-0.31904748342484635,21333375.124317426
7408030006,7408030006,0.3475589059082688,0.5481613698371857,0.12101263128111836,-0.10950757506583189,2916919.465618063
7408030007,7408030007,0.4810889363288879,0.3337125496301691,1.3091530016247057,-0.3098005962258694,15117038.539490746
7408030008,7408030008,0.3965598143588258,0.5130265378130465,0.5570191036096602,-0.1423231515155969,2130344.3176329155
7408030009,7408030009,0.561798632144928,0.3232708513781138,2.0273019271893973,-0.3195530363974998,28365596.54715092
7408030017,7408030017,0.4386288302761691,0.3277560293906753,0.931346107015362,-0.31536392566371585,14263808.320134478
7408030018,7408030018,0.4041430155436198,0.600822427323755,0.6244938689168342,-0.060322681946413916,1399452.1662032644
7408031001,7408031001,0.2656410336494446,0.3878091128323589,-0.6078865592363197,-0.25927495534017064,10976248.811611254
7408031003,7408031003,0.3433661758899688,0.4164768994383098,0.0837060285566093,-0.23249953366270834,3776988.651118296
7408031004,7408031004,0.3807945812449735,0.6173691671941338,0.4167412211629783,-0.04486819487678078,2019871.961426287
7408031007,7408031007,0.4052483081817627,0.6838169833893105,0.6343286813577843,0.017193390924302374,1027645.9208382224
7408040003,7408040003,0.4010984003543854,0.458330742231569,0.597403107332374,-0.19340846936062148,4129426.0959841
7408040004,7408040004,0.3113879627651638,0.4758423141449779,-0.20083375523097136,-0.17705283895700327,7937652.282920947
7408040005,7408040005,0.3769035637378692,0.9435666084439308,0.3821192341287387,0.2597969039543761,4696729.522395245
7408040006,7408040006,0.3148587617007168,0.2993815861389178,-0.16995084207888,-0.34186536762614916,49088354.03011886
7408040007,7408040007,0.4069988416588824,0.7930847816484784,0.6499047992336824,0.11924840529886106,3487255.724857581
7408040011,7408040011,0.3789804923434217,0.3662440573198485,0.40059959180412547,-0.2794164982776184,20195580.610467207
7408040014,7408040014,0.3847477277119954,0.3000804853957051,0.4519160271040436,-0.34121260281497745,53040580.7726818
7408040015,7408040015,0.2743167510399452,0.2924531132756664,-0.5306906652424696,-0.3483364909480976,53427309.062365465
7408040016,7408040016,0.431682146512545,2.9932726916998007,0.8695350268143524,2.1742015787346443,664197.2540094219
7408040018,7408040018,0.3380921483039856,0.2854364511748998,0.03677811975981185,-0.35488998212265854,13734251.679761665
7408040019,7408040019,0.3662665804525963,0.4073407274381432,0.28747214073639604,-0.24103262556773547,9316697.201927926
7408041001,7408041001,0.2852845063080659,0.4519974219460859,-0.4331003871226006,-0.19932372621644845,3467807.1363257593
7408041002,7408041002,0.4581038270677839,0.5296462293011568,1.1046331932800886,-0.1268005283755492,2870726.5762704522
7408041003,7408041003,0.3567504610334124,1.3611876487316927,0.20279841142376442,0.649850716227561,1137124.3955600623
7408041004,7408041004,0.2253335509637389,0.3328641384509955,-0.9665395697610368,-0.31059300365482423,6933406.915366225
7408041005,7408041005,0.3639798963392103,0.382165814556679,0.26712539400999286,-0.2645457386433943,12743234.381306523
7408041006,7408041006,0.3736881061191976,0.4429299214946906,0.3535083291971793,-0.20779267959202194,2064462.9637120424
7408041007,7408041007,0.3730224680017542,0.6134183060077112,0.3475855302815887,-0.04855825911890911,2386717.814310483
7408041008,7408041008,0.4017189788818359,0.6059689943851906,0.6029249693368214,-0.055515840554875504,2135914.718052116
7408050012,7408050012,0.3045006263546827,0.3402698102946851,-0.26211676705724773,-0.30367618132928975,31112639.032138642
7408050013,7408050013,0.3026996462148577,0.5488390794454573,-0.27814175562029053,-0.10887460117127339,2616214.3733942183
7408050014,7408050014,0.3963494815736869,0.3411694800551121,0.5551475779877221,-0.30283589890578055,25642352.673866406
7408050015,7408050015,0.4059486131758181,0.4862947326635459,0.6405599435867334,-0.1672903861652737,4494263.366152827
7408050016,7408050016,0.3942447662353515,0.3649204549295846,0.5364199760117436,-0.28065272947396946,24487526.521964982
7408050017,7408050017,0.3756530494020696,0.5376984320749832,0.3709922497239822,-0.11927985272433307,4733262.464483863
7408050028,7408050028,0.4601585214788263,0.3420057431871243,1.1229157127312475,-0.3020548376295572,31205531.292597674
7408050035,7408050035,0.1892687897933156,0.3537481212780137,-1.2874411569051605,-0.2910875756919198,19783513.553639024
7408050036,7408050036,0.3610796524306475,0.4144186670222576,0.24131923744167647,-0.23442190184576786,3796537.812714805
7408050037,7408050037,0.3287364653427235,0.5442643231699628,-0.04646805777340831,-0.11314737709330973,2251954.286738025
7408050038,7408050038,0.3671515696757548,0.5333495866516075,0.2953467096258168,-0.1233416302037572,2078854.9411184816
7408051001,7408051001,0.3698317964198225,0.4107331464973058,0.3191951696783628,-0.2378641406036091,5374424.176704978
7408051002,7408051002,0.4002990239783178,0.5410400632880004,0.5902903152472296,-0.1161588030929489,4814053.215572477
7408051003,7408051003,0.1673785725227591,0.3154821428266267,-1.482218697004668,-0.3268276111198341,32156629.242417943
7408051004,7408051004,0.216310330807465,0.4782961740697443,-1.0468275177559285,-0.17476095869689953,4751209.317229161
7408051005,7408051005,0.2651972303203508,0.4047311944244618,-0.6118354885530299,-0.24346990291261686,2367520.579386567
7408051006,7408051006,0.213380590872147,0.4814517012668357,-1.0728961277966376,-0.1718137283272105,2022790.0610818376
7408051007,7408051007,0.471837960756742,0.389143043000794,1.2268385027235533,-0.258029078103847,2971968.066056894
7408051008,7408051008,0.3788492061473705,0.3033829845266263,0.39943141690664435,-0.33812810215103317,78520259.917899
7408051009,7408051009,0.3030645536339801,0.2992847861518491,-0.2748948362963637,-0.3419557778314351,93060840.48598728
7408052001,7408052001,0.2210558220031321,0.3210314121438106,-1.0046024868102943,-0.3216446499093387,33950562.325116724
7408052002,7408052002,0.2557497566128954,0.439921823140907,-0.6958984133814667,-0.21060221291864148,3838892.9880024805
7408052003,7408052003,0.270394084718817,0.4031457844911154,-0.5655942610915715,-0.24495065969654575,2776956.2059406308
7408052004,7408052004,0.4128753189966816,0.3526981399664841,0.7021932615253104,-0.2920682475783159,31007694.964877743
7408052005,7408052005,0.4195436954498291,0.469933368666784,0.7615279837872301,-0.18257173405073662,5631669.1496175425
7408052007,7408052007,0.2125706028293918,0.3127508819655338,-1.080103341709954,-0.3293785810385138,23986921.57719244
7408052008,7408052008,0.3565709344271955,0.3151373015274248,0.2012009969116493,-0.3271496893927349,32810829.03512567
7408052009,7408052009,0.1461189586508095,0.3253834447204727,-1.6713851745349495,-0.31757989566109857,9690793.840995397
7408052010,7408052010,0.3330410942161681,0.3752659107148187,-0.008165787282077386,-0.2709901787893734,3818250.2547209626
7408060001,7408060001,0.2402696296913651,0.407563465244833,-0.8336394419394342,-0.2408245907173437,8848095.618507126
7408060002,7408060002,0.2526107546734265,0.3819406421648132,-0.7238290213137925,-0.2647560473716265,3964611.8795371656
7408060004,7408060004,0.1969371102016522,0.3074645930862285,-1.219209007019666,-0.3343159211895982,83326173.8934473
7408060006,7408060006,0.2876351534665285,0.3788360906192931,-0.41218450193478745,-0.2676556670002121,13763761.192667378
7408060007,7408060007,-0.0483750407978639,0.3340774445788741,-3.401978448621923,-0.30945978804790136,21694742.64867938
7408060015,7408060015,0.3290493739409541,0.3628371603716678,-0.043683820125784534,-0.28259850544311965,3231588.616813989
7408060018,7408060018,0.2682998012488996,0.5706234618907086,-0.5842290410711306,-0.08852820910507772,1536378.1259758386
7408060019,7408060019,0.3744308596751729,0.3618550769450357,0.3601172956018948,-0.28351576139426665,9601674.126939628
7408061001,7408061001,0.3632611947901109,0.2990235814613837,0.26073044058997447,-0.3421997403607882,71842922.96227963
7408061002,7408061002,0.4300052165985107,0.3180009874902955,0.8546138280186598,-0.3244750357732687,18858191.641837113
7408061003,7408061003,0.3287003257057883,0.3144499955391761,-0.04678962559958969,-0.3277916262087772,25095434.79116352
7408061004,7408061004,0.365190257196841,0.3007295105218234,0.27789509572506615,-0.34060641993556817,127122765.4513673
7408061005,7408061005,0.2731899004526089,0.3090643543863286,-0.5407172987266547,-0.33282176037480493,187541683.36419725
7408061006,7408061006,0.4024352553468313,0.3122661222177258,0.6092983445371959,-0.3298313417220723,66208076.55998694
7408061007,7408061007,0.3428193728129069,0.3200822673098364,0.07884061507292439,-0.32253114154930956,58422227.672098815
7408061008,7408061008,0.2199208339055379,0.2974866013793496,-1.01470152726107,-0.34363526415521256,22119393.392276693
7408062001,7408062001,0.4169473648071289,0.3293201873149339,0.7384260250620271,-0.31390301804054155,29647767.198463805
7408062003,7408062003,0.3211009204387665,0.3476249708336789,-0.11440857363628576,-0.2968065360495908,21812215.569698956
7408062004,7408062004,0.2670547366142273,0.3405399774577448,-0.5953075344368661,-0.3034238479415135,15682601.857222034
7409100009,7409100009,0.5656018257141113,0.3118569910809945,2.061142463296098,-0.3302134660506065,48005008.028241426
7409100011,7409100011,0.4389617178175184,0.3213462814743953,0.934308115826531,-0.3213505651508748,30248442.830780182
7409100013,7409100013,0.3599687954674848,0.321092834331424,0.23143491404675653,-0.32158728220961685,21522015.232287508
7409100014,7409100014,0.3555726874494588,0.3252060821837612,0.19231866886838908,-0.3177455504699442,32933573.787224714
7409100015,7409100015,0.382126388963832,0.3066373200864776,0.42859154809937233,-0.33508858577355005,35061277.7532968
7409100016,7409100016,0.4568954993938577,0.3032772441169218,1.0938815826837849,-0.33822686262030494,42166914.56774785
7409100018,7409100018,0.4281804084777832,0.2866970785332667,0.8383768198375221,-0.35371256896682696,55211519.788521044
7409100019,7409100019,0.4036589591733871,0.3030367384109442,0.6201867710064706,-0.33845149250826595,11676324.46903825
7409100020,7409100020,0.4798798561096191,0.4184364348025846,1.2983946949354015,-0.23066934752411522,3385342.557536345
7409100022,7409100022,0.3649630113081498,0.3091625645827904,0.27587307855411114,-0.33273003304826115,13401155.556679236
7409100023,7409100023,0.4640264050713901,0.3169853311176213,1.1573318558987322,-0.32542364851521327,27338509.742719684
7409101001,7409101001,0.3718938827514648,0.324034861624818,0.33754346189428064,-0.3188394585827005,15278117.66870626
7409101002,7409101002,0.1978158269609723,0.3377540564351206,-1.2113902500512372,-0.3060258698961972,7799437.859143727
7409101003,7409101003,0.2318970759709676,0.3028890681081153,-0.9081378079379981,-0.33858941507207707,27505869.35298125
7409101004,7409101004,0.2542879740397135,0.3139781429963019,-0.708905246993286,-0.32823233169395116,41942459.040021025
7409101005,7409101005,0.1933905737740653,0.3065590271341361,-1.250765826794489,-0.3351617105962695,33966669.29972832
7409101006,7409101006,0.3276334175696739,0.3143392415045515,-0.05628289557019083,-0.32789506935282997,15971315.650776807
7409101007,7409101007,0.335195120278891,0.3170338190191362,0.011000577885604648,-0.3253783613074088,10080407.676117528
7409101008,7409101008,0.4390106882367815,0.3166327139383691,0.9347438510083164,-0.32575298938114655,40350403.090229236
7409101010,7409101010,0.4029862880706787,0.2971143430413918,0.6142013931062796,-0.34398294966399556,37488843.106288806
7409101011,7409101011,0.4178223501825212,0.3023317082357994,0.7462115804512459,-0.3391099835349474,23473726.458789367
7409110011,7409110011,0.6344085931777954,0.2859086308712638,2.6733800095538793,-0.3544489710794461,25304180.856755774
7409110012,7409110012,0.2679195880889892,0.3137986442278828,-0.5876121497486505,-0.32839998172152635,4233181.763400908
7409110018,7409110018,0.2896281185313167,0.2920725501126998,-0.39445124565752665,-0.3486919330791349,25444913.81805675
7409120010,7409120010,0.6426487445831299,0.3071559730925311,2.7467002695102467,-0.33460416913084756,26260822.583856262
7409120012,7409120012,0.5752773284912109,0.3517077800266778,2.147234373981894,-0.2929932337087511,8239624.210326701
7409120017,7409120017,0.4948402216405044,0.3019816522258229,1.4315109249426163,-0.3394369322947762,41645076.821698666
7409120018,7409120018,0.3403560667445326,0.313036876909849,0.056922299206983294,-0.32911146466371594,21269136.241511066
7409120019,7409120019,0.3447145223617553,0.4733928621679112,0.09570351609775272,-0.17934060223870152,1362513.4208574893
7409120020,7409120020,0.1790111064910888,0.3173050214052013,-1.3787132670004265,-0.3251250610318543,6327120.996415403
7409120021,7409120021,0.4338421480996268,0.6277697114376143,0.888754561757421,-0.03515419213139668,1881220.5277183834
7409120022,7409120022,0.5181194543838501,0.900807391218486,1.6386478223571348,0.2198602291232667,3948013.2170697465
7409121001,7409121001,0.4830175183483006,0.2821103974756475,1.3263133823088484,-0.35799648251431687,19385467.251613222
7409121002,7409121002,0.4068229388865187,0.2877680124511392,0.648339629328139,-0.35271232755880066,26974347.96572834
7409121003,7409121003,0.5412475254224695,0.2853645004933094,1.8444396940626833,-0.35495718332887805,69320947.23571032
7409121004,7409121004,0.5455535650253296,0.2840726034364838,1.8827545171203912,-0.3561638020656451,6997145.820551073
7409121005,7409121005,0.4014653265476227,0.3130912105819421,0.6006679895596038,-0.329060717565533,12929094.686030248
7409121007,7409121007,0.5115122159322103,0.3287047838777446,1.5798571015271374,-0.31447779860379166,6220609.116795048
7409121008,7409121008,0.4970811009407043,0.3003417168193096,1.4514501038168215,-0.34096861531714384,19338052.57463724
7409121009,7409121009,0.4967105511537532,0.2836482165506295,1.4481529791197627,-0.3565601751089959,55409345.00126183
7409121010,7409121010,0.4603761766777663,0.2865132572812687,1.124852392651571,-0.3538842561501864,40326339.10164447
7409121011,7409121011,0.4637415109014569,0.3338333736314919,1.1547968885696085,-0.3096877478351428,4417716.289076684
7409121012,7409121012,0.5029290835062663,0.3908985284165013,1.5034850217249716,-0.25638947254586364,1386136.983145127
7409121013,7409121013,0.4331298241248497,0.3396214295664816,0.8824163555237347,-0.304281762347588,8621305.717495838
7409121015,7409121015,0.4732215544756721,0.2855314518578639,1.2391496176722758,-0.35480125244914124,28171610.60440023
7409122003,7409122003,0.3601965606212616,0.3547516455314667,0.2334615516001766,-0.29015029422617217,1911197.2601348544
7409122004,7409122004,0.5022213459014893,0.295767659187676,1.4971876246735585,-0.3452407387129061,51467687.46076433
7409122007,7409122007,0.3963688703683706,0.2976673741653423,0.5553200980539833,-0.34346642420815654,33692643.6035734
7409122008,7409122008,0.4620624648200141,0.3003833306193936,1.1398568602722638,-0.34092974845029544,27673804.389440197
7409122009,7409122009,0.3978658344434655,0.3160887155530579,0.5686399740771649,-0.32626107835078966,32216578.276607998
7410010007,7410010007,0.2549344912311676,0.6376846316804893,-0.7031525846680536,-0.025893757272910718,3827308.231723645
7410010008,7410010008,0.2782395921814327,0.493401201637226,-0.49578551385469377,-0.1606530162830593,5707193.197352607
7410010009,7410010009,0.3262394587198893,0.814845475658797,-0.06868623868941066,0.13957267260729567,1297712.7619453678
7410010030,7410010030,0.3771994041674065,1.0996127349808749,0.3847516004691478,0.40554240208411313,1118364.826718337
7410010032,7410010032,0.2763465046882629,0.9500492099406465,-0.5126300668600547,0.2658515879461106,441663.2023458986
7410011001,7410011001,0.2501739709122063,0.9610613480747509,-0.7455113436452067,0.27613681317692423,25550871.19079701
7410011002,7410011002,0.3623199172689235,0.750852328300647,0.25235502257279274,0.07980372258215598,10979346.472152768
7410011003,7410011003,0.0883338391916011,3.1425389547819047,-2.1855529090763377,2.3136147532213243,5733011.659405898
7410011004,7410011004,0.2784028920260342,1.0795206614804884,-0.49433248387162027,0.38677660939345104,2048550.3344752681
7410011005,7410011005,0.1286521404981613,0.9886666698921468,-1.8268036352605226,0.30191990352717096,3316715.574787426
7410011006,7410011006,0.4375205934047699,1.1580565027870438,0.921485097003869,0.46012828794057586,7951740.945680203
7410011009,7410011009,0.3300841649373372,1.2327047316209665,-0.034476326097677354,0.5298489759022017,989820.143154414
7410011013,7410011013,0.2399133619772497,12.795448667841626,-0.8368094858049014,11.329334436581668,5870004.425630864
7410011014,7410011014,0.310809336210552,2.0489975084986867,-0.2059823316727012,1.2922581431530344,775242.7669321108
7410011015,7410011015,0.2311486825082178,0.676349892505833,-0.9147969578175668,0.010219203839083089,1814823.9519735957
7410020001,7410020001,0.4345591695685136,0.4298790432487244,0.8951345659475191,-0.21998206739165163,22958490.47064598
7410020004,7410020004,0.3722637983468863,0.3633482705032045,0.34083494360184485,-0.2821211337686466,13442560.135218605
7410020005,7410020005,0.2515374024709065,0.4407890767325171,-0.7333796301123827,-0.20979220686774414,10073539.243794987
7410020006,7410020006,0.0677340825398763,0.694145562516009,-2.368848025688463,0.02684017898114455,1260419.3232285236
7410020010,7410020010,0.3058698177337646,0.3828713926718363,-0.2499338030671311,-0.26388673584630346,13672062.282325909
7410030031,7410030031,0.3460074067115783,0.3344234227630203,0.10720750576488099,-0.3091366479360033,15691840.292379059
7410030032,7410030032,0.3431600726532101,0.3379711835194317,0.08187213714446652,-0.3058230754035515,19067611.636412397
7410030033,7410030033,0.3853191879560362,1.3810101399343413,0.4570008382424259,0.6683647217887202,723115.1027273362
7410030034,7410030034,0.3400891339337384,1.7287579724009003,0.05454715072783706,0.993157667253956,628652.3992682592
7410030035,7410030035,0.1415621936321258,0.3298884378834211,-1.71193093386574,-0.31337227777800086,17482728.655952554
7410030036,7410030036,0.1923038959503173,0.3081970511953149,-1.2604350059887501,-0.33363181275104176,32712023.323263258
7410030048,7410030048,0.0426228934643315,0.2988403605881816,-2.5922855355430148,-0.34237086679644685,33003057.888776485
7410030054,7410030054,0.0228104616204897,0.3319889457214709,-2.7685750940355764,-0.3114104247799419,5704044.713835927
7410030055,7410030055,0.1837321817874908,1.0245909598494365,-1.336705486927152,0.3354728256725516,477362.3503631753
7410030056,7410030056,0.1615332984924316,0.4736662068194837,-1.5342295145659037,-0.17908530110890963,5386100.791572791
7410030057,7410030057,0.1054853104256294,0.5913644519341382,-2.0329403819935226,-0.06915633495049628,2935363.6557444045
7410031004,7410031004,0.2619153626111088,0.3913263938327107,-0.641037305576471,-0.2559898505904724,13981291.581709163
7410031005,7410031005,0.3019763529300689,0.3964736423001146,-0.2845775659660901,-0.2511823727726766,12547651.272332767
7410032003,7410032003,0.5725147724151611,0.3634466715300268,2.122653353600535,-0.2820292282084833,28372891.495009262
7410032004,7410032004,0.1065388247370719,0.3700289549843201,-2.02356628928781,-0.275881442280263,66505513.98499435
7410032005,7410032005,0.2646848758942801,0.3737100135042251,-0.6163943804788483,-0.2724433709898408,113286612.10115387
7410032006,7410032006,0.0501993569460782,0.9128389528182462,-2.5248707218210287,0.23109758552262932,8274315.117003713
7410040001,7410040001,0.2342679387047177,0.3168879623171698,-0.8870420460510399,-0.3255145899864246,12027419.47615962
7410040002,7410040002,0.4878794550895691,0.3139395104737836,1.3695745371379262,-0.3282684140778167,16807752.907704875
7410040003,7410040003,0.2252163648605346,1.892094001725868,-0.9675822830714562,1.1457118605864307,1220344.1190437975
7410040004,7410040004,0.2682136297225952,0.3609925309137759,-0.5849957889618776,-0.2843213706315842,17548471.90022241
7410040005,7410040005,0.1879523992538452,0.5268312423804962,-1.2991543029155104,-0.12942969758394507,3236153.685423469
7410040006,7410040006,0.0753027985735637,0.4028364342151089,-2.3015021481883697,-0.24523958971405865,16824694.59986653
7410040007,7410040007,0.4071450889657397,0.393193437486777,0.6512060969925748,-0.2542460507703119,59421486.023692474
7410040008,7410040008,0.3145221910978618,0.3100599671883238,-0.17294562249990794,-0.3318918681244082,35182131.19431008
7410040009,7410040009,0.2293410062789917,0.5625506534375584,-0.9308815276906396,-0.09606813025160979,5631809.165503333
7410050008,7410050008,0.1531629562377929,1.69167826307097,-1.6087082031051172,0.9585255951434246,5175777.66833785
7410050009,7410050009,0.3276047025408063,0.5265409063225297,-0.05653839978093423,-0.12970086851482573,5297242.781718
7410050010,7410050010,0.2874380061763743,0.6112254833122849,-0.4139387039940409,-0.05060633325665091,3322959.939450496
7410050011,7410050011,0.3139252195014538,0.4050803056159373,-0.17825743177162406,-0.24314383660367703,5695028.159874558
7410050013,7410050013,0.382327053281996,0.3375565047981319,0.43037704441467395,-0.306210381119758,8118686.526494765
7410050051,7410050051,0.3200081458458533,0.3696321111215684,-0.12413200143328447,-0.27625209041963084,5941105.261987793
7410050055,7410050055,0.271573505704365,0.3594299428570827,-0.5550998600782124,-0.28578081201438854,6051191.878106556
7410051001,7410051001,0.1405132293701171,0.3443574970065765,-1.7212645405669018,-0.2998583234353172,23959597.460940555
7410051002,7410051002,0.5122079253196716,0.6329828035332973,1.5860474723872804,-0.030285217033180243,4665846.300915788
7410051004,7410051004,0.274366302017826,1.2265924612989825,-0.5302497642928871,0.5241401774683601,3805249.7469524927
7410051005,7410051005,0.1512846883138021,0.4608021829571143,-1.6254208926760343,-0.1911001688110565,12552638.984551968
7410051006,7410051006,0.2487316846847534,0.3408095025705395,-0.7583447002094893,-0.30317211422216717,21498955.56565508
7410051007,7410051007,0.3231029899752869,0.3690970465605526,-0.0965943064404948,-0.2767518352880711,11332727.931967493
7410051008,7410051008,0.3106221360426682,0.5138410126991748,-0.20764802497103443,-0.14156244023985226,8704874.83955557
7410051009,7410051009,0.1452038437128067,0.8475808528269485,-1.6795277998149758,0.17014718257891948,1987520.6532998034
7410051012,7410051012,0.4251529626679002,1.5250820833364205,0.8114388301252535,0.8029264544228465,2555913.249668409
7410051013,7410051013,0.2670290618516597,0.6161580914117651,-0.595535986582121,-0.04599932736363809,9117802.71061179
7410051022,7410051022,0.3373611193313341,0.7681608900576595,0.030273477833482266,0.09596974356049712,1873910.5458034987
7410052014,7410052014,0.2542317115183127,0.3169550429713862,-0.7094058667625096,-0.32545193733633576,75456214.04972258
7410052015,7410052015,0.3200926383336385,0.308572421951476,-0.12338019350354668,-0.3332812202752517,36740316.72849615
7410052016,7410052016,0.233666529638842,0.4404615606119235,-0.8923933395990659,-0.21009810359969625,7060254.013437673
7410060003,7410060003,0.1927837133407592,1.0271075774757257,-1.2561656262081782,0.3378233209888115,9620495.13350534
7410060004,7410060004,0.098074108721262,2.411570305388481,-2.098884708599161,1.630897454898362,30661802.39958466
7410060005,7410060005,0.2178133736669489,0.7424038845097692,-1.0334535531572229,0.07191296184333662,14891809.869574392
7410060006,7410060006,0.2995540936787923,0.6292769910753122,-0.3061306502783928,-0.03374640825048706,7925878.913590468
7410060007,7410060007,0.1396570946886131,0.4486933046179634,-1.7288823638710824,-0.20240973826015204,14591010.99108423
7410060010,7410060010,0.2596327781677246,1.635312000683849,-0.6613475737413185,0.9058800782591754,3524519.7268270543
7410060011,7410060011,0.1022647842764854,3.57797361928125,-2.0615963863357067,2.720306309678428,1676572.1799560937
7410060012,7410060012,0.3755332148352334,0.738588807836933,0.3699259705793414,0.06834971895852197,15284688.372002058
7410070003,7410070003,0.4731867689369782,0.4295386072090153,1.238840098512457,-0.22030003119690486,57078197.07539516
7410070005,7410070005,0.3943868991547981,0.6282975923193306,0.5376846642546605,-0.03466115674649919,4106580.660595253
7410070006,7410070006,0.2938451916759551,0.2956904592379599,-0.35692803958879693,-0.3453128426822687,48208435.646868065
7410070007,7410070007,0.3725904941558838,0.3634682298403152,0.3437418588348401,-0.2820090929655167,73123277.59090075
7410070008,7410070008,0.504438559214274,0.3322037499439622,1.5169162253357813,-0.31120979981665614,14419645.222951004
7410070009,7410070009,0.3431277275085449,0.3206620486272117,0.08158433243087346,-0.32198963168435835,186253938.88365638
7410070018,7410070018,0.3220201380112591,0.5637680754254785,-0.10622944341690788,-0.09493107047318909,2867070.214897036
7410070019,7410070019,0.2697561306423611,0.3054920027006591,-0.5712707294505982,-0.3361583005855563,55946442.34940586
7410070020,7410070020,0.4011182330903552,0.4581250025965702,0.5975795775554833,-0.19360062809120573,3608756.8083240166
7410070023,7410070023,0.4830668313162667,0.4494148251485337,1.3267521654637497,-0.20173584540890013,4322913.740527936
7410070029,7410070029,0.5063566668280239,0.5341623891622592,1.5339834055302355,-0.12258248090973103,726445.3353379968
7410071001,7410071001,0.267588210105896,0.588707605499568,-0.5905607266217016,-0.07163780255019972,5063411.227360217
7410071003,7410071003,0.2322272218417603,0.3713123948160707,-0.9052001943093976,-0.2746827225058651,10739069.666079927
7410071004,7410071004,0.2426952897716253,0.4410422258309403,-0.8120560973014553,-0.20955576817958452,19401335.074432988
7410071005,7410071005,0.3929912447929382,0.4970391837227331,0.5252662345939435,-0.1572551779450871,3376436.832576882
7410071007,7410071007,0.3038746992600765,0.6768882717419147,-0.26768622021809046,0.010722044580386949,78295272.88907479
7410071008,7410071008,0.1393939476698189,0.3218109518338117,-1.731223826652002,-0.3209165677521426,54877536.970956095
7410071009,7410071009,0.2400592258998325,0.3487444667132262,-0.8355115993710304,-0.2957609382623225,5079039.761553791
7410071010,7410071010,0.2194387140408368,0.4182709703561646,-1.0189913942879218,-0.23082388963740844,3132456.428824449
7410071011,7410071011,0.5230296850204468,0.4829293681696757,1.6823386927078807,-0.17043360244005332,2909197.395878493
7411010001,7411010001,0.3743597613787704,0.3342756695399375,0.35948466820001096,-0.3092746479464898,21500737.886059534
7411010002,7411010002,0.3016890996182126,0.3369518247499917,-0.28713352476619136,-0.3067751461464916,12017241.98744757
7411010003,7411010003,0.3525795251874193,0.3010010368523187,0.16568573163834627,-0.34035281709920423,92659509.12451279
7411010004,7411010004,0.3646606512829266,0.2951932606130482,0.2731827013317426,-0.3457772211507725,56367810.30337464
7411010005,7411010005,0.3930371580787749,0.3320142756824569,0.5256747676277926,-0.3113867668535106,47596079.63305519
7411010006,7411010006,0.3062954864990495,0.322159751312134,-0.24614623376278696,-0.32059079258012363,47259284.69819647
7411010007,7411010007,0.2969124002659574,0.3298028491730851,-0.32963624358929833,-0.31345221676462637,9409320.089947216
7411010008,7411010008,0.3929034183618208,0.3779083722027234,0.524484761482127,-0.26852214658383106,4188801.616068776
7411010009,7411010009,0.2469256947341474,0.387219524915642,-0.7744142656996689,-0.25982562446935814,3591632.774979163
7411010010,7411010010,0.3572263430000181,0.3322351281194237,0.20703277409305815,-0.31118049291930133,8216846.581882044
7411010011,7411010011,0.4098110638455861,0.3550779776970545,0.6749277450075539,-0.2898455032961769,8104501.03324162
7411020001,7411020001,0.3765973332316923,0.3204479754948569,0.37939441765207493,-0.3221895738168781,34901477.85136513
7411020002,7411020002,0.3073835101829184,0.3897338017353853,-0.2364650792043516,-0.25747731544265,5876241.18716836
7411020003,7411020003,0.2255868121380164,0.3297837877207013,-0.9642860704961009,-0.31347001996765617,31009311.274645507
7411020004,7411020004,0.1959756106686875,0.3233569522225257,-1.2277643590074048,-0.31947261908284613,11352318.576246766
7411020005,7411020005,0.2229384457998764,0.3310868598116812,-0.9878510390046176,-0.3122529638624291,27827524.781135418
7411020006,7411020006,0.1837093069607245,0.358831169096131,-1.3369090254499851,-0.28634006062884393,10778104.28499838
7411020007,7411020007,0.1550541925798953,0.3729723608800067,-1.5918801215055356,-0.2731323310527999,10560996.391599799
7411020008,7411020008,0.178743125518885,0.349810991453878,-1.3810977419425523,-0.29476481498106194,10180656.389307223
7411020009,7411020009,0.2153801624016467,0.3929325615015588,-1.0551040876832294,-0.25448970629230083,9006010.677262522
7411020010,7411020010,0.3357458119396372,0.6736527239217731,0.015900591700348108,0.0077000757610745756,11845208.82814385
7411020011,7411020011,0.3993505685815314,0.6192926028002307,0.5818510290219331,-0.04307172554586989,5734378.527476988
7411020012,7411020012,0.3662236962302441,0.3782696793887989,0.28709056008620853,-0.26818468933973877,7747353.988675494
7411020013,7411020013,0.3928108881978155,0.4201486494973083,0.5236614349017099,-0.2290701563802807,11668477.603472305
7411020014,7411020014,0.4444192250569661,0.3478765157645709,0.9828686130585375,-0.29657159563762103,18578920.385532193
7411020015,7411020015,0.4565077245436132,0.4392970821542885,1.0904311906429225,-0.21118571465827116,6842145.607559468
7411030001,7411030001,0.3347648806688262,0.3423945670369587,0.007172337541252056,-0.30169168010084135,33781044.24576687
7411030002,7411030002,0.3814432370315995,0.3527535473455033,0.42251291255044837,-0.2920164976487635,12493215.385923762
7411030003,7411030003,0.4671331163114923,0.3519135519626403,1.1849751435677183,-0.2928010448093946,12403376.269143771
7411030004,7411030004,0.4987296292979942,0.4638660209394619,1.466118587653622,-0.1882385752371824,12403560.814175367
7411030005,7411030005,0.5000503063201904,0.4137909572918966,1.4778698744713787,-0.2350081763619167,9652875.953844821
7411030006,7411030006,0.3910563284890693,0.3491088934401926,0.5080494919135072,-0.29542056739870526,12891658.818084601
7411030007,7411030007,0.4641211293909671,0.814479397479878,1.1581747059137308,0.1392307593043189,2839011.7373960894
7411030008,7411030008,0.4257671879787071,0.7948665714220091,0.8169041616761991,0.12091257886003065,1072289.0246461192
7411030009,7411030009,0.4516230239139419,0.5072217836690156,1.0469674844123944,-0.14774473296088927,4650061.9047560785
7411030010,7411030010,0.4700073798370018,0.6024731334976028,1.2105501286022202,-0.05878093913669209,11433210.117439823
7411030011,7411030011,0.4654608423190442,0.7211381310074451,1.1700953728191872,0.052050963945127635,1662744.5476686126
7411030012,7411030012,0.42089112453197,0.4483679567962229,0.7735173084629126,-0.20271360982298622,7482629.024276851
7411040001,7411040001,0.265884198731576,0.3221198420840634,-0.6057228942552801,-0.3206280673940149,12123603.181203086
7411040002,7411040002,0.2720059200233682,0.3180305242665522,-0.5512522693339883,-0.3244474487240787,6473877.726211092
7411040003,7411040003,0.3793382318335843,0.3241997168894757,0.40378273142439985,-0.31868548543898934,15446221.019303564
7411040004,7411040004,0.4475773294173663,0.3837945339107139,1.0109691929245788,-0.26302453130018505,24563982.357899234
7411040005,7411040005,0.44629359553381,0.480531791902944,0.9995466234319588,-0.17267291433489948,5848010.999728405
7411040006,7411040006,0.4245820673112715,0.9016925640850382,0.8063590453134357,0.2206869715950578,4500446.747373524
7411040007,7411040007,0.3115666842270909,0.7849163077726691,-0.1992435048334127,0.11161913361868439,2449123.6373004047
7411040008,7411040008,0.4921213258882322,0.9203392984835728,1.407318390904734,0.23810283223651957,3058957.447626716
7411040009,7411040009,0.484278813844086,0.3567756632760828,1.3375362966806539,-0.28825988219891396,16651977.885321742
7411040010,7411040010,0.4125626947461944,0.3615639098842267,0.6994115539829527,-0.2837877084733666,13428087.906375282
7411040011,7411040011,0.5080033859141629,0.3499620446397302,1.5486357906056674,-0.2946237328388474,18920462.024836946
7411040012,7411040012,0.4202778593022772,0.3565266459458837,0.7680605196429683,-0.28849246185749466,3924550.5931144697
7411050001,7411050001,0.431517349543051,0.5783577312008265,0.8680686755243142,-0.08130448008155854,10891678.906338131
7411050002,7411050002,0.371079878517141,0.6658794584187767,0.3303005122043558,0.00043992468926510795,10460031.860067952
7411050003,7411050003,0.3728761317935698,0.5435079992863497,0.3462834414852394,-0.11385377592300769,28514688.843210593
7411050004,7411050004,0.4842224960057481,0.3889563978774895,1.3370351847054005,-0.25820340275434106,7490798.605395003
7411050005,7411050005,0.4443506562561649,0.3484466725761706,0.9822584929221053,-0.29603907496336396,20134307.692083303
7411050006,7411050006,0.3900609458545996,0.5154835858222203,0.4991926505855525,-0.14002829361701952,14363118.280783191
7411050007,7411050007,0.2585954617727831,0.3425204397942595,-0.6705775385796924,-0.30157411622328223,22298813.05996206
7411050008,7411050008,0.4103108787685983,0.5803314111580005,0.6793750613592416,-0.07946108303678216,6897390.983884229
7411050009,7411050009,0.4715423922668241,0.7071403169593667,1.2242085560818372,0.03897714771886197,6434266.22653616
7411050010,7411050010,0.4210733413696289,0.3379836128689755,0.7751386604561451,-0.30581146651725044,38289107.100600325
7411060001,7411060001,0.5239495171440972,0.3646469599119359,1.690523291158172,-0.2809081710441501,19327431.73466698
7411060002,7411060002,0.1962757333243403,0.3637223092902339,-1.225093889734593,-0.28177178533850444,15484070.339178376
7411060003,7411060003,0.5264405643238741,1.2508018715541906,1.7126884453890245,0.546751520892108,1174349.9045999919
7411060004,7411060004,0.3205205312417611,0.3521353932784506,-0.11957283394013796,-0.2925938472723838,18876500.129810147
7411060005,7411060005,0.4768071168920301,0.3744341463794849,1.2710536878192098,-0.2717670382351673,15289911.898197765
7411060006,7411060006,0.5109757498243572,0.4651407063317416,1.5750836656337017,-0.1870480320203822,3213254.0651401565
7411060007,7411060007,0.4728828282137364,0.5581342413450598,1.236135656355607,-0.10019301431411168,5314630.992289683
7411060008,7411060008,0.4254369358100252,0.7557465585852055,0.8139656022168137,0.08437488398561283,2068871.8575467346
7411060009,7411060009,0.4567153957960644,0.4014217447335316,1.0922790341431436,-0.246560895329053,14729759.768832048
7411070001,7411070001,0.4888304769992828,0.4348115588633189,1.3780366600061136,-0.21537514787858325,28173778.180917118
7411070002,7411070002,0.5211875703599718,0.3349277591657696,1.6659476922114547,-0.3086656028554562,65206691.37811025
7411070003,7411070003,0.2499779108408335,0.4715490865265078,-0.7472558717118644,-0.18106266997123313,11307890.681282818
7411070004,7411070004,0.6068230271339417,0.5324212771416266,2.4279256757816254,-0.12420866186262192,11883779.485517252
7411070005,7411070005,0.4177982790250305,0.3634677986448307,0.7459973970657894,-0.28200949569772205,15298867.446312623
7411070006,7411070006,0.532078206539154,1.8857300490780449,1.7628517703611504,1.1397679934151332,1144455.773486809
7411070008,7411070008,0.4751182919456845,1.2143311457721,1.2560266479026017,0.5126882332333439,6448765.747696774
7411070009,7411070009,0.1011757772476946,0.3867840399387672,-2.07128629062479,-0.26023236301706315,15273447.877246384
7411070010,7411070010,0.3949718793233235,1.7645400846623298,0.542889774684772,1.0265777968746779,993468.3512187859
7411070011,7411070011,0.2931557178497314,0.5644822021009459,-0.3630629268845699,-0.09426408340754672,4640651.596911802
7411070012,7411070012,0.2484174540393683,0.5129246768704928,-0.7611407013352669,-0.14241828860193106,12232123.434452066
7411070013,7411070013,0.1739694806982233,0.5416335490621011,-1.4235732817686404,-0.1156044934045328,6459965.640317216
7411070014,7411070014,0.3706807895582549,0.4067203842714661,0.3267494480585801,-0.241612019788183,17128705.516317733
7411070015,7411070015,0.4163993542010967,0.3166901643539122,0.7335498670745518,-0.3256993312762201,22125010.27675222
7411070016,7411070016,0.1827101874271184,0.4517766873262223,-1.345799117431069,-0.19952989011067931,14718414.146665663
7411080001,7411080001,0.2055296014856409,0.4742210622171716,-1.1427536527883082,-0.1785670717999184,10361771.530254027
7411080002,7411080002,0.2715638853525427,0.4317740924393174,-0.5551854612597665,-0.2182121106846651,16850664.302670687
7411080003,7411080003,0.2497341112158764,0.4245312399147121,-0.749425182808205,-0.22497686141898662,8637067.390629377
7411080004,7411080004,0.3178396689683573,0.4068518408818566,-0.14342694888588203,-0.2414892406485209,7908934.663818372
7411080005,7411080005,0.2560780843098958,0.3931700290438794,-0.6929769777292818,-0.25426791401835447,6882450.30939713
7411090001,7411090001,0.3686353106831395,0.3712587557408831,0.3085489277669713,-0.27473282085758927,21993431.910171345
7411090002,7411090002,0.4771821726749519,0.4583607328218497,1.2743909065363515,-0.19338045845373986,5478006.487119835
7411090003,7411090003,0.3978803094627136,0.3268983844089748,0.5687687717317146,-0.3161649573704966,12911606.903503118
7411090004,7411090004,0.4438322209907478,0.5851376963910278,0.9776454941359035,-0.07497206141870746,3422145.6691760286
7411090005,7411090005,0.3592912563733675,0.4610161161902271,0.22540622111775044,-0.19090035734300861,3815601.7706681197
7411090006,7411090006,0.4582018460967874,0.5595780872872561,1.105505359376764,-0.09884447686087235,6169171.811954339
7411090008,7411090008,0.3607792499819207,0.3541761293654588,0.23864627859071166,-0.29068782048304265,3870277.380662099
7411090009,7411090009,0.4283580550924548,0.3925249649950561,0.8399575063234107,-0.25487039729177985,6850149.85386591
7411090010,7411090010,0.3698412586936979,0.288198497874884,0.3192793642939948,-0.3523102585429676,83937843.95608704
7411100002,7411100002,0.3461061392728462,0.3570045766196216,0.10808602081906249,-0.2880460794597943,9741541.567015251
7411100003,7411100003,0.3528767558757132,0.3506231872863325,0.16833046839871824,-0.29400623231831347,13807967.551761543
7411100004,7411100004,0.2418173321642018,0.2987872364533521,-0.8198680993922529,-0.34242048419910376,143205167.88133943
7411100005,7411100005,0.2996682767514829,0.2884379629862946,-0.3051146577121799,-0.3520866005597688,25478488.43034295
7411100006,7411100006,0.4274506929775513,0.3288981063579389,0.8318838650919869,-0.31429723736974574,8160825.862248983
7411100007,7411100007,0.1423764476170336,0.3107429445491053,-1.7046857619135234,-0.33125397420247954,10866371.445050994
7411100008,7411100008,0.3533123745415345,0.3120911503855488,0.1722065711847893,-0.3299947636371512,8974075.3493662
7411100009,7411100009,0.2681020930797939,0.2843077253913278,-0.5859882337899618,-0.3559442005465912,45442587.359291494
7411100010,7411100010,0.3613604641290684,0.2923552368201,0.24381787924013687,-0.348427906564033,32334334.5265029
7411100012,7411100012,0.4729878920917363,0.3002469818634152,1.2370705069994907,-0.34105709680427554,64155470.34682541
7411110001,7411110001,0.4119001797267368,0.2879555717034679,0.693516544163087,-0.35253714912107753,14281412.179415988
7411110002,7411110002,0.3479985675296267,0.3052388503732229,0.124924707987613,-0.33639474228958127,20117637.79961867
7411110003,7411110003,0.3504857843572443,0.3092067790248218,0.14705578002722555,-0.3326887372082336,23516322.97424741
7411110004,7411110004,0.405380859375,0.3051371079263584,0.635508112107005,-0.3364897687021446,22840263.64726295
7411110005,7411110005,0.3319161534309387,0.3024443075190242,-0.01817542748785597,-0.33900481694743356,12790773.602679964
7411110006,7411110006,0.2198167661341225,0.2965590256337531,-1.0156275146219718,-0.34450161048559086,20898197.16831892
7411110007,7411110007,0.2544276263262774,0.2914323655104327,-0.7076626312389517,-0.34928985899900905,56506768.077495575
7411110008,7411110008,0.2986487975487342,0.3185934475713773,-0.31418590852891287,-0.3239216840717203,10701184.886632452
7411110009,7411110009,0.3478722665824142,0.3112146873968314,0.12380089146691646,-0.3308133711714603,32794727.90305486
7411110010,7411110010,0.4704779216221401,0.2970567539534216,1.2147369747303554,-0.34403673728756123,24349272.457974255
7411120001,7411120001,0.2981122499936587,0.3142077129327914,-0.3189600691337313,-0.3280179157036808,28503224.754595775
7411120002,7411120002,0.4183222167054365,0.3084903922618143,0.750659355935069,-0.3333578351726958,25486480.444001924
7411120003,7411120003,0.2370646011426253,0.3170614578844017,-0.8621575497752987,-0.32535254688781856,18607367.777595673
7411120004,7411120004,0.40633369214607,0.3053408248801233,0.6439863478860915,-0.3362994991353001,50052207.12182724
7411120005,7411120005,0.3986760593900744,0.2961118398092164,0.575849295943513,-0.34491927750623447,79809787.532781
7411120006,7411120006,0.3595605521366514,0.2896297832776088,0.22780239497401478,-0.35097345250609,33719717.2640027
7411120007,7411120007,0.4033211688606106,0.2849207850111906,0.6171811376964461,-0.3553716090849315,118223567.38359709
7411120010,7411120010,0.5114962259928385,0.2957478500734692,1.579714824224967,-0.34525924022448895,1069799233.0203471
7412010004,7412010004,0.1425047367811203,0.7826940902701974,-1.7035442543855996,0.10954360502955487,14220920.4424032
7412010005,7412010005,0.1904044778723465,0.4161854450905162,-1.2773358880711454,-0.23277174906493558,3848160.43058787
7412010006,7412010006,0.1760124564170837,0.4851963016332362,-1.4053950343769213,-0.16831630959718757,9281278.269188492
7412010007,7412010007,0.0958336635872169,0.3537755217829677,-2.1188200242949162,-0.2910619838984408,9835125.999721456
7412010008,7412010008,0.3539915084838867,0.3149849335332995,0.17824945495585925,-0.32729199955252963,5984145.215616591
7412010009,7412010009,0.1915168578808124,0.3200025454545159,-1.2674380127313565,-0.32260560095290625,9522906.459375862
7412010010,7412010010,0.5526412555149623,0.3270116583973981,1.9458202647781004,-0.31605916061517636,20303462.670159105
7412010011,7412010011,0.4136930406093597,0.3210270854179165,0.709469288173884,-0.3216486910274023,19637282.027293306
7412010014,7412010014,0.3696608687892104,0.3174535324248413,0.3176742682174877,-0.32498635324707587,16490442.372792995
7412020004,7412020004,0.4356673558553059,0.3166326100660551,0.9049951258609076,-0.3257530863968334,10084524.51216186
7412020005,7412020005,0.324193593618032,0.3058441080267698,-0.08689019559810603,-0.3358294377852612,7864997.054368655
7412020009,7412020009,0.4065270721912384,0.3335720806449039,0.6457070292770841,-0.3099317928321781,3265282.509632681
7412020011,7412020011,0.5740285714467367,0.3073298037426871,2.136123025825849,-0.334441813068192,4703596.556951936
7412020012,7412020012,0.4680498347562902,0.3062452041789379,1.1931320367330387,-0.33545481805074434,22502381.37414793
7412030003,7412030003,0.5348527431488037,0.3190011172312324,1.7875393926475898,-0.3235409247477527,4775331.424549639
7412030004,7412030004,0.3256058020094421,0.3122601289785545,-0.07432446940238115,-0.32983693934661973,3231734.4687632755
7412030005,7412030005,0.3607613256826397,0.3031503560370275,0.2384867894966196,-0.3383453747988597,3971993.2980529834
7412030006,7412030006,0.5775253176689148,0.3167528423917881,2.1672368160221755,-0.32564079062510143,8438424.251319097
7412040005,7412040005,0.4424111954288779,0.3439753170059757,0.9650013134071983,-0.3002152756762919,3302822.071028472
7412040006,7412040006,0.4136927762477518,0.3143898761380574,0.7094669359037789,-0.3278477771191379,5590790.3087537205
7412040007,7412040007,0.3266453742980957,0.3373766310534657,-0.06507443178800283,-0.3063783813713415,6112537.725298146
7412040008,7412040008,0.3775473333304023,0.3540972590223472,0.38784744852125264,-0.2907614845828801,1843299.302723075
7412040009,7412040009,0.3702139025864859,0.3471095240155463,0.32259512219046765,-0.2972879581453218,2989679.6318270597
7412040014,7412040014,0.4990792375929812,0.3280239829915183,1.4692293764984425,-0.31511365972057964,4183820.6954116663
7412040016,7412040016,0.4710559368133545,0.3378265261490552,1.2198801113056292,-0.30595818391903695,3864340.476806419
7412040018,7412040018,0.4165270530571371,0.3229471855953719,0.7346861220849819,-0.31985533695298396,2731494.8842685902
7412040019,7412040019,0.3833908822372375,0.3422305864775631,0.43984291606078474,-0.30184483627871705,7231991.837462007
7412040020,7412040020,0.3650411432439631,0.3205298686563613,0.2765682907611364,-0.32211308643534703,4618381.774080741
7412040021,7412040021,0.3693156449997117,0.3286867971094949,0.31460249237939086,-0.3144945980627496,2856417.0071307933
7412050003,7412050003,0.4359611842943274,0.3165449355389057,0.9076095896579783,-0.3258349735151891,9617259.405875403
7412050004,7412050004,0.3528635501861572,0.3044256304441515,0.16821296514622688,-0.3371542814481741,20902704.51216532
7412050007,7412050007,0.1777490228414535,0.6447280999684765,-1.3899431943071061,-0.01931522939160082,1458637.6686583103
7412050009,7412050009,0.2949378490447998,0.3188884751337836,-0.34720565484292065,-0.3236461313233172,6714461.497937493
7412050011,7412050011,0.1522532249694545,0.3062585172108606,-1.6168029248892126,-0.33544238381407177,20316176.102049973
7412060003,7412060003,0.398937463760376,0.3649042747292619,0.5781752527665678,-0.2806678416168224,11845371.863314133
7412060004,7412060004,0.3996510207653045,0.6394693098904252,0.5845244304116748,-0.024226885941459806,1902190.4097629618
7412070011,7412070011,0.3461785614490509,1.09435501428827,0.10873042800586433,0.4006317443294056,4149687.7846922977
7413010016,7413010016,0.3690788480970595,0.384717579148152,0.31249549099006163,-0.26216241641843663,9083354.989185052
7413010017,7413010017,0.2736614073322188,0.4935383736781723,-0.5365218652590328,-0.16052489898927655,4413624.374193522
7413010018,7413010018,0.3612635213238589,0.4070607496618647,0.24295528930346916,-0.24129412196866862,8965719.84991016
7413010019,7413010019,0.6050230264663696,0.500184144440912,2.411909402490509,-0.1543178165594399,3273957.326867814
7413010020,7413010020,0.4629200072515578,0.3217626705489867,1.147487209632555,-0.32096166198205606,6065968.5079690665
7413010021,7413010021,0.4618256647784011,0.3414950322790911,1.1377498309526926,-0.3025318364333306,7782666.127798041
7413010022,7413010022,0.3864684331984747,0.4859520697504825,0.46722673771736234,-0.1676104298476344,8046363.413135418
7413010026,7413010026,0.3002992749654059,0.3018074104220757,-0.29950008210536644,-0.33959967237071226,19895725.991748787
7413010027,7413010027,0.3769248448885404,0.2920932691857105,0.38230859223912145,-0.3486725816752664,1550241.8069886523
7413020001,7413020001,0.0996309965848922,0.3030071016211202,-2.085031635121606,-0.3384791729691125,870604.8904267052
7413020008,7413020008,0.3482040087982928,0.4529502557799421,0.12675270925645013,-0.1984337890880356,7682680.1082933415
7413020009,7413020009,0.4274964020631023,0.3687251635711598,0.8322905811667424,-0.2770991702251046,10975382.218256447
7413020011,7413020011,0.220208477973938,0.3614020189104492,-1.0121420915380384,-0.28393891299948676,386302.07927970187
7413020013,7413020013,0.3867585852700455,0.330153578375339,0.4698084894677824,-0.31312463925004425,12794297.172178647
7413030001,7413030001,0.4996308826264881,0.3224950689963505,1.474137873353753,-0.320277609266943,7021811.439148651
7413030002,7413030002,0.4800673775050951,0.328264087232339,1.3000632464931776,-0.3148894047969998,7391808.226103802
7413030003,7413030003,0.3432073032154756,0.5043824075948508,0.0822923912069042,-0.15039668139107887,8424392.066474218
7413030004,7413030004,0.3431288754498517,0.9044451310336808,0.08159454672802509,0.22325784118322664,3993730.464281961
7413030005,7413030005,0.3596176087386964,0.4128642235764077,0.22831008041429202,-0.2358737362447221,9425973.0942089
7413030011,7413030011,0.3832316461010514,0.2932921947140718,0.43842604465572155,-0.34755279740231226,11688603.559513116
7413030012,7413030012,0.3787517204654002,0.3199044011930988,0.3985639964925655,-0.32269726669678755,13684813.158089124
7413030024,7413030024,0.3819919162326389,0.847082106183991,0.42739501964702636,0.16968135827727518,4580644.891681584
7413040001,7413040001,0.2871161279480785,0.3307372526553769,-0.4168027527489784,-0.3125794933974844,15423754.310337406
7413040002,7413040002,0.3679313297130742,0.3262239545530681,0.30228495697438273,-0.3167948680096397,16586364.84984582
7413040003,7413040003,0.3943352157294955,0.4625965961968456,0.5372247889450674,-0.18942420506059887,9969748.37329713
7413040004,7413040004,0.3131838236769584,0.4340385883180556,-0.18485431718168777,-0.21609709452127895,9831298.470557319
7413040005,7413040005,0.2907953895903441,0.4781846612728061,-0.3840649537949732,-0.17486511051725084,4864352.265282169
7413050001,7413050001,0.4104059336136798,0.3489253707406828,0.6802208523658213,-0.2955919757370714,11419865.425602209
7413050004,7413050004,0.1444519639015197,0.2949425677752353,-1.686217970966906,-0.3460113657164561,1178381.627898104
7413050005,7413050005,0.5061823725700378,0.4138522044533775,1.5324325480670862,-0.23495097213482583,208168.43487808132
7413050006,7413050006,0.2056699395179748,0.3968226408377759,-1.141504935318648,-0.25085641168125566,345418.66694190557
7413060008,7413060008,0.3607969977038954,0.3549100617845523,0.2388041965129451,-0.2900023350539056,16342460.769473447
7413060009,7413060009,0.2338382647587703,0.3978276439017165,-0.8908652531577622,-0.24991774902152436,6055394.296140733
7413060010,7413060010,0.4929863611857096,0.4803046865826124,1.4150154112339255,-0.17288502839869718,4455539.550307439
7413060011,7413060011,0.3058724781823537,0.6499624504409892,-0.24991013059164394,-0.014426399185223468,2719898.2986574317
7413060012,7413060012,0.2913318068216862,0.3625902955065251,-0.3792919528011306,-0.2828290747211878,16656124.781665562
7413060013,7413060013,0.2884516155018526,0.3299960319184182,-0.4049196829126864,-0.31327178604152234,38034280.90035235
7413060015,7413060015,0.290572272406684,0.5208952090641622,-0.38605023405282174,-0.13497389244352706,3228728.108633466
7413070001,7413070001,0.2878429055713641,0.3940915638364656,-0.41033593901600823,-0.25340720987676485,12086647.424576063
7413070002,7413070002,0.3374569118848468,0.4394955544009354,0.03112583291531799,-0.21100034359463482,6760378.942712874
7413070003,7413070003,0.3088600372030001,0.4154382655028963,-0.22332705059059257,-0.23346960721500154,11924355.56582275
7413070004,7413070004,0.4744537472724914,0.4259325640836694,1.2501135783733701,-0.22366803887030534,5724079.57541459
7413070014,7413070014,0.2966143410160856,0.3411793628049467,-0.3322883528295306,-0.3028266685177568,11833807.48649921
7413070015,7413070015,0.2588978012402852,0.3692380195360162,-0.667887344278411,-0.2766201679600333,5687995.809580079
7413070016,7413070016,0.413600116305881,0.3159221123622887,0.7086424545694783,-0.32641668403974544,6723801.231674523
7413070017,7413070017,0.4095706993425396,0.3193581592840666,0.6727889993728267,-0.32320745109481164,17187502.980058353
7413070018,7413070018,0.2662866115570068,0.3261296920795084,-0.6021422545899384,-0.31688290820306697,6658315.204603411
7413080002,7413080002,0.3238132433457808,0.3780315440930031,-0.09027452429112966,-0.2684071052886525,19258446.815109134
7413080003,7413080003,0.4123189846674601,0.3617421531435366,0.6972430396623035,-0.2836212310785545,12273438.684369726
7413080007,7413080007,0.196664422750473,0.3789499788134394,-1.2216353598648761,-0.26754929658298154,4746223.857233082
7413080008,7413080008,0.4134842157363891,0.3831679937425354,0.707611179843296,-0.26360971345712786,3147727.9682008624
7413090001,7413090001,0.3953495025634765,0.2976965845097294,0.5462498384471512,-0.34343914204301906,16747427.841479074
7413090002,7413090002,0.4139499957744892,0.335529362565669,0.7117556562971967,-0.30810371138694786,12947757.464472655
7413090003,7413090003,0.30653739725995,0.3057012330222111,-0.2439937296396241,-0.33596288158916604,24525113.74860513
7413090004,7413090004,0.429684011327487,0.3001940289592252,0.8517557671879369,-0.34110655427925335,59413114.2939967
7413090005,7413090005,0.4677991025588092,0.4240703222814621,1.1909010401172682,-0.22540735380957408,3543556.546284742
7413090006,7413090006,0.4295762863307901,0.3487089735004049,0.8507972381059951,-0.2957940885627988,12849404.683616128
7413090007,7413090007,0.3660096369291606,0.3437921421524081,0.285185876200017,-0.3003863591300791,12409555.295884859
7413100014,7413100014,0.3393707635267725,0.495746044975777,0.04815514378611936,-0.1584629564078313,16376145.940618725
7413100016,7413100016,0.1548793464899063,0.5023127094717152,-1.59343588912918,-0.15232975842816346,5402190.178249915
7413100017,7413100017,0.2926762998104095,0.5841288588805841,-0.3673287532683056,-0.07591430541254839,2551589.550680059
7413100018,7413100018,0.262156069278717,0.3025465442698561,-0.6388955153866893,-0.33890932885998243,12421257.44278471
7413100020,7413100020,0.4035449028015136,0.3903059490533665,0.6191719058147908,-0.25694293565563864,5588724.767023157
7413100021,7413100021,0.200751781463623,0.4463896113618904,-1.1852663432483772,-0.2045613643760684,3856795.5276858066
7413110002,7413110002,0.2851670995935217,0.306667059750344,-0.4341450634164646,-0.33506080922939224,22235613.185554344
7413110003,7413110003,0.3964196159726098,0.3076918233662678,0.5557716287008656,-0.33410369041470195,25904585.058227286
7413110004,7413110004,0.198482050479037,0.3358802586837626,-1.2054622422840588,-0.3077759779746658,4689580.770955013
7413110005,7413110005,0.2647605472140842,0.3328123034137871,-0.6157210626517404,-0.31064141705338894,11322252.4414419
7414010001,7414010001,0.2820706665515899,0.3148128300782891,-0.4616968964355701,-0.3274527424324524,31435824.744011328
7414010003,7414010003,0.1059534788131713,0.4572016737611741,-2.0287746541822957,-0.19446300785056808,9821174.404178826
7414010004,7414010004,0.1383633380982934,0.3987964000647583,-1.7403941146698716,-0.24901294059928292,10509732.092225
7414010005,7414010005,0.1840013335732852,0.4793887674053078,-1.3343105941719788,-0.173740487612619,11906337.007214673
7414020001,7414020001,0.339058518409729,0.358237013034105,0.04537680974520444,-0.28689499635937793,7477662.139265802
7414020002,7414020002,0.2933611869812011,0.3252934072774404,-0.36123467769455897,-0.3176639897189025,11996161.238115443
7414020003,7414020003,0.1585279007752736,0.3412217902333447,-1.5609713219739134,-0.3027870417303225,9683116.86237252
7414020010,7414020010,0.0778066515922546,0.703895001004132,-2.2792230485465717,0.03594605556053093,5162301.458833268
7414020011,7414020011,0.3102746605873108,1.3213719194341496,-0.2107398359660082,0.6126632292411708,4484156.523592154
7414020013,7414020013,0.2307521275111607,0.3934982326498245,-0.9183254749577252,-0.25396137518206285,5897254.118231932
7414020014,7414020014,0.211723442364456,0.3378923937352774,-1.0876413130964553,-0.30589666426214057,10421915.659856746
7414020028,7414020028,0.1727696418762207,0.3064313663524921,-1.4342493591861036,-0.33528094447041457,22304643.933177855
7414020029,7414020029,0.1733499368031819,0.3666866724337331,-1.4290859376901575,-0.2790031002543256,24548646.723714095
7414020030,7414020030,0.4307852752448976,0.3133967139911785,0.861554732368703,-0.3287753804825331,11643718.273474662
7414020033,7414020033,0.2296330498867347,0.3248571470400193,-0.9282829451907539,-0.31807145235208795,7923929.144539116
7414030009,7414030009,0.1979442983865738,0.5186132662369836,-1.2102471207737862,-0.13710520387964908,13658082.93883982
7414030016,7414030016,0.224556565284729,0.4636680335612423,-0.9734531310738179,-0.1884234934386296,6196871.67446702
7414030026,7414030026,0.3030739678276909,0.3205506223697308,-0.27481106949449285,-0.32209370267773507,43765837.453088045
7414040001,7414040001,0.3457867882468484,0.4246025820916684,0.10524445892393328,-0.2249102285499183,9875364.759694433
7414040002,7414040002,0.2769591510295868,0.3480848328442097,-0.5071787848632087,-0.2963770295999072,13204747.56068305
7414040005,7414040005,0.2034042626619339,0.569208108698833,-1.1616647610172997,-0.0898501346187532,4973061.515716208
7414040006,7414040006,0.2177066057920456,0.3379857585929459,-1.034403565839979,-0.3058094624328438,7541704.542123537
7414040008,7414040008,0.3928080967494419,0.3159265276973143,0.5236365967997939,-0.3264125601616525,15810854.544807186
7414050001,7414050001,0.1654670238494873,0.4510713050098603,-1.4992275162301014,-0.20018871003368294,9448617.720103884
7414050002,7414050002,0.28779403368632,0.3681278143500931,-0.41077079744757433,-0.27765708833376823,17662466.41857982
7414050003,7414050003,0.257499486207962,0.4262940873155346,-0.6803294483888359,-0.22333037984163867,18970679.22336483
7414050006,7414050006,0.1703822314739227,0.4976594607156512,-1.4554923610083401,-0.1566758455302587,12941831.442136757
7414050007,7414050007,0.4495479166507721,0.6450795795012338,1.0285033329073072,-0.018986951075945203,8725573.131068746
7414050010,7414050010,0.2522125447050054,0.4860136190357251,-0.727372264267186,-0.16755294344001706,3882299.6019854634
7414050012,7414050012,0.162944753964742,0.3251381856924176,-1.5216704877888423,-0.31780896510362805,23781144.41220101
7414050014,7414050014,0.3120324178175492,0.4438731640757895,-0.19509944166720564,-0.2069117005963217,16916283.79340512
7414050015,7414050015,0.3305966695149739,0.4158310040964105,-0.029916098134290265,-0.23310279335542813,7760231.042196504
7414060001,7414060001,0.3368812799453735,0.4974634937620201,0.026003902338405667,-0.15685887667565002,2420781.459158608
7414060002,7414060002,0.3076135847303602,0.4488343041630088,-0.23441789283628822,-0.20227804611639455,7365991.362173505
7414060008,7414060008,0.2455256730318069,0.364668165697687,-0.7868715556341364,-0.28088836505552284,5117528.06321612
7414060010,7414060010,0.23905910551548,0.4958625696026075,-0.8444105968482993,-0.15835412358923667,15858662.72744065
7414060011,7414060011,0.1256001710891723,1.0158542137793938,-1.8539598341503982,0.3273127935316068,5591404.952602723
7414060013,7414060013,0.2224137277314157,0.6255103905931623,-0.9925199417092977,-0.03726437486529235,13130360.271203104
7414060014,7414060014,0.3377241194248199,0.3574557320468081,0.03350342591445229,-0.28762470487057207,8086309.234972723
7414060017,7414060017,0.3713037967681885,0.6034428896521745,0.33229292030078295,-0.05787519673251282,3771963.81320771
7414070003,7414070003,0.2090588808059692,0.5556871246141049,-1.1113503854821298,-0.10247859649964712,3283610.389439507
7414070006,7414070006,0.0808216452598571,0.9271582195250362,-2.252395857078669,0.24447163526900073,1305363.1736568927
7415020012,7415020012,0.3144051577593829,0.3512863157435121,-0.1739869765210585,-0.2933868770708587,7105124.056457894
7415030007,7415030007,0.588935375213623,0.371020013259938,2.2687626672041725,-0.2749558039112688,7759154.728872967
7415030010,7415030010,0.3045535087585449,0.409927027409262,-0.26164622332478865,-0.2386170476487642,12012077.398434162
7415030020,7415030020,0.1056679884592692,0.3279512653891474,-2.0313149263124397,-0.31518157722302304,19192354.409811214
7415030021,7415030021,0.5016001292637416,0.3684237276382801,1.4916600848107122,-0.2773807083264772,47785965.14099742
7415030022,7415030022,0.3274074196815491,0.4076503970392501,-0.05829380812407609,-0.24074339730382033,18240997.455565505
7415030023,7415030023,0.5077044980745788,0.3382387963981179,1.5459763086352372,-0.305573127691451,49160387.72084105
7415040012,7415040012,0.5185141336350214,0.3749500553385719,1.6421596492486326,-0.27128518450447614,41110677.71435065
7415040020,7415040020,0.1693123877048492,0.4246607646142496,-1.4650117520246735,-0.22485588666444997,6854083.919397133
7415060010,7415060010,0.4144273400306701,0.3885535872559336,0.7160030303113689,-0.2585796237858622,3321612.323525397
7415070001,7415070001,0.3174018263816833,0.5014165222337794,-0.14732283995581114,-0.15316678821101776,1343164.571359855
7415070003,7415070003,0.3660732507705688,0.6754387707734962,0.28575190747291956,0.009368225390061404,1629183.3797053245
7415070008,7415070008,0.285684517451695,0.4966984391807321,-0.4295411174449414,-0.15757342988834933,1975286.147519789
